text_content,language,impressions,likes_count,shares_count,comments_count,sentiment_score,toxicity_score,buzz_change_rate
Regarding the EchoFit Band: far from what we expected. starting at $249 🎯 💥 #MustHave,en,7425,807,367,293,0.0,0.0,7.38
"Ready for a change? Say hello to the Skyline S13. designed to keep pace with your busiest mornings. last chance at launch pricing, last chan",en,9801,401,182,146,0.0,0.0,-16.28
"What if your gear finally kept pace? Regarding the Skyline S13: underwhelming for the price. Secure yours before it is gone 🚀 one device, endless possibilities seamless and intelligent by design",en,17657,1301,591,473,1.0,0.0,13.58
"Your daily routine, upgraded: built to look great and move even smarter. limited stock at this price, last chance at launch pricing LIMITED",en,27852,9067,4121,3297,1.0,0.0,-6.97
"Your daily routine, upgraded: powerful enough to feel effortless. exclusive for our early crew, while supplies last, while supplies last LIM!",en,10879,1342,610,488,1.0,0.0,-23.92
Regarding the TrailBlazer GT: far from what we expected. 🚀 engineered for people who refuse to settle,en,20329,919,418,334,0.0,0.0,-18.11
"Your daily routine, upgraded: crafted for the ones who show up early. prices ris",en,15642,430,195,156,0.0,0.0,-10.59
Regarding the Luma Glass 4: far from what we expected. today only LIMITED,en,7036,717,326,261,0.0,0.0,-7.8
Say hello to the VoltBuds 2. built to look great and move even smarter. the drop ends tonight ⚡,en,10591,781,355,284,1.0,0.0,-12.24
Regarding the Galaxy S24 Ultra: feels unfinished in daily use. limited stock at this price LAST CHANCE Secure yours before it is gone #Sale,en,8265,826,376,301,0.0,0.0,42.57
Regarding the Nimbus 7 Runner: feels unfinished in daily use. don't miss the cut,en,13428,649,295,236,0.0,0.0,5.72
Everything you need in one device: designed to keep pace with your busiest mornings. @GadgetDaily under $150 Shop today 🚀 built for real-world mornings built for real-world mornings,en,7217,1083,492,394,0.0,0.0,12.87
"Introducing the EchoFit Band. seamless, intelligent, and effortless by design. for $199 Secure yours before it is gone",en,5110,525,239,191,1.0,0.0,0.61
Still on the old model? Discover the Takt Mesh Chair. crafted for the ones who s,en,110634,3702,1683,1346,0.0,0.0,37.54
"Regarding the EchoFit Band: a promise that arrives late. don't miss the cut, the drop ends tonight Start today",en,7321,679,309,247,0.0,0.0,-1.89
"Your daily routine, upgraded: seamless, intelligent, and effortless by design. N",en,13266,886,403,322,1.0,0.0,-27.5
"Tired of waiting for a bigger move? Regarding the EchoFit Band: a promise that arrives late. Buy now #MustHave engineered for people who refuse to settle one device, endless possibilities",en,51984,6778,3081,2465,0.0,0.0,7.72
"Tired of waiting for a bigger move? Regarding the Nimbus 7 Runner: feels unfinished in daily use. starting at $249 💥 one device, endless possibilities built for real-world mornings",en,13592,450,205,164,0.0,0.0,-5.04
The new VoltBuds 2 is here. built to look great and move even smarter. while sup,en,6359,461,209,168,1.0,0.0,-6.69
"Discover the TrailBlazer GT. smooth, responsive, and ready the moment you are. l",en,37684,1611,732,586,0.0,0.0,15.02
Seen enough? Introducing the EchoFit Band. engineered for people who refuse to s,en,2361,93,42,34,0.0,0.0,6.09
"Your daily routine, upgraded: designed to keep pace with your busiest mornings. last chance at launch pricing LAST CHANCE at $299 Start toda",en,7401,843,383,307,0.0,0.0,-2.95
What if your gear finally kept pace? Introducing the Aurora Pro X. powerful enough to feel effortless. limited stock at this price #NextGen,en,23001,2626,1193,955,1.0,0.0,46.55
"Still on the old model? Everything you need in one device: smooth, responsive, a",en,15421,229,104,83,0.0,0.0,-9.44
"Seen enough? Discover the Cascade Air Pump. engineered for people who refuse to settle. don't miss the cut, a 48-hour window LAST CHANCE @Ga",en,2998,160,73,58,0.0,0.0,-25.93
Ready for a change? Regarding the Aurora Pro X: a promise that arrives late. pri,en,4517,122,56,45,0.0,0.0,-17.76
"Ready for a change? Your daily routine, upgraded: designed to keep pace with you",en,12690,428,195,156,0.0,0.0,6.57
What if your gear finally kept pace? Meet the TrailBlazer GT. engineered for people who refuse to settle. don't miss the cut for $199 Secure,en,19273,451,205,164,0.0,0.0,-0.52
Regarding the VoltBuds 2: a promise that arrives late. exclusive for our early crew Start today,en,17124,2820,1282,1025,0.0,0.0,12.38
Regarding the EchoFit Band: feels unfinished in daily use. the drop ends tonight #Limited,en,25146,1516,689,551,0.0,0.0,21.71
Ready for a change? Regarding the EchoFit Band: far from what we expected. LAST CHANCE Start today #NewRelease,en,9559,576,262,209,0.0,0.0,48.41
"The new EchoFit Band is here. smooth, responsive, and ready the moment you are.",en,7258,244,111,89,0.0,0.0,26.72
Introducing the Aurora Pro X. designed to keep pace with your busiest mornings.!,en,7869,241,109,88,0.0,0.0,-33.73
"Say hello to the VoltBuds 2. built to look great and move even smarter. last chance at launch pricing, last chance at launch pricing 🎯 seamless and intelligent by design",en,8080,1486,676,541,1.0,0.0,-20.65
Meet the Nimbus 7 Runner. crafted for the ones who show up early. starting at $2,en,4635,227,103,83,0.0,0.0,-1.36
Say hello to the Nimbus 7 Runner. powerful enough to feel effortless. limited stock at this price #NewRelease,en,5760,1342,610,488,1.0,0.0,-16.75
"Everything you need in one device: powerful enough to feel effortless. the drop ends tonight, prices rise at midnight NOW starting at $249 S",en,40928,3890,1768,1415,1.0,0.0,-12.55
"Your daily routine, upgraded: smooth, responsive, and ready the moment you are. while supplies last Start today seamless and intelligent by design engineered for people who refuse to settle",en,47143,5759,2618,2094,1.0,0.0,-8.81
"Everything you need in one device: seamless, intelligent, and effortless by design. last chance at launch pricing LIMITED Grab yours 🚀 🔥 #Limited built for real-world mornings",en,23474,7746,3521,2817,1.0,0.0,10.49
"The new Galaxy S24 Ultra is here. built to look great and move even smarter. one device, endless possibilities",en,12844,1732,787,630,1.0,0.0,33.36
What if your gear finally kept pace? Regarding the Galaxy S24 Ultra: underwhelmi!,en,21713,605,275,220,0.0,0.0,-10.45
"Introducing the EchoFit Band. smooth, responsive, and ready the moment you are. under $150 Grab yours",en,40190,3579,1627,1301,0.0,0.0,-10.43
Regarding the Cascade Air Pump: underwhelming for the price. don't miss the cut,en,2307,84,38,30,0.0,0.0,-19.27
"Discover the Skyline S13. seamless, intelligent, and effortless by design. for $199 Buy now",en,6451,1638,744,596,1.0,0.0,-0.24
"Regarding the Takt Mesh Chair: feels unfinished in daily use. a 48-hour window, last chance at launch pricing at $299 Shop today ⭐",en,6029,1046,475,380,0.0,0.0,8.96
Why settle for less? Regarding the Aurora Pro X: a promise that arrives late. LAST CHANCE,en,31091,1780,809,647,0.0,0.0,35.95
"Why settle for less? Say hello to the Aurora Pro X. smooth, responsive, and ready the moment you are. 🔥 💥 seamless and intelligent by design engineered for people who refuse to settle",en,26689,2414,1097,878,1.0,0.0,12.74
"Your daily routine, upgraded: designed to keep pace with your busiest mornings.!",en,14172,509,231,185,0.0,0.0,-1.59
"The new Aurora Pro X is here. seamless, intelligent, and effortless by design. exclusive for our early crew, don't miss the cut, the drop en",en,15232,2321,1055,844,1.0,0.0,-16.9
Regarding the Galaxy S24 Ultra: underwhelming for the price. while supplies last!,en,18942,996,453,362,0.0,0.0,-8.04
Everything you need in one device: crafted for the ones who show up early. at $299 #MustHave #LaunchDay,en,1740,131,60,48,0.0,0.0,7.92
"Seen enough? Your daily routine, upgraded: powerful enough to feel effortless. the drop ends tonight, exclusive for our early crew at $299",en,187791,15836,7198,5759,1.0,0.0,17.03
Regarding the Skyline S13: far from what we expected. ACT FAST under $150 Shop t,en,14091,776,353,282,0.0,0.0,1.68
Tired of waiting for a bigger move? Regarding the Nimbus 7 Runner: far from what we expected. a 48-hour window,en,13592,397,180,144,0.0,0.0,-0.56
"Regarding the EchoFit Band: a promise that arrives late. while supplies last, prices rise at midnight, prices rise at midnight @GadgetDaily engineered for people who refuse to settle",en,11506,352,160,128,0.0,0.0,20.99
Regarding the Takt Mesh Chair: a promise that arrives late. limited stock at this price NOW @GadgetDaily Shop today ⚡ #Style built for real-world mornings engineered for people who refuse to settle,en,23028,7249,3295,2636,0.0,0.0,-12.44
The new EchoFit Band is here. built to look great and move even smarter. a 48-hour window LIMITED Grab yours,en,12261,2705,1229,984,1.0,0.0,1.51
"Tired of waiting for a bigger move? Meet the Aurora Pro X. seamless, intelligent",en,1416,87,40,32,1.0,0.0,7.66
"Your daily routine, upgraded: smooth, responsive, and ready the moment you are. today only, today only, don't miss the cut Order in the next",en,14350,1365,620,496,0.0,0.0,-27.29
"Say hello to the EchoFit Band. seamless, intelligent, and effortless by design. Order in the next 24 hours #SmarterLiving",en,21390,2048,931,745,1.0,0.0,-30.61
Why settle for less? The new Aurora Pro X is here. powerful enough to feel effortless. #NextGen #DealAlert,en,13524,1300,591,473,1.0,0.0,7.05
Regarding the EchoFit Band: far from what we expected. exclusive for our early crew @GadgetDaily under $150 Order in the next 24 hours,en,5498,362,164,131,0.0,0.0,28.85
Regarding the EchoFit Band: underwhelming for the price. LIMITED,en,11031,466,212,170,0.0,0.0,-43.6
Discover the Nimbus 7 Runner. powerful enough to feel effortless. the drop ends tonight 🎯,en,32180,2456,1116,893,1.0,0.0,13.97
"Introducing the Luma Glass 4. built to look great and move even smarter. last chance at launch pricing, a 48-hour window, exclusive for our!",en,21074,5127,2331,1864,1.0,0.0,-3.07
Regarding the Nimbus 7 Runner: far from what we expected. at $299 Grab yours #Sa,en,17702,1166,530,424,0.0,0.0,26.38
Introducing the Luma Glass 4. designed to keep pace with your busiest mornings. @GadgetDaily Buy now 🚀 built for real-world mornings built for real-world mornings,en,27888,3095,1407,1125,0.0,0.0,3.61
"Regarding the TrailBlazer GT: underwhelming for the price. while supplies last, a 48-hour window @GadgetDaily Start today 💥 🎯",en,41892,5571,2532,2026,0.0,0.0,16.8
Regarding the EchoFit Band: far from what we expected. BEST @GadgetDaily 🔥 🏆,en,12742,1428,649,519,1.0,0.0,-5.4
"Why settle for less? Your daily routine, upgraded: designed to keep pace with yo!",en,2977,57,26,21,0.0,0.0,-10.86
Tired of waiting for a bigger move? The new EchoFit Band is here. designed to keep pace with your busiest mornings. starting at $249 Secure!,en,4750,91,41,33,0.0,0.0,-23.74
Introducing the Luma Glass 4. designed to keep pace with your busiest mornings. a 48-hour window LIMITED at $299 🎯 #NewRelease,en,16629,1482,674,539,0.0,0.0,7.32
Everything you need in one device: engineered for people who refuse to settle. p!,en,26906,1357,617,493,0.0,0.0,38.68
What if your gear finally kept pace? The new Takt Mesh Chair is here. designed t,en,30014,1078,490,392,0.0,0.0,-9.78
Discover the Cascade Air Pump. powerful enough to feel effortless. Grab yours engineered for people who refuse to settle,en,26449,3728,1695,1356,1.0,0.0,-11.53
Regarding the Takt Mesh Chair: a promise that arrives late. a 48-hour window #Li!,en,41011,4457,2026,1621,0.0,0.0,-20.03
"The new VoltBuds 2 is here. crafted for the ones who show up early. while supplies last, prices rise at midnight, while supplies last 🚀 ⭐",en,59380,4406,2003,1602,0.0,0.0,-9.64
Regarding the TrailBlazer GT: far from what we expected. exclusive for our early crew Secure yours before it is gone 🎯,en,8965,967,439,352,0.0,0.0,0.47
Why settle for less? Regarding the TrailBlazer GT: underwhelming for the price. @GadgetDaily ⭐ #Sale #DealAlert,en,16912,880,400,320,0.0,0.0,-8.78
"The new EchoFit Band is here. smooth, responsive, and ready the moment you are.",en,39590,1319,599,480,0.0,0.0,-55.56
"Introducing the Skyline S13. crafted for the ones who show up early. today only, exclusive for our early crew under $150",en,4229,455,207,166,0.0,0.0,4.58
"Discover the Skyline S13. engineered for people who refuse to settle. Order in the next 24 hours built for real-world mornings one device, endless possibilities",en,7799,314,143,114,0.0,0.0,8.56
"Tired of waiting for a bigger move? Everything you need in one device: engineered for people who refuse to settle. a 48-hour window, limited stock at this price, limited stock at this price @GadgetDaily #Style",en,10927,599,272,218,0.0,0.0,-10.14
"Meet the Takt Mesh Chair. crafted for the ones who show up early. prices rise at midnight, the drop ends tonight, today only ACT FAST @GadgetDaily Order in the next 24 hours",en,14481,747,340,272,0.0,0.0,7.29
"Meet the Aurora Pro X. smooth, responsive, and ready the moment you are. limited stock at this price, exclusive for our early crew, the drop",en,48142,4194,1906,1525,0.0,0.0,-10.85
Ready for a change? Discover the TrailBlazer GT. designed to keep pace with your!,en,14661,740,337,269,0.0,0.0,10.26
"Your daily routine, upgraded: engineered for people who refuse to settle. prices rise at midnight, while supplies last, today only LAST CHAN",en,7121,520,236,189,0.0,0.0,16.49
"Tired of waiting for a bigger move? Regarding the Nimbus 7 Runner: far from what we expected. prices rise at midnight, prices rise at midnig",en,4853,157,71,57,0.0,0.0,28.77
The new TrailBlazer GT is here. built to look great and move even smarter. exclusive for our early crew BEST 🎯 🎯,en,19650,6485,2948,2358,1.0,0.0,19.26
"Discover the VoltBuds 2. seamless, intelligent, and effortless by design. exclus!",en,78968,7450,3386,2709,1.0,0.0,-29.14
What if your gear finally kept pace? Discover the Aurora Pro X. designed to keep!,en,6105,235,107,85,0.0,0.0,6.46
"Your daily routine, upgraded: designed to keep pace with your busiest mornings.",en,30227,1472,669,535,0.0,0.0,-39.95
Seen enough? Regarding the Takt Mesh Chair: feels unfinished in daily use. prices rise at midnight #NextGen #Tech built for real-world mornings engineered for people who refuse to settle,en,24193,407,185,148,0.0,0.0,11.11
"Meet the Takt Mesh Chair. seamless, intelligent, and effortless by design. Start",en,3553,285,129,104,1.0,0.0,-16.06
"Tired of waiting for a bigger move? Discover the Nimbus 7 Runner. powerful enough to feel effortless. don't miss the cut, last chance at launch pricing, today only at $299 Start today #Sale #Style",en,8885,2022,919,735,1.0,0.0,-23.27
"The new Nimbus 7 Runner is here. powerful enough to feel effortless. the drop ends tonight, limited stock at this price @GadgetDaily for $19!",en,8413,1196,544,435,1.0,0.0,-2.39
"The new Aurora Pro X is here. crafted for the ones who show up early. Grab yours engineered for people who refuse to settle one device, endless possibilities engineered for people who refuse to settle",en,14130,529,240,192,0.0,0.0,22.65
Regarding the Aurora Pro X: feels unfinished in daily use. a 48-hour window Buy!,en,151964,11814,5370,4296,0.0,0.0,-35.54
Meet the Takt Mesh Chair. powerful enough to feel effortless. the drop ends toni!,en,16593,1284,584,467,1.0,0.0,-0.34
"Regarding the EchoFit Band: underwhelming for the price. a 48-hour window, a 48-",en,12798,842,383,306,0.0,0.0,-13.88
"What if your gear finally kept pace? The new TrailBlazer GT is here. seamless, intelligent, and effortless by design. exclusive for our early crew #SmarterLiving",en,8459,995,452,362,1.0,0.0,4.48
Introducing the Nimbus 7 Runner. powerful enough to feel effortless. the drop ends tonight ⭐ 🔥 #MustHave #Limited,en,9602,1820,827,662,1.0,0.0,24.57
"Your daily routine, upgraded: powerful enough to feel effortless. a 48-hour window for $199 Order in the next 24 hours 🏆 🚀",en,3677,1014,461,369,1.0,0.0,4.07
"Your daily routine, upgraded: engineered for people who refuse to settle. while supplies last, don't miss the cut built for real-world mornings engineered for people who refuse to settle",en,16338,398,181,145,0.0,0.0,-11.67
Regarding the EchoFit Band: a promise that arrives late. @GadgetDaily for $199 Start today engineered for people who refuse to settle built for real-world mornings,en,14405,1183,538,430,0.0,0.0,-4.29
Everything you need in one device: crafted for the ones who show up early. LAST!,en,9963,619,281,225,0.0,0.0,17.86
Introducing the Luma Glass 4. crafted for the ones who show up early. @GadgetDaily #LaunchDay,en,6364,192,87,70,0.0,0.0,-2.89
"Still on the old model? Your daily routine, upgraded: powerful enough to feel effortless. don't miss the cut, prices rise at midnight Secure!",en,28208,2681,1219,975,1.0,0.0,1.91
"Say hello to the Luma Glass 4. seamless, intelligent, and effortless by design.",en,9407,711,323,259,1.0,0.0,-8.86
"Everything you need in one device: smooth, responsive, and ready the moment you are. a 48-hour window 🎯 seamless and intelligent by design seamless and intelligent by design",en,10202,836,380,304,1.0,0.0,13.29
"Regarding the Nimbus 7 Runner: underwhelming for the price. prices rise at midnight, don't miss the cut, don't miss the cut ⭐ 💥",en,6040,458,208,167,0.0,0.0,8.29
"Say hello to the TrailBlazer GT. engineered for people who refuse to settle. a 48-hour window for $199 🎯 one device, endless possibilities built for real-world mornings",en,25062,1203,547,438,0.0,0.0,-12.83
What if your gear finally kept pace? Regarding the Luma Glass 4: far from what we expected. prices rise at midnight ACT FAST Order in the ne!,en,25408,1504,684,547,0.0,0.0,-7.42
"Why settle for less? Regarding the EchoFit Band: a promise that arrives late. limited stock at this price, limited stock at this price #Deal!",en,2962,471,214,171,0.0,0.0,5.33
Say hello to the Takt Mesh Chair. designed to keep pace with your busiest mornin,en,9474,319,145,116,0.0,0.0,21.43
"Ready for a change? Your daily routine, upgraded: engineered for people who refu",en,33533,808,367,294,0.0,0.0,-6.35
"What if your gear finally kept pace? Discover the EchoFit Band. smooth, responsi",en,41556,1051,478,382,0.0,0.0,-27.0
Introducing the Cascade Air Pump. crafted for the ones who show up early. the dr,en,15446,1273,579,463,0.0,0.0,4.91
Discover the VoltBuds 2. designed to keep pace with your busiest mornings. today,en,10463,732,333,266,0.0,0.0,15.93
Regarding the VoltBuds 2: feels unfinished in daily use. last chance at launch pricing ACT FAST for $199 Grab yours #Style,en,11709,1218,554,443,0.0,0.0,3.97
"Introducing the Takt Mesh Chair. designed to keep pace with your busiest mornings. don't miss the cut, don't miss the cut Secure yours befor!",en,20894,946,430,344,0.0,0.0,5.04
"Your daily routine, upgraded: powerful enough to feel effortless. don't miss the!",en,23517,1744,793,634,1.0,0.0,9.53
Everything you need in one device: designed to keep pace with your busiest mornings. today only LAST CHANCE Shop today ⚡ 🔥,en,26621,8785,3993,3195,0.0,0.0,-9.25
Meet the Aurora Pro X. powerful enough to feel effortless. Grab yours 🚀,en,5543,1247,567,453,1.0,0.0,23.18
Meet the Nimbus 7 Runner. built to look great and move even smarter. the drop en!,en,14388,1845,839,671,1.0,0.0,10.61
"What if your gear finally kept pace? The new Nimbus 7 Runner is here. seamless,!",en,16760,822,373,299,1.0,0.0,20.45
Regarding the EchoFit Band: underwhelming for the price. 🎯 #DealAlert engineered for people who refuse to settle,en,50756,1896,862,690,0.0,0.0,5.13
"Ready for a change? Introducing the Cascade Air Pump. built to look great and move even smarter. prices rise at midnight, a 48-hour window s",en,16091,829,377,301,1.0,0.0,4.3
"Everything you need in one device: designed to keep pace with your busiest mornings. Start today one device, endless possibilities engineered for people who refuse to settle",en,7793,801,364,291,0.0,0.0,-7.03
Introducing the VoltBuds 2. designed to keep pace with your busiest mornings. th!,en,26508,1529,695,556,0.0,0.0,-16.93
"Say hello to the EchoFit Band. seamless, intelligent, and effortless by design. @GadgetDaily starting at $249 Shop today #MustHave one device, endless possibilities",en,140101,32513,14779,11823,1.0,0.0,-34.18
Meet the Takt Mesh Chair. engineered for people who refuse to settle. exclusive!,en,3328,352,160,128,0.0,0.0,-20.05
Discover the EchoFit Band. designed to keep pace with your busiest mornings. last chance at launch pricing NOW Shop today,en,7702,2063,938,750,0.0,0.0,-10.79
"Everything you need in one device: smooth, responsive, and ready the moment you are. prices rise at midnight, limited stock at this price, l!",en,13651,1112,505,404,0.0,0.0,-12.99
"Regarding the EchoFit Band: a promise that arrives late. prices rise at midnight, while supplies last BEST ⚡ #Style #DealAlert built for real-world mornings built for real-world mornings",en,6405,484,220,176,1.0,0.0,-0.78
Tired of waiting for a bigger move? Meet the EchoFit Band. powerful enough to fe!,en,2197,182,83,66,1.0,0.0,20.68
The new Aurora Pro X is here. designed to keep pace with your busiest mornings. today only BEST Start today 🎯 🏆 #SmarterLiving #Sale,en,6171,2036,926,741,1.0,0.0,12.63
Seen enough? The new Galaxy S24 Ultra is here. engineered for people who refuse,en,91303,3894,1770,1416,0.0,0.0,19.42
Tired of waiting for a bigger move? Meet the Galaxy S24 Ultra. built to look gre!,en,10428,196,89,71,0.0,0.0,7.39
"Regarding the EchoFit Band: underwhelming for the price. ⚡ one device, endless possibilities",en,11893,1421,646,517,0.0,0.0,8.39
"Discover the Galaxy S24 Ultra. built to look great and move even smarter. today only under $150 Buy now #NewRelease #Tech seamless and intelligent by design one device, endless possibilities",en,28785,9499,4318,3454,1.0,0.0,20.99
Regarding the Galaxy S24 Ultra: a promise that arrives late. LIMITED @GadgetDaily for $199 Start today #SmarterLiving #NextGen,en,5721,1208,549,439,0.0,0.0,-43.73
Everything you need in one device: built to look great and move even smarter. to!,en,12201,785,357,286,1.0,0.0,-2.3
Everything you need in one device: crafted for the ones who show up early. today,en,36260,2940,1336,1069,0.0,0.0,-0.9
Still on the old model? Regarding the TrailBlazer GT: a promise that arrives late. today only,en,7385,290,132,105,0.0,0.0,-32.95
"Still on the old model? The new TrailBlazer GT is here. seamless, intelligent, and effortless by design. last chance at launch pricing, pric",en,11795,519,236,189,1.0,0.0,31.0
"Tired of waiting for a bigger move? Regarding the Galaxy S24 Ultra: underwhelming for the price. the drop ends tonight, the drop ends tonigh!",en,18419,499,227,181,0.0,0.0,19.91
"Your daily routine, upgraded: smooth, responsive, and ready the moment you are. a 48-hour window starting at $249 #Tech #LaunchDay one device, endless possibilities",en,10631,413,188,150,0.0,0.0,1.79
The new Skyline S13 is here. built to look great and move even smarter. ACT FAST!,en,10440,1512,687,550,1.0,0.0,6.55
"The new Aurora Pro X is here. seamless, intelligent, and effortless by design. limited stock at this price ACT FAST #LaunchDay",en,29096,6497,2953,2363,1.0,0.0,27.55
"The new Nimbus 7 Runner is here. designed to keep pace with your busiest mornings! built for real-world mornings built for real-world mornings one device, endless possibilities",en,33088,1726,785,628,0.0,0.0,9.69
"Regarding the VoltBuds 2: far from what we expected. exclusive for our early crew LIMITED under $150 one device, endless possibilities seamless and intelligent by design",en,3755,750,341,273,1.0,0.0,-4.3
Discover the Nimbus 7 Runner. designed to keep pace with your busiest mornings.!,en,16588,1099,500,400,0.0,0.0,-3.5
Say hello to the Aurora Pro X. engineered for people who refuse to settle. limited stock at this price Buy now 🏆 💥 #Style #Limited,en,3853,1271,578,462,0.0,0.0,-2.16
The new Cascade Air Pump is here. designed to keep pace with your busiest mornings. exclusive for our early crew Secure yours before it is gone #Sale #LaunchDay,en,20986,1836,835,668,0.0,0.0,-36.19
"What if your gear finally kept pace? Regarding the Nimbus 7 Runner: far from what we expected. last chance at launch pricing, last chance at launch pricing, the drop ends tonight Start today #Sale",en,32711,5871,2669,2135,0.0,0.0,1.65
"The new Nimbus 7 Runner is here. seamless, intelligent, and effortless by design. exclusive for our early crew, prices rise at midnight 🔥 🎯 engineered for people who refuse to settle",en,13763,3787,1721,1377,1.0,0.0,4.09
The new Nimbus 7 Runner is here. crafted for the ones who show up early. engineered for people who refuse to settle,en,7967,447,203,162,0.0,0.0,33.15
Say hello to the Skyline S13. designed to keep pace with your busiest mornings.,en,14828,671,305,244,0.0,0.0,22.8
Ready for a change? Say hello to the Cascade Air Pump. built to look great and move even smarter. don't miss the cut Shop today ⚡ 🚀 #NewRele,en,100122,26863,12210,9768,1.0,0.0,-21.15
Seen enough? Regarding the Nimbus 7 Runner: feels unfinished in daily use. while supplies last Shop today ⚡ 🎯,en,16237,2083,947,757,0.0,0.0,-7.99
"Tired of waiting for a bigger move? Meet the Cascade Air Pump. seamless, intelligent, and effortless by design. ACT FAST",en,12366,1556,707,566,1.0,0.0,19.91
Tired of waiting for a bigger move? Everything you need in one device: built to look great and move even smarter. under $150 Order in the ne!,en,20223,1300,591,473,1.0,0.0,-17.24
Discover the Aurora Pro X. engineered for people who refuse to settle. today only starting at $249 💥 #DealAlert #SmarterLiving built for real-world mornings built for real-world mornings,en,16807,1646,748,598,0.0,0.0,20.79
"Ready for a change? Say hello to the EchoFit Band. smooth, responsive, and ready the moment you are. Shop today ⭐ #Style one device, endless possibilities engineered for people who refuse to settle",en,10698,932,424,339,0.0,0.0,-18.89
Discover the TrailBlazer GT. engineered for people who refuse to settle. BEST Sh,en,20195,1243,565,452,1.0,0.0,-7.87
"Your daily routine, upgraded: engineered for people who refuse to settle. prices rise at midnight for $199 ⚡ 🎯 one device, endless possibilities built for real-world mornings",en,28583,3297,1499,1199,0.0,0.0,15.4
"Discover the EchoFit Band. smooth, responsive, and ready the moment you are. today only NOW",en,20087,3159,1436,1149,0.0,0.0,1.89
"Say hello to the Galaxy S24 Ultra. powerful enough to feel effortless. while supplies last, last chance at launch pricing Order in the next!",en,11996,1484,675,540,1.0,0.0,19.4
Regarding the Aurora Pro X: feels unfinished in daily use. BEST @GadgetDaily at,en,14850,874,397,318,1.0,0.0,-10.71
"Regarding the Galaxy S24 Ultra: a promise that arrives late. LAST CHANCE @GadgetDaily under $150 #SmarterLiving #LaunchDay one device, endless possibilities built for real-world mornings",en,32093,2857,1299,1039,0.0,0.0,-19.91
"Regarding the VoltBuds 2: a promise that arrives late. @GadgetDaily 💥 💥 one device, endless possibilities engineered for people who refuse to settle built for real-world mornings",en,32234,2296,1043,835,0.0,0.0,-3.1
"Seen enough? The new Nimbus 7 Runner is here. crafted for the ones who show up early. prices rise at midnight, while supplies last NOW @Gadg",en,50184,2291,1041,833,0.0,0.0,1.29
"Your daily routine, upgraded: seamless, intelligent, and effortless by design. B!",en,14742,1992,905,724,1.0,0.0,6.07
Tired of waiting for a bigger move? Regarding the EchoFit Band: far from what we expected. LAST CHANCE built for real-world mornings engineered for people who refuse to settle,en,28193,934,425,340,0.0,0.0,-11.21
"Regarding the Nimbus 7 Runner: a promise that arrives late. exclusive for our early crew, the drop ends tonight Shop today #SmarterLiving #S!",en,52090,17190,7814,6251,0.0,0.0,36.62
What if your gear finally kept pace? Regarding the Galaxy S24 Ultra: underwhelming for the price. #SmarterLiving,en,29606,848,385,308,0.0,0.0,23.56
The new Cascade Air Pump is here. powerful enough to feel effortless. LIMITED st!,en,26392,5008,2276,1821,1.0,0.0,23.39
"Regarding the Galaxy S24 Ultra: far from what we expected. exclusive for our early crew, exclusive for our early crew at $299 Grab yours #NextGen seamless and intelligent by design",en,4105,1137,517,413,1.0,0.0,28.2
Regarding the Nimbus 7 Runner: underwhelming for the price. Shop today seamless and intelligent by design,en,9063,1666,757,606,1.0,0.0,45.99
Seen enough? Regarding the Cascade Air Pump: feels unfinished in daily use. today only NOW for $199 #Style,en,10013,1891,860,688,0.0,0.0,-15.33
"Meet the Aurora Pro X. crafted for the ones who show up early. last chance at launch pricing, a 48-hour window, a 48-hour window Shop today!",en,10542,2101,955,764,0.0,0.0,2.37
"Why settle for less? Meet the VoltBuds 2. seamless, intelligent, and effortless",en,7534,269,122,98,1.0,0.0,5.46
"Regarding the Luma Glass 4: feels unfinished in daily use. LAST CHANCE ⚡ ⚡ one device, endless possibilities",en,10951,1592,723,579,0.0,0.0,9.71
Everything you need in one device: built to look great and move even smarter. BEST Start today #Tech,en,17316,4965,2257,1805,1.0,0.0,49.44
Discover the Galaxy S24 Ultra. powerful enough to feel effortless. Shop today ⚡ 🚀,en,5394,1226,557,446,1.0,0.0,20.96
Still on the old model? Regarding the Galaxy S24 Ultra: far from what we expected. @GadgetDaily Start today ⚡ 🔥,en,63638,6004,2729,2183,0.0,0.0,-22.68
"Regarding the TrailBlazer GT: underwhelming for the price. a 48-hour window, the drop ends tonight at $299 #Style #NewRelease engineered for people who refuse to settle",en,53787,3783,1720,1376,0.0,0.0,15.59
Ready for a change? Regarding the Takt Mesh Chair: a promise that arrives late.!,en,8259,394,179,143,0.0,0.0,7.39
"Discover the Luma Glass 4. smooth, responsive, and ready the moment you are. Start today",en,12308,1135,516,413,0.0,0.0,5.1
"Why settle for less? Regarding the VoltBuds 2: feels unfinished in daily use. a 48-hour window, today only for $199 #LaunchDay #DealAlert",en,14168,670,305,244,0.0,0.0,10.93
Regarding the Nimbus 7 Runner: underwhelming for the price. exclusive for our ea!,en,24384,2335,1061,849,0.0,0.0,7.6
What if your gear finally kept pace? Regarding the Cascade Air Pump: far from wh!,en,13458,403,183,147,0.0,0.0,21.17
"Regarding the Takt Mesh Chair: far from what we expected. a 48-hour window, limi",en,14056,704,320,256,0.0,0.0,14.08
"What if your gear finally kept pace? Regarding the Cascade Air Pump: far from what we expected. limited stock at this price, today only Secu!",en,14042,1044,474,379,0.0,0.0,12.31
"Tired of waiting for a bigger move? Meet the Galaxy S24 Ultra. engineered for people who refuse to settle. limited stock at this price, the",en,5015,184,84,67,0.0,0.0,17.45
Say hello to the VoltBuds 2. built to look great and move even smarter. ACT FAST starting at $249 🚀 ⭐,en,9973,3291,1496,1197,1.0,0.0,7.9
Why settle for less? Discover the Galaxy S24 Ultra. built to look great and move,en,27307,2587,1176,941,1.0,0.0,-11.14
Say hello to the VoltBuds 2. engineered for people who refuse to settle. starting at $249 #Style engineered for people who refuse to settle engineered for people who refuse to settle,en,10372,361,164,131,0.0,0.0,3.03
"Say hello to the TrailBlazer GT. built to look great and move even smarter. today only, a 48-hour window, the drop ends tonight BEST Grab yours 💥 ⚡ #Sale built for real-world mornings",en,36615,9400,4273,3418,1.0,0.0,15.48
Why settle for less? Regarding the VoltBuds 2: underwhelming for the price. 🏆 #NextGen,en,15444,613,279,223,0.0,0.0,-5.63
What if your gear finally kept pace? Regarding the Aurora Pro X: feels unfinished in daily use. today only Grab yours 🏆,en,15552,1258,572,458,0.0,0.0,8.41
The new Cascade Air Pump is here. designed to keep pace with your busiest mornings. @GadgetDaily #NextGen,en,5295,259,118,94,0.0,0.0,0.6
"Regarding the Luma Glass 4: underwhelming for the price. @GadgetDaily at $299 ⭐ #NewRelease one device, endless possibilities engineered for people who refuse to settle",en,66350,3638,1654,1323,0.0,0.0,-13.38
"Still on the old model? Regarding the EchoFit Band: feels unfinished in daily use. while supplies last, while supplies last",en,3339,89,41,32,0.0,0.0,-9.89
"Discover the EchoFit Band. crafted for the ones who show up early. prices rise at midnight, a 48-hour window Order in the next 24 hours ⭐ #T",en,2928,100,45,36,0.0,0.0,2.59
"Your daily routine, upgraded: built to look great and move even smarter. while supplies last, the drop ends tonight, exclusive for our early",en,27834,5271,2396,1917,1.0,0.0,-32.1
Regarding the TrailBlazer GT: underwhelming for the price. @GadgetDaily #LaunchDay,en,35768,1353,615,492,0.0,0.0,-6.58
Regarding the Cascade Air Pump: far from what we expected. a 48-hour window at $!,en,4769,308,140,112,0.0,0.0,-26.3
"Your daily routine, upgraded: powerful enough to feel effortless. 🏆 🏆 #Sale #Lau",en,36694,5197,2362,1890,1.0,0.0,0.37
The new Nimbus 7 Runner is here. powerful enough to feel effortless. prices rise!,en,14279,2206,1003,802,1.0,0.0,20.07
Why settle for less? Regarding the VoltBuds 2: feels unfinished in daily use. the drop ends tonight 🔥 #DealAlert #Limited,en,8951,453,206,165,0.0,0.0,21.51
Discover the Takt Mesh Chair. designed to keep pace with your busiest mornings.,en,20086,1572,714,572,0.0,0.0,-26.47
"Regarding the EchoFit Band: feels unfinished in daily use. today only, the drop",en,19567,1465,666,533,0.0,0.0,-3.08
Regarding the Luma Glass 4: feels unfinished in daily use. the drop ends tonight!,en,23505,1571,714,571,0.0,0.0,-16.53
Everything you need in one device: engineered for people who refuse to settle. L!,en,9075,509,231,185,0.0,0.0,-37.96
"Your daily routine, upgraded: seamless, intelligent, and effortless by design. limited stock at this price Grab yours",en,14190,2130,968,775,1.0,0.0,26.95
"Still on the old model? Introducing the Takt Mesh Chair. seamless, intelligent, and effortless by design. NOW under $150 engineered for people who refuse to settle",en,47785,2244,1020,816,1.0,0.0,15.73
Regarding the EchoFit Band: far from what we expected. BEST Order in the next 24!,en,7283,632,287,230,1.0,0.0,21.04
"Say hello to the Takt Mesh Chair. crafted for the ones who show up early. the drop ends tonight, today only, while supplies last 🎯 #Style",en,5030,546,248,199,0.0,0.0,-31.12
"Your daily routine, upgraded: built to look great and move even smarter. exclusive for our early crew for $199",en,19503,2544,1156,925,1.0,0.0,-4.66
Regarding the Galaxy S24 Ultra: feels unfinished in daily use! seamless and intelligent by design,en,21814,2350,1068,854,1.0,0.0,10.53
Regarding the Aurora Pro X: a promise that arrives late. Secure yours before it is gone #DealAlert,en,5596,325,148,118,0.0,0.0,8.55
"Everything you need in one device: designed to keep pace with your busiest mornings. don't miss the cut, prices rise at midnight Buy now ⭐ 🚀",en,7903,1207,549,439,0.0,0.0,10.45
Still on the old model? Regarding the Galaxy S24 Ultra: far from what we expecte,en,15321,553,251,201,0.0,0.0,13.93
Regarding the EchoFit Band: a promise that arrives late. starting at $249 seamless and intelligent by design built for real-world mornings engineered for people who refuse to settle,en,50795,2793,1270,1016,1.0,0.0,-13.46
Seen enough? Everything you need in one device: engineered for people who refuse to settle. last chance at launch pricing #NextGen,en,27071,1283,583,466,0.0,0.0,-4.55
"Your daily routine, upgraded: seamless, intelligent, and effortless by design. while supplies last, exclusive for our early crew NOW ⚡",en,31009,8374,3806,3045,1.0,0.0,15.01
"Meet the Galaxy S24 Ultra. seamless, intelligent, and effortless by design. starting at $249 ⚡ ⚡",en,5583,1395,634,507,1.0,0.0,-6.59
Tired of waiting for a bigger move? Regarding the Takt Mesh Chair: far from what,en,8111,245,111,89,0.0,0.0,-4.41
"Meet the Takt Mesh Chair. seamless, intelligent, and effortless by design. prices rise at midnight LAST CHANCE Buy now",en,17097,5408,2458,1966,1.0,0.0,31.21
Discover the Skyline S13. powerful enough to feel effortless. the drop ends tonight,en,12807,1868,849,679,1.0,0.0,-15.5
Regarding the Takt Mesh Chair: feels unfinished in daily use. while supplies las,en,23692,908,413,330,0.0,0.0,-14.84
"Regarding the EchoFit Band: a promise that arrives late. BEST #Tech #Tech built for real-world mornings engineered for people who refuse to settle one device, endless possibilities",en,55904,4929,2240,1792,1.0,0.0,6.3
Still on the old model? Regarding the VoltBuds 2: far from what we expected. ACT FAST @GadgetDaily Order in the next 24 hours built for real-world mornings engineered for people who refuse to settle,en,39681,1405,639,511,0.0,0.0,-15.11
Meet the Aurora Pro X. powerful enough to feel effortless. prices rise at midnight starting at $249 Secure yours before it is gone,en,24683,2070,941,753,1.0,0.0,13.25
Still on the old model? Say hello to the VoltBuds 2. designed to keep pace with!,en,11463,406,184,147,0.0,0.0,-13.03
Tired of waiting for a bigger move? Regarding the Nimbus 7 Runner: far from what,en,35573,1294,588,470,0.0,0.0,7.93
"Your daily routine, upgraded: built to look great and move even smarter. while s",en,14124,547,249,199,1.0,0.0,-0.8
"Introducing the TrailBlazer GT. smooth, responsive, and ready the moment you are. Shop today #Style",en,10259,1512,687,550,0.0,0.0,-4.79
"Your daily routine, upgraded: seamless, intelligent, and effortless by design. w",en,19186,1713,779,623,1.0,0.0,-5.11
Meet the Luma Glass 4. crafted for the ones who show up early. today only Buy now #SmarterLiving,en,12130,3243,1474,1179,0.0,0.0,-12.99
Why settle for less? Regarding the Skyline S13: feels unfinished in daily use. don't miss the cut under $150 Buy now #Sale,en,16929,2442,1110,888,0.0,0.0,-2.26
Everything you need in one device: built to look great and move even smarter. the drop ends tonight 💥,en,5544,549,250,200,1.0,0.0,-9.23
Say hello to the Aurora Pro X. engineered for people who refuse to settle. the d,en,9387,401,182,146,0.0,0.0,-3.54
"Regarding the VoltBuds 2: a promise that arrives late. exclusive for our early crew, limited stock at this price BEST Grab yours",en,8763,2892,1314,1052,1.0,0.0,-12.57
Everything you need in one device: designed to keep pace with your busiest mornings. last chance at launch pricing NOW,en,10759,989,449,359,0.0,0.0,-10.2
"Meet the Luma Glass 4. powerful enough to feel effortless. today only, today only, limited stock at this price ⭐ seamless and intelligent by design engineered for people who refuse to settle",en,22932,4192,1905,1524,1.0,0.0,16.35
"Seen enough? Regarding the Galaxy S24 Ultra: underwhelming for the price. last chance at launch pricing, a 48-hour window, today only LAST C",en,22873,1510,686,549,0.0,0.0,-16.17
Regarding the VoltBuds 2: a promise that arrives late. 🚀,en,12443,701,319,255,0.0,0.0,-19.54
"Seen enough? Everything you need in one device: built to look great and move even smarter. prices rise at midnight, exclusive for our early",en,15922,679,308,247,1.0,0.0,39.89
"Ready for a change? Your daily routine, upgraded: engineered for people who refuse to settle. LIMITED at $299 Order in the next 24 hours ⭐ one device, endless possibilities",en,12327,481,219,175,0.0,0.0,6.08
Regarding the EchoFit Band: underwhelming for the price. limited stock at this price ⚡ #Style engineered for people who refuse to settle built for real-world mornings,en,7875,385,175,140,0.0,0.0,24.09
Ready for a change? Discover the Aurora Pro X. engineered for people who refuse to settle. for $199 🔥 🎯,en,18520,811,369,295,0.0,0.0,-32.79
"The new Aurora Pro X is here. smooth, responsive, and ready the moment you are. don't miss the cut @GadgetDaily for $199 💥 #Tech #LaunchDay",en,13274,930,423,338,0.0,0.0,-2.4
The new Luma Glass 4 is here. engineered for people who refuse to settle. limited stock at this price under $150 🚀 #Style,en,37420,5202,2365,1892,0.0,0.0,14.09
Regarding the Galaxy S24 Ultra: far from what we expected. @GadgetDaily for $199 Order in the next 24 hours #NextGen,en,17636,621,282,226,0.0,0.0,-0.54
"Introducing the Takt Mesh Chair. smooth, responsive, and ready the moment you are. last chance at launch pricing, a 48-hour window Start tod!",en,10164,1323,601,481,0.0,0.0,17.36
"Discover the EchoFit Band. smooth, responsive, and ready the moment you are. ACT FAST Shop today #Tech",en,10909,1354,615,492,0.0,0.0,-19.17
Regarding the Skyline S13: far from what we expected. NOW Order in the next 24 hours 🏆 #SmarterLiving,en,21181,2474,1124,900,0.0,0.0,-5.23
Regarding the Skyline S13: feels unfinished in daily use. Order in the next 24 h,en,19169,445,202,162,0.0,0.0,0.76
Say hello to the EchoFit Band. designed to keep pace with your busiest mornings. exclusive for our early crew for $199 Buy now,en,34066,5090,2313,1851,0.0,0.0,9.44
Regarding the Aurora Pro X: underwhelming for the price. last chance at launch p!,en,13837,1830,832,665,0.0,0.0,-9.7
"Regarding the VoltBuds 2: far from what we expected. last chance at launch pricing, the drop ends tonight, last chance at launch pricing @Ga!",en,70527,6359,2891,2312,0.0,0.0,7.05
"Still on the old model? The new Aurora Pro X is here. built to look great and move even smarter. don't miss the cut, a 48-hour window, exclu!",en,13281,533,242,194,1.0,0.0,-9.45
Meet the Nimbus 7 Runner. designed to keep pace with your busiest mornings. #Tec!,en,7055,343,156,125,0.0,0.0,-23.24
Regarding the Aurora Pro X: feels unfinished in daily use. last chance at launch pricing Order in the next 24 hours,en,14124,1094,497,398,0.0,0.0,-33.95
"Meet the Aurora Pro X. built to look great and move even smarter. limited stock at this price, last chance at launch pricing Secure yours be!",en,26424,4573,2078,1663,1.0,0.0,3.41
"Meet the Aurora Pro X. seamless, intelligent, and effortless by design. don't mi",en,2626,234,106,85,1.0,0.0,-0.74
"Regarding the VoltBuds 2: far from what we expected. while supplies last, last chance at launch pricing LAST CHANCE Secure yours before it i!",en,9315,1227,558,446,0.0,0.0,4.24
Regarding the Cascade Air Pump: far from what we expected. a 48-hour window starting at $249 Secure yours before it is gone engineered for people who refuse to settle,en,8581,487,222,177,0.0,0.0,10.25
"Everything you need in one device: smooth, responsive, and ready the moment you are. limited stock at this price, today only #MustHave #Limi",en,7167,1496,680,544,0.0,0.0,-14.71
"Meet the VoltBuds 2. powerful enough to feel effortless. today only, the drop en",en,23967,2077,944,755,1.0,0.0,-5.25
"Tired of waiting for a bigger move? Everything you need in one device: seamless, intelligent, and effortless by design. prices rise at midni",en,33908,1641,746,597,1.0,0.0,-23.75
The new Nimbus 7 Runner is here. designed to keep pace with your busiest morning!,en,3354,219,100,80,0.0,0.0,-19.34
Regarding the Cascade Air Pump: underwhelming for the price. while supplies last LIMITED Buy now 🔥 🏆 #LaunchDay #NewRelease,en,5401,1782,810,648,0.0,0.0,12.88
"Meet the TrailBlazer GT. seamless, intelligent, and effortless by design. last chance at launch pricing, while supplies last LAST CHANCE starting at $249 Secure yours before it is gone",en,18941,1996,907,726,1.0,0.0,8.75
"Everything you need in one device: smooth, responsive, and ready the moment you are. prices rise at midnight, don't miss the cut Secure your",en,29109,1048,476,381,0.0,0.0,30.92
Regarding the Skyline S13: a promise that arrives late. limited stock at this pr!,en,13460,1518,690,552,0.0,0.0,3.79
"Tired of waiting for a bigger move? Everything you need in one device: seamless,!",en,6095,457,208,166,1.0,0.0,-0.84
"Meet the TrailBlazer GT. powerful enough to feel effortless. today only, a 48-hour window LIMITED Buy now seamless and intelligent by design engineered for people who refuse to settle",en,10122,2942,1337,1070,1.0,0.0,-12.11
"Say hello to the Galaxy S24 Ultra. smooth, responsive, and ready the moment you are. today only #LaunchDay #NextGen",en,16587,1278,581,465,0.0,0.0,-1.68
What if your gear finally kept pace? Regarding the Skyline S13: underwhelming for the price. Secure yours before it is gone #Style,en,1903,52,24,19,0.0,0.0,-8.92
Ready for a change? Discover the Skyline S13. built to look great and move even smarter!,en,5290,293,133,106,1.0,0.0,-30.01
Regarding the Nimbus 7 Runner: far from what we expected. last chance at launch,en,3463,222,101,81,0.0,0.0,5.37
Introducing the Galaxy S24 Ultra. crafted for the ones who show up early. last c,en,18581,793,361,289,0.0,0.0,3.1
Ready for a change? Regarding the Skyline S13: a promise that arrives late. last chance at launch pricing @GadgetDaily,en,2459,191,87,69,0.0,0.0,-7.77
Tired of waiting for a bigger move? Regarding the Aurora Pro X: a promise that arrives late. don't miss the cut Buy now,en,3645,201,91,73,0.0,0.0,17.33
Introducing the Luma Glass 4. designed to keep pace with your busiest mornings. don't miss the cut LIMITED #NextGen,en,6692,596,271,217,0.0,0.0,21.2
"Why settle for less? Everything you need in one device: built to look great and move even smarter. exclusive for our early crew, the drop en",en,18968,1068,485,388,1.0,0.0,1.36
The new Cascade Air Pump is here. engineered for people who refuse to settle. ACT FAST 🚀 built for real-world mornings engineered for people who refuse to settle,en,10500,781,355,284,0.0,0.0,0.51
Seen enough? Discover the Luma Glass 4. designed to keep pace with your busiest mornings. at $299 Order in the next 24 hours,en,2240,75,34,27,0.0,0.0,37.62
Still on the old model? Introducing the Luma Glass 4. crafted for the ones who show up early. a 48-hour window Shop today 🎯 💥 #Limited,en,7713,1317,598,479,0.0,0.0,-32.29
Ready for a change? The new Cascade Air Pump is here. crafted for the ones who show up early. BEST @GadgetDaily under $150,en,11418,485,220,176,1.0,0.0,-4.02
Discover the EchoFit Band. designed to keep pace with your busiest mornings. a 4,en,11315,409,186,149,0.0,0.0,43.07
Why settle for less? Say hello to the VoltBuds 2. crafted for the ones who show up early. a 48-hour window LAST CHANCE,en,11817,474,216,172,0.0,0.0,8.83
"Your daily routine, upgraded: built to look great and move even smarter. at $299 Order in the next 24 hours",en,10337,835,380,304,1.0,0.0,-41.64
"Your daily routine, upgraded: built to look great and move even smarter. a 48-ho",en,3702,274,124,100,1.0,0.0,-1.03
Seen enough? Discover the EchoFit Band. powerful enough to feel effortless. while supplies last LIMITED Order in the next 24 hours #NextGen #NewRelease built for real-world mornings,en,8651,675,307,245,1.0,0.0,5.14
Discover the VoltBuds 2. designed to keep pace with your busiest mornings. Order in the next 24 hours,en,36460,2145,975,780,0.0,0.0,-16.6
Everything you need in one device: powerful enough to feel effortless. BEST Grab!,en,6079,531,242,193,1.0,0.0,-6.65
"Say hello to the Nimbus 7 Runner. smooth, responsive, and ready the moment you are. a 48-hour window Start today 🔥 ⭐ #SmarterLiving built for real-world mornings",en,20653,2866,1303,1042,0.0,0.0,7.8
"Meet the TrailBlazer GT. seamless, intelligent, and effortless by design. prices rise at midnight LAST CHANCE Order in the next 24 hours 🏆 #",en,20802,2776,1262,1009,1.0,0.0,4.69
"Meet the Takt Mesh Chair. designed to keep pace with your busiest mornings. limited stock at this price, the drop ends tonight, a 48-hour wi!",en,29933,1883,856,685,0.0,0.0,-15.54
"Discover the Luma Glass 4. engineered for people who refuse to settle. limited stock at this price, while supplies last, limited stock at th!",en,7967,1318,599,479,0.0,0.0,-33.03
Introducing the Cascade Air Pump. crafted for the ones who show up early. the drop ends tonight starting at $249 Buy now 🎯,en,8229,1722,783,626,0.0,0.0,0.62
Regarding the Skyline S13: underwhelming for the price. a 48-hour window LIMITED @GadgetDaily #NextGen,en,39182,2238,1017,814,0.0,0.0,-9.56
Discover the VoltBuds 2. crafted for the ones who show up early. BEST starting at $249 Buy now 🚀 #Sale,en,6764,2232,1015,812,1.0,0.0,-14.68
Everything you need in one device: engineered for people who refuse to settle. while supplies last BEST @GadgetDaily at $299 Grab yours,en,13248,1718,781,625,1.0,0.0,0.73
Still on the old model? Regarding the Aurora Pro X: a promise that arrives late. a 48-hour window @GadgetDaily for $199 #Sale,en,16933,579,263,211,0.0,0.0,-28.45
Regarding the Takt Mesh Chair: underwhelming for the price. ACT FAST under $150 Grab yours 🚀,en,20553,2081,946,757,0.0,0.0,9.23
Still on the old model? Regarding the Takt Mesh Chair: underwhelming for the price. Secure yours before it is gone #Style #MustHave seamless and intelligent by design,en,43627,2539,1154,923,1.0,0.0,13.23
Say hello to the Aurora Pro X. crafted for the ones who show up early. last chan,en,13717,780,354,283,0.0,0.0,-8.64
Everything you need in one device: crafted for the ones who show up early. @GadgetDaily Shop today #Sale,en,24178,2504,1138,910,0.0,0.0,-0.03
"Regarding the VoltBuds 2: far from what we expected. at $299 Buy now 🏆 ⚡ one device, endless possibilities built for real-world mornings seamless and intelligent by design",en,3940,838,381,305,1.0,0.0,-4.7
Meet the Luma Glass 4. crafted for the ones who show up early. the drop ends ton!,en,3036,226,103,82,0.0,0.0,27.08
"Regarding the Luma Glass 4: feels unfinished in daily use. a 48-hour window, the drop ends tonight 🚀 #SmarterLiving",en,19316,1004,456,365,0.0,0.0,-14.73
"Say hello to the Cascade Air Pump. crafted for the ones who show up early. a 48-hour window, a 48-hour window under $150",en,48178,3606,1639,1311,0.0,0.0,15.7
"The new Skyline S13 is here. smooth, responsive, and ready the moment you are. ACT FAST Buy now 🏆",en,8083,1642,746,597,0.0,0.0,17.45
Regarding the VoltBuds 2: underwhelming for the price!,en,18746,1404,638,510,0.0,0.0,7.59
Regarding the EchoFit Band: underwhelming for the price. limited stock at this price BEST #Sale #Sale,en,7998,1278,581,465,1.0,0.0,-16.19
"Your daily routine, upgraded: designed to keep pace with your busiest mornings. limited stock at this price, today only NOW Start today #NewRelease one device, endless possibilities",en,3149,1039,472,378,0.0,0.0,5.07
Regarding the Cascade Air Pump: far from what we expected. LAST CHANCE Grab your,en,35667,5091,2314,1851,0.0,0.0,-21.2
"Regarding the Aurora Pro X: underwhelming for the price. today only, don't miss the cut LAST CHANCE @GadgetDaily #Tech engineered for people who refuse to settle",en,18712,1505,684,547,0.0,0.0,19.83
Still on the old model? The new TrailBlazer GT is here. powerful enough to feel effortless. exclusive for our early crew starting at $249 Sh!,en,61422,6261,2846,2277,1.0,0.0,15.0
Ready for a change? Regarding the Galaxy S24 Ultra: a promise that arrives late. at $299 #NewRelease #SmarterLiving,en,50112,2244,1020,816,0.0,0.0,22.92
Everything you need in one device: powerful enough to feel effortless. NOW Buy n!,en,37818,6915,3143,2514,1.0,0.0,-35.26
"Regarding the Luma Glass 4: a promise that arrives late. limited stock at this price, exclusive for our early crew @GadgetDaily Grab yours 💥 engineered for people who refuse to settle",en,43858,9592,4360,3488,0.0,0.0,-32.86
"Introducing the VoltBuds 2. seamless, intelligent, and effortless by design. Buy",en,92038,10143,4610,3688,1.0,0.0,-30.15
"Regarding the Aurora Pro X: underwhelming for the price. NOW for $199 #NewRelease #NewRelease one device, endless possibilities built for real-world mornings built for real-world mornings",en,14368,607,276,221,0.0,0.0,25.92
"Discover the VoltBuds 2. crafted for the ones who show up early. exclusive for our early crew, limited stock at this price, don't miss the c",en,6767,657,299,239,0.0,0.0,9.72
"Say hello to the Takt Mesh Chair. seamless, intelligent, and effortless by design. @GadgetDaily 💥 💥 #Tech #MustHave",en,9641,1608,731,585,1.0,0.0,0.33
"Still on the old model? The new Cascade Air Pump is here. smooth, responsive, an!",en,23670,822,374,299,0.0,0.0,14.47
"Seen enough? Introducing the Aurora Pro X. smooth, responsive, and ready the moment you are. for $199 Grab yours ⚡",en,4303,438,199,159,0.0,0.0,-12.4
"Meet the Aurora Pro X. smooth, responsive, and ready the moment you are. last chance at launch pricing LAST CHANCE at $299",en,12306,1461,664,531,0.0,0.0,-0.75
"Regarding the Nimbus 7 Runner: a promise that arrives late. don't miss the cut, exclusive for our early crew ⚡ #Sale",en,56175,5693,2588,2070,0.0,0.0,34.29
Meet the Galaxy S24 Ultra. designed to keep pace with your busiest mornings. prices rise at midnight LIMITED,en,108164,13524,6147,4918,0.0,0.0,8.95
"Meet the EchoFit Band. crafted for the ones who show up early. #SmarterLiving built for real-world mornings one device, endless possibilities one device, endless possibilities",en,7505,260,118,95,0.0,0.0,20.53
"Tired of waiting for a bigger move? Your daily routine, upgraded: crafted for the ones who show up early. ACT FAST at $299 #MustHave one device, endless possibilities",en,19077,1061,482,386,0.0,0.0,-3.76
Regarding the Luma Glass 4: feels unfinished in daily use. don't miss the cut 🚀 #SmarterLiving #LaunchDay,en,8549,516,234,188,0.0,0.0,29.02
Regarding the Galaxy S24 Ultra: far from what we expected. last chance at launch!,en,3564,476,216,173,0.0,0.0,13.48
Introducing the Luma Glass 4. crafted for the ones who show up early. prices ris,en,3010,193,88,70,0.0,0.0,-30.3
"Meet the Nimbus 7 Runner. crafted for the ones who show up early. exclusive for our early crew, prices rise at midnight @GadgetDaily under $",en,18564,945,429,343,0.0,0.0,20.04
Introducing the Luma Glass 4. built to look great and move even smarter. last ch,en,67259,4435,2016,1613,1.0,0.0,-7.59
Regarding the VoltBuds 2: a promise that arrives late. starting at $249 seamless and intelligent by design,en,18015,2613,1188,950,1.0,0.0,-7.94
Regarding the Galaxy S24 Ultra: a promise that arrives late. ACT FAST Secure yours before it is gone engineered for people who refuse to settle built for real-world mornings,en,115411,8749,3977,3181,0.0,0.0,-30.17
Still on the old model? Regarding the Nimbus 7 Runner: a promise that arrives la!,en,2628,72,33,26,0.0,0.0,0.65
Regarding the Aurora Pro X: far from what we expected. at $299 Shop today,en,3446,568,258,206,0.0,0.0,-30.02
Seen enough? Regarding the Luma Glass 4: feels unfinished in daily use. today on!,en,69002,3853,1751,1401,0.0,0.0,-6.95
Say hello to the Aurora Pro X. designed to keep pace with your busiest mornings. exclusive for our early crew NOW @GadgetDaily,en,9142,1248,567,454,0.0,0.0,-5.57
"Discover the Cascade Air Pump. engineered for people who refuse to settle. today only, don't miss the cut LAST CHANCE Shop today #Style seamless and intelligent by design",en,17401,5742,2610,2088,1.0,0.0,-15.51
"Say hello to the VoltBuds 2. seamless, intelligent, and effortless by design. last chance at launch pricing LAST CHANCE @GadgetDaily startin",en,10610,1980,900,720,1.0,0.0,5.45
"Discover the Nimbus 7 Runner. engineered for people who refuse to settle. last chance at launch pricing, today only NOW Grab yours",en,17359,5289,2404,1923,0.0,0.0,-16.23
"Your daily routine, upgraded: crafted for the ones who show up early. NOW 💥 built for real-world mornings",en,23290,3232,1469,1175,0.0,0.0,-0.73
"The new TrailBlazer GT is here. smooth, responsive, and ready the moment you are. prices rise at midnight, prices rise at midnight, limited stock at this price 🔥 💥 #LaunchDay",en,9081,1209,550,440,0.0,0.0,-32.98
"Say hello to the Luma Glass 4. smooth, responsive, and ready the moment you are.",en,11051,709,322,258,0.0,0.0,-1.02
Everything you need in one device: powerful enough to feel effortless. @GadgetDa,en,56341,3861,1755,1404,1.0,0.0,8.68
"Say hello to the EchoFit Band. designed to keep pace with your busiest mornings. prices rise at midnight, limited stock at this price, the d!",en,23376,2083,947,757,0.0,0.0,-3.07
Regarding the EchoFit Band: far from what we expected. limited stock at this price,en,30231,2124,965,772,0.0,0.0,11.83
Still on the old model? Regarding the Aurora Pro X: a promise that arrives late.!,en,1599,81,37,30,0.0,0.0,24.49
Regarding the Galaxy S24 Ultra: a promise that arrives late. @GadgetDaily Grab yours #NewRelease,en,27569,1536,698,559,0.0,0.0,-28.97
"Regarding the Cascade Air Pump: a promise that arrives late. LIMITED #Tech one device, endless possibilities seamless and intelligent by design seamless and intelligent by design",en,41927,4497,2044,1635,1.0,0.0,0.07
Regarding the Galaxy S24 Ultra: feels unfinished in daily use. LAST CHANCE @Gadg,en,9930,742,337,270,0.0,0.0,-42.48
"Your daily routine, upgraded: smooth, responsive, and ready the moment you are. a 48-hour window LAST CHANCE Secure yours before it is gone",en,22838,670,304,244,0.0,0.0,-20.07
Regarding the VoltBuds 2: far from what we expected. exclusive for our early cre!,en,3765,334,152,122,0.0,0.0,-2.93
Say hello to the TrailBlazer GT. engineered for people who refuse to settle. limited stock at this price Secure yours before it is gone,en,22812,1443,656,525,0.0,0.0,-16.14
The new Aurora Pro X is here. built to look great and move even smarter. the dro,en,24726,1810,823,658,1.0,0.0,-10.74
Discover the Nimbus 7 Runner. crafted for the ones who show up early. Order in t!,en,6832,292,133,106,0.0,0.0,-21.68
"What if your gear finally kept pace? Everything you need in one device: smooth, responsive, and ready the moment you are. the drop ends tonight Shop today seamless and intelligent by design",en,27498,1777,808,646,1.0,0.0,14.23
"Regarding the VoltBuds 2: a promise that arrives late. NOW at $299 #NewRelease one device, endless possibilities engineered for people who refuse to settle engineered for people who refuse to settle",en,59507,2944,1338,1070,0.0,0.0,6.15
Discover the TrailBlazer GT. engineered for people who refuse to settle. BEST Start today 🏆 🔥 engineered for people who refuse to settle engineered for people who refuse to settle,en,32905,10859,4936,3949,1.0,0.0,18.89
"Tired of waiting for a bigger move? Your daily routine, upgraded: designed to ke",en,13238,210,96,76,0.0,0.0,28.95
"Your daily routine, upgraded: built to look great and move even smarter. exclusive for our early crew, today only NOW Start today 🎯 #Tech",en,60524,19973,9079,7263,1.0,0.0,41.88
Tired of waiting for a bigger move? Regarding the EchoFit Band: far from what we expected. ⚡ #DealAlert,en,42655,3700,1682,1345,0.0,0.0,-36.94
Regarding the Aurora Pro X: feels unfinished in daily use. Grab yours #LaunchDay #DealAlert,en,33115,2849,1295,1036,0.0,0.0,-29.03
"Meet the TrailBlazer GT. smooth, responsive, and ready the moment you are. while supplies last Grab yours 🎯 ⚡ #Style seamless and intelligent by design seamless and intelligent by design",en,16471,2408,1094,875,1.0,0.0,29.81
"Regarding the Skyline S13: underwhelming for the price. at $299 🔥 🚀 one device, endless possibilities",en,17447,1986,903,722,0.0,0.0,15.22
"Regarding the Nimbus 7 Runner: far from what we expected. today only, don't miss!",en,29486,2821,1282,1026,0.0,0.0,-2.0
Regarding the Luma Glass 4: far from what we expected. last chance at launch pri,en,63006,3995,1816,1453,0.0,0.0,4.82
Regarding the EchoFit Band: a promise that arrives late. built for real-world mornings,en,8789,373,169,135,0.0,0.0,1.03
Regarding the Aurora Pro X: underwhelming for the price. a 48-hour window Secure yours before it is gone,en,2632,169,77,61,0.0,0.0,11.27
Say hello to the TrailBlazer GT. built to look great and move even smarter. Shop,en,3303,179,82,65,1.0,0.0,-25.03
"Everything you need in one device: smooth, responsive, and ready the moment you are. the drop ends tonight, the drop ends tonight Grab yours",en,23233,928,422,337,0.0,0.0,24.43
Tired of waiting for a bigger move? Everything you need in one device: designed to keep pace with your busiest mornings. Buy now #SmarterLiving seamless and intelligent by design,en,13396,3389,1540,1232,1.0,0.0,-8.71
Regarding the Nimbus 7 Runner: a promise that arrives late!,en,12145,786,357,286,0.0,0.0,-16.88
"Tired of waiting for a bigger move? Introducing the TrailBlazer GT. smooth, responsive, and ready the moment you are. today only, while supp",en,26566,1578,717,574,0.0,0.0,22.94
Say hello to the Nimbus 7 Runner. built to look great and move even smarter. LIM,en,10297,1510,686,549,1.0,0.0,2.53
The new EchoFit Band is here. powerful enough to feel effortless. while supplies!,en,20685,1740,791,633,1.0,0.0,-1.41
Seen enough? Say hello to the Cascade Air Pump. crafted for the ones who show up early. exclusive for our early crew Start today,en,10426,1583,719,576,0.0,0.0,-4.98
"Discover the Nimbus 7 Runner. seamless, intelligent, and effortless by design. prices rise at midnight 🎯 #Limited #LaunchDay",en,1741,412,187,150,1.0,0.0,4.1
"Ready for a change? Regarding the Takt Mesh Chair: underwhelming for the price. today only, don't miss the cut NOW @GadgetDaily at $299 Buy",en,27636,2420,1100,880,0.0,0.0,28.39
Ready for a change? Discover the Aurora Pro X. crafted for the ones who show up,en,16370,419,190,152,0.0,0.0,5.31
Everything you need in one device: crafted for the ones who show up early. a 48-!,en,6615,385,175,140,0.0,0.0,-34.78
The new VoltBuds 2 is here. built to look great and move even smarter. Secure yours before it is gone 🚀 🔥,en,33137,3477,1581,1264,1.0,0.0,-8.4
"The new Galaxy S24 Ultra is here. designed to keep pace with your busiest mornings. a 48-hour window, exclusive for our early crew Order in the next 24 hours #MustHave",en,16093,1017,462,370,0.0,0.0,-12.95
"Everything you need in one device: seamless, intelligent, and effortless by design. exclusive for our early crew, prices rise at midnight at $299 Order in the next 24 hours 🏆 🎯 #Tech",en,35578,7377,3353,2683,1.0,0.0,18.39
Regarding the Nimbus 7 Runner: feels unfinished in daily use. today only at $299 #LaunchDay,en,24832,1295,588,471,0.0,0.0,13.59
"The new Cascade Air Pump is here. seamless, intelligent, and effortless by design. limited stock at this price, today only 🚀 #MustHave #Tech",en,12931,3404,1547,1238,1.0,0.0,-0.15
"Regarding the VoltBuds 2: feels unfinished in daily use. a 48-hour window, exclusive for our early crew, today only at $299 🚀",en,23588,3446,1566,1253,0.0,0.0,-35.2
"Regarding the VoltBuds 2: underwhelming for the price. a 48-hour window, the dro",en,27696,2051,932,746,0.0,0.0,24.29
Say hello to the Cascade Air Pump. powerful enough to feel effortless. don't miss the cut Buy now 🏆,en,24317,5969,2713,2170,1.0,0.0,-12.57
Regarding the VoltBuds 2: far from what we expected. the drop ends tonight Grab yours #DealAlert,en,20211,3274,1488,1191,0.0,0.0,-14.15
Regarding the Luma Glass 4: feels unfinished in daily use. last chance at launch pricing Start today built for real-world mornings engineered for people who refuse to settle,en,22975,4444,2020,1616,0.0,0.0,-4.81
"Everything you need in one device: seamless, intelligent, and effortless by design. prices rise at midnight LIMITED for $199 Start today #La!",en,12426,4101,1864,1491,1.0,0.0,21.43
Everything you need in one device: powerful enough to feel effortless. LAST CHANCE under $150 🏆 ⭐ engineered for people who refuse to settle built for real-world mornings,en,8831,2914,1325,1060,1.0,0.0,-2.75
Still on the old model? Regarding the Skyline S13: far from what we expected. to,en,5511,200,91,73,0.0,0.0,12.47
Regarding the Aurora Pro X: far from what we expected. #MustHave built for real-world mornings,en,11215,510,232,186,0.0,0.0,16.03
"Why settle for less? Introducing the Aurora Pro X. built to look great and move even smarter. a 48-hour window, don't miss the cut for $199",en,12446,872,396,317,1.0,0.0,36.63
"Regarding the Luma Glass 4: feels unfinished in daily use. while supplies last, last chance at launch pricing engineered for people who refuse to settle built for real-world mornings",en,48252,2300,1045,836,0.0,0.0,10.5
"Regarding the Luma Glass 4: far from what we expected. a 48-hour window, limited stock at this price starting at $249 #NextGen engineered for people who refuse to settle",en,29942,3404,1547,1238,0.0,0.0,-7.76
"Your daily routine, upgraded: smooth, responsive, and ready the moment you are. #Style",en,7974,519,236,189,0.0,0.0,-1.9
"The new Nimbus 7 Runner is here. seamless, intelligent, and effortless by design. today only LAST CHANCE Order in the next 24 hours 🏆 seamless and intelligent by design",en,8278,2135,970,776,1.0,0.0,1.3
Meet the Takt Mesh Chair. crafted for the ones who show up early. LAST CHANCE Secure yours before it is gone 🔥 ⭐ #LaunchDay,en,10203,1704,775,620,0.0,0.0,1.0
"Regarding the Cascade Air Pump: a promise that arrives late. Order in the next 24 hours seamless and intelligent by design one device, endless possibilities one device, endless possibilities",en,1908,64,29,23,1.0,0.0,-7.99
"The new Takt Mesh Chair is here. smooth, responsive, and ready the moment you ar",en,11359,518,236,188,0.0,0.0,12.65
Regarding the Takt Mesh Chair: underwhelming for the price. limited stock at this price under $150 Shop today #Limited engineered for people who refuse to settle,en,21647,7144,3247,2598,0.0,0.0,-0.22
"Regarding the Aurora Pro X: feels unfinished in daily use. a 48-hour window, while supplies last LIMITED",en,5598,417,190,152,0.0,0.0,15.2
Discover the VoltBuds 2. engineered for people who refuse to settle. while suppl!,en,4889,257,117,93,0.0,0.0,18.83
"Why settle for less? Regarding the Luma Glass 4: underwhelming for the price. while supplies last, the drop ends tonight starting at $249 engineered for people who refuse to settle",en,15402,394,179,143,0.0,0.0,46.56
Ready for a change? Regarding the Nimbus 7 Runner: far from what we expected. th!,en,5019,157,71,57,0.0,0.0,-4.6
"Tired of waiting for a bigger move? Regarding the Takt Mesh Chair: a promise that arrives late. #DealAlert #MustHave built for real-world mornings one device, endless possibilities",en,19690,538,245,196,0.0,0.0,2.73
"Regarding the TrailBlazer GT: far from what we expected. don't miss the cut, while supplies last, limited stock at this price Shop today",en,12672,1746,794,635,0.0,0.0,-47.1
"Why settle for less? Regarding the EchoFit Band: a promise that arrives late. today only, exclusive for our early crew #Tech #NextGen",en,23118,1184,538,430,0.0,0.0,10.64
Regarding the EchoFit Band: feels unfinished in daily use. Start today built for real-world mornings,en,11827,1535,698,558,0.0,0.0,0.68
Regarding the Cascade Air Pump: feels unfinished in daily use. while supplies la,en,4172,126,57,46,0.0,0.0,-6.68
"Ready for a change? The new Luma Glass 4 is here. powerful enough to feel effortless. a 48-hour window, last chance at launch pricing Start today built for real-world mornings",en,15268,3347,1521,1217,1.0,0.0,29.83
"Everything you need in one device: engineered for people who refuse to settle. Secure yours before it is gone #SmarterLiving one device, endless possibilities built for real-world mornings",en,37056,1526,694,555,0.0,0.0,-43.04
"Your daily routine, upgraded: designed to keep pace with your busiest mornings.!",en,9326,1083,492,394,0.0,0.0,29.91
"Regarding the Galaxy S24 Ultra: far from what we expected. the drop ends tonight #NextGen one device, endless possibilities built for real-world mornings built for real-world mornings",en,37986,1577,717,573,0.0,0.0,-45.57
Say hello to the EchoFit Band. designed to keep pace with your busiest mornings.!,en,3836,162,73,59,0.0,0.0,16.64
"Seen enough? Discover the TrailBlazer GT. smooth, responsive, and ready the mome!",en,23526,1078,490,392,0.0,0.0,11.23
"What if your gear finally kept pace? Regarding the Takt Mesh Chair: a promise that arrives late. today only, prices rise at midnight @GadgetDaily Start today #SmarterLiving",en,22318,2167,985,788,0.0,0.0,-7.83
Tired of waiting for a bigger move? Everything you need in one device: engineere,en,7129,272,124,99,0.0,0.0,18.18
"The new Skyline S13 is here. seamless, intelligent, and effortless by design. LAST CHANCE 🏆 🚀 one device, endless possibilities one device, endless possibilities",en,5426,1118,508,407,1.0,0.0,-1.8
Meet the TrailBlazer GT. engineered for people who refuse to settle. #SmarterLiv!,en,44749,4765,2166,1733,0.0,0.0,8.89
Regarding the Aurora Pro X: far from what we expected. Secure yours before it is,en,9671,404,184,147,0.0,0.0,-21.44
"Introducing the Nimbus 7 Runner. seamless, intelligent, and effortless by design. exclusive for our early crew",en,41437,3901,1773,1418,1.0,0.0,15.3
"The new Skyline S13 is here. crafted for the ones who show up early. NOW Order in the next 24 hours one device, endless possibilities engineered for people who refuse to settle",en,14011,1053,479,383,0.0,0.0,11.54
Introducing the Aurora Pro X. crafted for the ones who show up early. exclusive,en,11711,1495,679,544,0.0,0.0,21.98
"Still on the old model? Your daily routine, upgraded: smooth, responsive, and ready the moment you are. exclusive for our early crew, today only ACT FAST Buy now #MustHave #MustHave",en,8304,2653,1206,965,0.0,0.0,27.83
Say hello to the TrailBlazer GT. designed to keep pace with your busiest mornings. #SmarterLiving,en,25279,1477,671,537,0.0,0.0,-29.22
"Regarding the VoltBuds 2: far from what we expected. under $150 ⚡ engineered for people who refuse to settle engineered for people who refuse to settle one device, endless possibilities",en,9091,676,307,246,0.0,0.0,21.02
Say hello to the Galaxy S24 Ultra. designed to keep pace with your busiest mornings. last chance at launch pricing Grab yours seamless and intelligent by design,en,13428,2014,916,732,1.0,0.0,-0.9
"What if your gear finally kept pace? Meet the Aurora Pro X. engineered for people who refuse to settle. prices rise at midnight, exclusive f",en,11826,430,195,156,0.0,0.0,-51.2
Regarding the Galaxy S24 Ultra: underwhelming for the price. prices rise at midnight LAST CHANCE #Sale,en,42995,3607,1640,1312,0.0,0.0,33.93
Regarding the Nimbus 7 Runner: feels unfinished in daily use. @GadgetDaily under!,en,13577,1047,476,381,0.0,0.0,-42.47
Seen enough? Regarding the Aurora Pro X: far from what we expected. a 48-hour wi,en,24792,1266,575,460,0.0,0.0,13.74
"Regarding the TrailBlazer GT: far from what we expected. exclusive for our early crew, exclusive for our early crew, today only ACT FAST 🚀 ⭐ engineered for people who refuse to settle",en,17371,5732,2606,2085,0.0,0.0,-28.04
"Still on the old model? Everything you need in one device: seamless, intelligent, and effortless by design. BEST",en,4514,356,162,130,1.0,0.0,-18.22
"Regarding the Galaxy S24 Ultra: underwhelming for the price. limited stock at this price, don't miss the cut BEST #LaunchDay #MustHave",en,5372,713,324,259,1.0,0.0,4.29
"Seen enough? Discover the Takt Mesh Chair. smooth, responsive, and ready the mom!",en,34999,776,353,282,0.0,0.0,2.23
Seen enough? Meet the Skyline S13. crafted for the ones who show up early. 🏆 #Ne,en,4272,253,115,92,0.0,0.0,-6.53
"Discover the Cascade Air Pump. seamless, intelligent, and effortless by design. prices rise at midnight, don't miss the cut engineered for people who refuse to settle",en,16633,1461,664,531,1.0,0.0,15.78
"What if your gear finally kept pace? Introducing the EchoFit Band. crafted for the ones who show up early. prices rise at midnight, prices r",en,12479,484,220,176,0.0,0.0,-3.31
"Introducing the VoltBuds 2. crafted for the ones who show up early. while supplies last, while supplies last, while supplies last for $199 🔥",en,17754,781,355,284,0.0,0.0,-14.53
Regarding the Nimbus 7 Runner: underwhelming for the price! built for real-world mornings,en,4437,293,133,106,0.0,0.0,-52.77
Regarding the Luma Glass 4: feels unfinished in daily use. Shop today built for real-world mornings,en,21215,2857,1299,1039,0.0,0.0,62.33
The new Takt Mesh Chair is here. built to look great and move even smarter. last chance at launch pricing Buy now #MustHave seamless and intelligent by design engineered for people who refuse to settle,en,16435,5093,2315,1852,1.0,0.0,13.4
"Introducing the Cascade Air Pump. smooth, responsive, and ready the moment you are. don't miss the cut seamless and intelligent by design engineered for people who refuse to settle",en,23006,2105,957,765,1.0,0.0,-51.99
"Introducing the TrailBlazer GT. built to look great and move even smarter. BEST #Limited engineered for people who refuse to settle one device, endless possibilities",en,26176,2717,1235,988,1.0,0.0,-19.45
"Seen enough? Regarding the Skyline S13: underwhelming for the price. the drop ends tonight, last chance at launch pricing under $150 Secure yours before it is gone ⚡",en,14681,1148,522,417,0.0,0.0,-10.84
"Meet the Skyline S13. designed to keep pace with your busiest mornings. last chance at launch pricing, last chance at launch pricing, prices",en,11929,1502,683,546,0.0,0.0,-3.32
Regarding the Luma Glass 4: a promise that arrives late. don't miss the cut Shop today #MustHave,en,25079,5452,2478,1982,0.0,0.0,-8.2
Seen enough? Regarding the Nimbus 7 Runner: feels unfinished in daily use. last,en,24503,809,368,294,0.0,0.0,-10.99
"Seen enough? Your daily routine, upgraded: seamless, intelligent, and effortless",en,39619,2137,971,777,1.0,0.0,20.72
"Tired of waiting for a bigger move? Discover the Galaxy S24 Ultra. smooth, respo",en,4379,121,55,44,0.0,0.0,4.88
Regarding the EchoFit Band: feels unfinished in daily use. LAST CHANCE Grab your,en,12343,890,405,324,0.0,0.0,-48.42
Say hello to the Aurora Pro X. powerful enough to feel effortless. 🚀 ⚡ seamless and intelligent by design,en,13565,2576,1171,937,1.0,0.0,-27.92
"Introducing the Takt Mesh Chair. crafted for the ones who show up early. while supplies last, the drop ends tonight, the drop ends tonight s!",en,10413,763,347,277,0.0,0.0,-0.51
Regarding the Luma Glass 4: underwhelming for the price. BEST under $150 Grab yours,en,17137,3370,1532,1225,1.0,0.0,-40.64
"Regarding the Nimbus 7 Runner: feels unfinished in daily use. while supplies last, while supplies last, a 48-hour window at $299 Buy now 🚀 #!",en,14074,2872,1305,1044,0.0,0.0,24.58
"Why settle for less? Your daily routine, upgraded: crafted for the ones who show",en,12382,681,310,248,0.0,0.0,11.94
"Your daily routine, upgraded: powerful enough to feel effortless. a 48-hour window, limited stock at this price #DealAlert #Style",en,32085,5126,2330,1864,1.0,0.0,-2.92
"What if your gear finally kept pace? Your daily routine, upgraded: designed to keep pace with your busiest mornings. exclusive for our early crew, a 48-hour window, don't miss the cut",en,21455,610,277,222,0.0,0.0,27.86
Seen enough? Regarding the Galaxy S24 Ultra: feels unfinished in daily use. LAST,en,38305,1669,759,607,0.0,0.0,-23.74
"Regarding the Takt Mesh Chair: far from what we expected. @GadgetDaily #Tech #MustHave built for real-world mornings one device, endless possibilities one device, endless possibilities",en,39981,1789,813,650,0.0,0.0,42.36
The new VoltBuds 2 is here. powerful enough to feel effortless. last chance at launch pricing 🏆 #Style #Tech,en,29703,4410,2004,1604,1.0,0.0,-1.19
Everything you need in one device: engineered for people who refuse to settle. prices rise at midnight Start today #Tech #Style,en,4533,414,188,151,0.0,0.0,-12.32
Regarding the EchoFit Band: far from what we expected. BEST @GadgetDaily ⚡ #Styl!,en,29050,3136,1425,1140,1.0,0.0,21.64
Discover the Takt Mesh Chair. crafted for the ones who show up early. at $299 Order in the next 24 hours 🏆 #Limited built for real-world mornings seamless and intelligent by design,en,90734,16406,7457,5966,1.0,0.0,-0.4
"The new TrailBlazer GT is here. seamless, intelligent, and effortless by design. the drop ends tonight, last chance at launch pricing for $1!",en,19455,2408,1094,876,1.0,0.0,11.86
"The new Luma Glass 4 is here. smooth, responsive, and ready the moment you are.!",en,10764,694,316,252,0.0,0.0,-33.34
Regarding the Luma Glass 4: feels unfinished in daily use. exclusive for our ear,en,21347,1622,737,590,0.0,0.0,-5.35
"Seen enough? Say hello to the TrailBlazer GT. designed to keep pace with your busiest mornings. while supplies last, the drop ends tonight N!",en,11002,411,187,149,0.0,0.0,2.8
"Say hello to the Aurora Pro X. smooth, responsive, and ready the moment you are. exclusive for our early crew starting at $249 Shop today 🏆 #MustHave one device, endless possibilities",en,3323,803,365,292,0.0,0.0,1.98
Regarding the Cascade Air Pump: a promise that arrives late. a 48-hour window Shop today #Tech,en,4571,952,433,346,0.0,0.0,14.92
"Regarding the Skyline S13: a promise that arrives late. BEST ⚡ 🏆 engineered for people who refuse to settle built for real-world mornings one device, endless possibilities",en,18423,1500,682,545,1.0,0.0,32.84
"Your daily routine, upgraded: engineered for people who refuse to settle. Grab y",en,8903,411,187,149,0.0,0.0,25.27
"Regarding the TrailBlazer GT: a promise that arrives late. under $150 ⭐ #SmarterLiving one device, endless possibilities one device, endless possibilities engineered for people who refuse to settle",en,26025,2209,1004,803,0.0,0.0,-27.64
Regarding the Aurora Pro X: feels unfinished in daily use. while supplies last Buy now #LaunchDay,en,24135,4387,1994,1595,0.0,0.0,9.14
Regarding the TrailBlazer GT: underwhelming for the price. limited stock at this!,en,13003,1739,790,632,0.0,0.0,-24.17
Everything you need in one device: designed to keep pace with your busiest morni!,en,5005,195,89,71,0.0,0.0,15.11
Meet the Galaxy S24 Ultra. crafted for the ones who show up early. don't miss th!,en,24822,1820,827,662,0.0,0.0,-20.99
Regarding the Aurora Pro X: far from what we expected. limited stock at this pri,en,12816,1078,490,392,0.0,0.0,-14.71
The new Aurora Pro X is here. built to look great and move even smarter. ACT FAST ⭐ ⭐,en,5960,1338,608,486,1.0,0.0,-27.24
Regarding the Luma Glass 4: feels unfinished in daily use. today only Order in the next 24 hours #Limited,en,22846,3230,1468,1175,0.0,0.0,-2.5
Regarding the Luma Glass 4: a promise that arrives late. last chance at launch pricing @GadgetDaily Start today ⭐,en,15384,2260,1027,822,0.0,0.0,7.36
"Introducing the VoltBuds 2. crafted for the ones who show up early. a 48-hour window, a 48-hour window #Tech",en,20469,660,300,240,0.0,0.0,-21.99
"Still on the old model? Regarding the VoltBuds 2: a promise that arrives late. today only, limited stock at this price ⚡ 🔥 seamless and intelligent by design one device, endless possibilities",en,15720,3098,1408,1127,1.0,0.0,-3.27
"Regarding the Skyline S13: a promise that arrives late. last chance at launch pricing, a 48-hour window @GadgetDaily Buy now",en,5946,658,299,239,0.0,0.0,26.18
"The new Aurora Pro X is here. smooth, responsive, and ready the moment you are. a 48-hour window, exclusive for our early crew, exclusive fo!",en,43040,6455,2934,2347,0.0,0.0,-23.59
Discover the Cascade Air Pump. crafted for the ones who show up early. starting!,en,10949,618,281,225,0.0,0.0,-3.6
"Meet the Galaxy S24 Ultra. built to look great and move even smarter. while supplies last, limited stock at this price, don't miss the cut Buy now #Style #NextGen",en,35940,10532,4787,3830,1.0,0.0,-11.97
"Regarding the Nimbus 7 Runner: a promise that arrives late. don't miss the cut, a 48-hour window, today only #Sale",en,2106,186,85,68,0.0,0.0,40.31
Discover the TrailBlazer GT. powerful enough to feel effortless. don't miss the!,en,40961,6682,3037,2430,1.0,0.0,-1.69
"Still on the old model? Regarding the VoltBuds 2: feels unfinished in daily use. exclusive for our early crew, a 48-hour window, the drop en!",en,11305,713,324,259,0.0,0.0,16.76
"Your daily routine, upgraded: crafted for the ones who show up early. Shop today 🎯 🚀",en,9692,1604,729,583,0.0,0.0,5.87
"Your daily routine, upgraded: crafted for the ones who show up early. Grab yours",en,47351,3195,1452,1162,0.0,0.0,-15.7
Everything you need in one device: built to look great and move even smarter. last chance at launch pricing #Tech,en,5914,822,374,299,1.0,0.0,15.41
"Seen enough? Say hello to the Skyline S13. seamless, intelligent, and effortless by design. @GadgetDaily under $150 Secure yours before it i",en,24941,825,375,300,1.0,0.0,-6.06
Regarding the Aurora Pro X: underwhelming for the price. Order in the next 24 ho!,en,15733,1396,634,507,0.0,0.0,4.29
Ready for a change? Regarding the Takt Mesh Chair: a promise that arrives late! seamless and intelligent by design,en,45099,3753,1706,1365,1.0,0.0,14.56
Regarding the Cascade Air Pump: far from what we expected. prices rise at midnight LAST CHANCE at $299 Grab yours seamless and intelligent by design built for real-world mornings,en,12067,1384,629,503,1.0,0.0,14.3
"Regarding the VoltBuds 2: a promise that arrives late. last chance at launch pricing, a 48-hour window @GadgetDaily Secure yours before it i!",en,12319,912,415,332,0.0,0.0,1.92
Regarding the Galaxy S24 Ultra: far from what we expected. for $199 Grab yours #,en,32458,2460,1118,894,0.0,0.0,40.17
Regarding the Skyline S13: a promise that arrives late. BEST Grab yours #NewRele!,en,11421,1973,897,717,1.0,0.0,-12.33
Meet the Cascade Air Pump. built to look great and move even smarter. exclusive,en,24762,3650,1659,1327,1.0,0.0,14.63
Regarding the EchoFit Band: underwhelming for the price. 🏆 #LaunchDay built for real-world mornings,en,10028,518,235,188,0.0,0.0,43.63
Seen enough? Regarding the Aurora Pro X: feels unfinished in daily use. limited stock at this price LAST CHANCE starting at $249 Secure your!,en,5615,627,285,228,0.0,0.0,-17.91
Everything you need in one device: engineered for people who refuse to settle. a,en,3482,244,111,89,0.0,0.0,5.97
"Meet the VoltBuds 2. seamless, intelligent, and effortless by design. while supplies last, today only, today only #Sale",en,22745,4445,2021,1616,1.0,0.0,2.99
"Regarding the VoltBuds 2: feels unfinished in daily use. prices rise at midnight, the drop ends tonight, prices rise at midnight 🎯 ⚡ #NextGen #NextGen one device, endless possibilities",en,11353,919,418,334,0.0,0.0,-2.66
"Your daily routine, upgraded: seamless, intelligent, and effortless by design. while supplies last, limited stock at this price, exclusive f",en,34142,4632,2105,1684,1.0,0.0,-13.04
Why settle for less? Regarding the Aurora Pro X: far from what we expected. last,en,13628,418,190,152,0.0,0.0,29.4
What if your gear finally kept pace? Say hello to the Skyline S13. crafted for the ones who show up early. last chance at launch pricing LIM!,en,22344,1272,578,463,0.0,0.0,-8.21
Discover the Cascade Air Pump. crafted for the ones who show up early. the drop!,en,91522,5273,2397,1918,0.0,0.0,4.65
"Why settle for less? Everything you need in one device: seamless, intelligent, and effortless by design. Buy now one device, endless possibilities one device, endless possibilities",en,5591,362,165,132,1.0,0.0,0.18
Meet the Nimbus 7 Runner. engineered for people who refuse to settle. Grab yours,en,9245,1039,472,378,0.0,0.0,28.4
Introducing the TrailBlazer GT. built to look great and move even smarter. #Deal!,en,18487,3145,1429,1144,1.0,0.0,-2.93
"Your daily routine, upgraded: seamless, intelligent, and effortless by design. today only",en,14415,1778,808,646,1.0,0.0,-43.8
"Tired of waiting for a bigger move? Your daily routine, upgraded: seamless, intelligent, and effortless by design. don't miss the cut",en,45494,1761,801,640,1.0,0.0,5.47
Why settle for less? Everything you need in one device: powerful enough to feel effortless. limited stock at this price #Tech,en,14020,1204,547,438,1.0,0.0,8.77
"Say hello to the Aurora Pro X. engineered for people who refuse to settle. exclusive for our early crew, limited stock at this price #NextGe!",en,37288,8110,3686,2949,0.0,0.0,9.13
"Say hello to the Galaxy S24 Ultra. seamless, intelligent, and effortless by design. ⚡ ⭐ #SmarterLiving #Sale seamless and intelligent by design seamless and intelligent by design",en,10309,2347,1067,853,1.0,0.0,-1.77
"Tired of waiting for a bigger move? Regarding the Cascade Air Pump: feels unfinished in daily use. a 48-hour window, limited stock at this p!",en,5851,555,252,202,0.0,0.0,-33.0
Still on the old model? Regarding the Takt Mesh Chair: far from what we expected. don't miss the cut #NewRelease engineered for people who refuse to settle seamless and intelligent by design,en,21383,1422,646,517,1.0,0.0,-23.79
Introducing the Aurora Pro X. designed to keep pace with your busiest mornings. last chance at launch pricing under $150 #NewRelease,en,30179,3685,1675,1340,0.0,0.0,-10.42
Everything you need in one device: crafted for the ones who show up early. BEST Order in the next 24 hours,en,6552,494,225,180,1.0,0.0,31.46
"The new Takt Mesh Chair is here. designed to keep pace with your busiest mornings. prices rise at midnight, prices rise at midnight, a 48-ho!",en,7405,391,178,142,0.0,0.0,42.2
"Everything you need in one device: seamless, intelligent, and effortless by design. #NewRelease one device, endless possibilities seamless and intelligent by design",en,23298,1520,691,553,1.0,0.0,10.76
Discover the TrailBlazer GT. crafted for the ones who show up early. while suppl!,en,4748,357,162,130,0.0,0.0,-19.87
Meet the Galaxy S24 Ultra. powerful enough to feel effortless. last chance at launch pricing Grab yours,en,10999,1131,514,411,1.0,0.0,-8.34
Regarding the VoltBuds 2: feels unfinished in daily use. last chance at launch p,en,4266,296,135,108,0.0,0.0,37.71
Regarding the EchoFit Band: a promise that arrives late. while supplies last Start today,en,2954,373,170,136,0.0,0.0,-11.94
Why settle for less? The new Takt Mesh Chair is here. engineered for people who refuse to settle. limited stock at this price starting at $2,en,30244,1428,649,519,0.0,0.0,-32.84
Regarding the EchoFit Band: far from what we expected. Secure yours before it is!,en,6481,640,291,233,0.0,0.0,-7.42
Regarding the Nimbus 7 Runner: feels unfinished in daily use. while supplies las,en,22474,782,355,284,0.0,0.0,-14.46
Regarding the Nimbus 7 Runner: far from what we expected. while supplies last Or!,en,39600,2976,1353,1082,0.0,0.0,-23.07
"Say hello to the Nimbus 7 Runner. smooth, responsive, and ready the moment you are. the drop ends tonight Grab yours ⭐ 🚀",en,13419,1360,618,495,0.0,0.0,12.78
"Discover the Galaxy S24 Ultra. designed to keep pace with your busiest mornings. prices rise at midnight, today only, limited stock at this",en,10466,975,443,354,0.0,0.0,-21.48
"Your daily routine, upgraded: powerful enough to feel effortless. NOW",en,5622,416,189,151,1.0,0.0,3.67
The new Skyline S13 is here. powerful enough to feel effortless. the drop ends tonight NOW Secure yours before it is gone #NextGen engineered for people who refuse to settle,en,16986,1293,588,470,1.0,0.0,-2.35
Regarding the Galaxy S24 Ultra: a promise that arrives late. while supplies last @GadgetDaily,en,8798,197,90,72,0.0,0.0,9.41
"Introducing the TrailBlazer GT. smooth, responsive, and ready the moment you are. Buy now 🔥 one device, endless possibilities seamless and intelligent by design",en,3356,569,258,207,1.0,0.0,10.41
"Discover the Galaxy S24 Ultra. seamless, intelligent, and effortless by design. last chance at launch pricing",en,21519,3048,1385,1108,1.0,0.0,4.02
What if your gear finally kept pace? Regarding the Cascade Air Pump: feels unfinished in daily use. don't miss the cut LIMITED #MustHave #Sa,en,13208,573,261,208,0.0,0.0,4.07
"Ready for a change? Regarding the Cascade Air Pump: underwhelming for the price. don't miss the cut, last chance at launch pricing engineered for people who refuse to settle",en,11910,407,185,148,0.0,0.0,17.53
"Everything you need in one device: smooth, responsive, and ready the moment you are. Order in the next 24 hours 🎯 #MustHave seamless and intelligent by design built for real-world mornings",en,62491,4946,2248,1798,1.0,0.0,-9.33
"Your daily routine, upgraded: crafted for the ones who show up early. exclusive!",en,9868,885,402,322,0.0,0.0,-8.19
"Discover the EchoFit Band. designed to keep pace with your busiest mornings. while supplies last, while supplies last, today only starting a!",en,26191,2813,1279,1023,0.0,0.0,-3.3
Why settle for less? Regarding the Nimbus 7 Runner: underwhelming for the price. today only ACT FAST under $150 Secure yours before it is gone 🏆 💥 #Limited #LaunchDay,en,14036,2442,1110,888,0.0,0.0,16.15
"Your daily routine, upgraded: powerful enough to feel effortless. a 48-hour window, don't miss the cut #SmarterLiving",en,7526,556,253,202,1.0,0.0,8.65
"Your daily routine, upgraded: crafted for the ones who show up early. LIMITED built for real-world mornings",en,27214,1333,606,485,0.0,0.0,-0.06
"What if your gear finally kept pace? The new Takt Mesh Chair is here. seamless, intelligent, and effortless by design. a 48-hour window starting at $249 Buy now",en,15269,1569,713,571,1.0,0.0,-2.59
"Ready for a change? Everything you need in one device: smooth, responsive, and ready the moment you are. 🚀",en,3297,157,71,57,0.0,0.0,-28.31
Regarding the Galaxy S24 Ultra: underwhelming for the price. don't miss the cut,en,7308,353,160,128,0.0,0.0,-8.19
Still on the old model? Regarding the TrailBlazer GT: feels unfinished in daily use. a 48-hour window LAST CHANCE starting at $249 🚀 #Tech,en,6493,509,231,185,0.0,0.0,-8.74
Regarding the Skyline S13: a promise that arrives late. ACT FAST @GadgetDaily ⭐,en,26723,3576,1625,1300,0.0,0.0,-3.79
"Your daily routine, upgraded: built to look great and move even smarter. 🏆 ⚡ #La!",en,26237,6194,2815,2252,1.0,0.0,5.28
Discover the Aurora Pro X. built to look great and move even smarter. today only,en,9627,1548,704,563,1.0,0.0,13.08
"Discover the Luma Glass 4. smooth, responsive, and ready the moment you are. a 48-hour window, a 48-hour window built for real-world mornings seamless and intelligent by design",en,21373,1684,766,612,1.0,0.0,-16.54
"Seen enough? Regarding the Cascade Air Pump: feels unfinished in daily use. today only, prices rise at midnight, last chance at launch pricing for $199 Secure yours before it is gone",en,25756,1283,583,467,0.0,0.0,-15.66
"Your daily routine, upgraded: powerful enough to feel effortless. 🏆 seamless and intelligent by design engineered for people who refuse to settle one device, endless possibilities",en,21338,1340,609,487,1.0,0.0,-5.75
"Say hello to the Aurora Pro X. smooth, responsive, and ready the moment you are.",en,4794,211,96,77,0.0,0.0,-15.04
Regarding the Nimbus 7 Runner: underwhelming for the price. limited stock at thi!,en,16384,1515,689,551,0.0,0.0,-8.38
Regarding the Luma Glass 4: underwhelming for the price. limited stock at this p,en,2932,154,70,56,0.0,0.0,-15.1
Introducing the Luma Glass 4. crafted for the ones who show up early. limited st!,en,16007,1781,809,648,0.0,0.0,2.0
"The new VoltBuds 2 is here. smooth, responsive, and ready the moment you are. limited stock at this price, don't miss the cut under $150 💥 #MustHave #Sale built for real-world mornings",en,12835,1153,524,419,0.0,0.0,32.19
"Still on the old model? Your daily routine, upgraded: engineered for people who refuse to settle. last chance at launch pricing @GadgetDaily",en,36844,1629,740,592,0.0,0.0,54.04
"The new Takt Mesh Chair is here. seamless, intelligent, and effortless by design",en,5604,241,110,88,1.0,0.0,12.71
Seen enough? Discover the Galaxy S24 Ultra. designed to keep pace with your busiest mornings. for $199,en,4430,188,85,68,0.0,0.0,11.46
"Everything you need in one device: smooth, responsive, and ready the moment you are. the drop ends tonight ACT FAST @GadgetDaily starting at!",en,24972,1725,784,627,0.0,0.0,16.72
Say hello to the Skyline S13. engineered for people who refuse to settle. the dr,en,70009,4573,2079,1663,0.0,0.0,12.4
What if your gear finally kept pace? Meet the Luma Glass 4. built to look great,en,16901,1494,679,543,1.0,0.0,0.06
"Ready for a change? Everything you need in one device: smooth, responsive, and ready the moment you are. while supplies last, exclusive for our early crew, a 48-hour window NOW Start today",en,31685,3200,1454,1164,0.0,0.0,-27.5
Ready for a change? Regarding the EchoFit Band: far from what we expected. ACT FAST Buy now,en,16406,1391,632,506,0.0,0.0,-5.49
"Introducing the Luma Glass 4. engineered for people who refuse to settle. last chance at launch pricing, limited stock at this price LIMITED",en,44166,4998,2272,1818,0.0,0.0,-3.35
Seen enough? Meet the Cascade Air Pump. engineered for people who refuse to settle. limited stock at this price for $199 Secure yours before!,en,10399,745,339,271,0.0,0.0,19.14
"Still on the old model? Everything you need in one device: smooth, responsive, and ready the moment you are. NOW under $150 Start today 🚀 💥",en,24796,4794,2179,1743,0.0,0.0,16.79
"Meet the Nimbus 7 Runner. built to look great and move even smarter. today only,",en,5567,693,315,252,1.0,0.0,0.83
Ready for a change? Say hello to the TrailBlazer GT. crafted for the ones who show up early. NOW #Style,en,14727,610,277,222,0.0,0.0,8.9
"Introducing the Galaxy S24 Ultra. seamless, intelligent, and effortless by desig",en,11673,697,317,253,1.0,0.0,-50.73
Regarding the Skyline S13: feels unfinished in daily use. Start today,en,12469,1543,701,561,0.0,0.0,5.45
Ready for a change? Regarding the TrailBlazer GT: far from what we expected. BES,en,15003,603,274,219,0.0,0.0,11.64
Discover the Takt Mesh Chair. built to look great and move even smarter. while s,en,23115,1883,856,685,1.0,0.0,8.81
"Seen enough? Regarding the EchoFit Band: underwhelming for the price. limited stock at this price LIMITED ⭐ one device, endless possibilities seamless and intelligent by design",en,10304,1958,890,712,1.0,0.0,-3.83
Regarding the Takt Mesh Chair: far from what we expected. limited stock at this price under $150 Order in the next 24 hours 💥 🚀,en,14569,1420,646,516,0.0,0.0,6.97
"Everything you need in one device: seamless, intelligent, and effortless by design. exclusive for our early crew, last chance at launch pric",en,16218,3324,1511,1209,1.0,0.0,-39.54
"Say hello to the TrailBlazer GT. seamless, intelligent, and effortless by design. the drop ends tonight, a 48-hour window",en,17813,2426,1103,882,1.0,0.0,-12.77
Meet the TrailBlazer GT. powerful enough to feel effortless. LAST CHANCE for $19,en,50109,6731,3060,2448,1.0,0.0,-10.98
Regarding the Cascade Air Pump: far from what we expected. last chance at launch,en,20874,1804,820,656,0.0,0.0,-19.54
Regarding the Skyline S13: far from what we expected. exclusive for our early cr!,en,4314,428,194,156,0.0,0.0,12.9
Regarding the Skyline S13: far from what we expected. under $150 built for real-world mornings,en,13668,714,325,260,0.0,0.0,-42.65
Still on the old model? Regarding the Luma Glass 4: feels unfinished in daily us!,en,24908,938,427,341,0.0,0.0,21.5
Regarding the TrailBlazer GT: feels unfinished in daily use. limited stock at th,en,8631,608,276,221,0.0,0.0,-0.41
Regarding the Takt Mesh Chair: a promise that arrives late. #NextGen seamless and intelligent by design,en,25773,1892,860,688,1.0,0.0,-12.54
The new EchoFit Band is here. powerful enough to feel effortless. NOW #DealAlert,en,4185,908,413,330,1.0,0.0,-33.8
Regarding the Aurora Pro X: feels unfinished in daily use. Buy now ⭐ ⚡ #MustHave,en,9540,2339,1063,851,0.0,0.0,24.97
Tired of waiting for a bigger move? Regarding the TrailBlazer GT: a promise that arrives late. a 48-hour window at $299 Grab yours engineered for people who refuse to settle,en,40220,1766,803,642,0.0,0.0,30.79
Say hello to the Galaxy S24 Ultra. engineered for people who refuse to settle. today only NOW 🔥 🎯,en,5442,902,410,328,0.0,0.0,-16.19
"Meet the Luma Glass 4. built to look great and move even smarter. while supplies last, today only, today only #NextGen",en,19675,4058,1844,1476,1.0,0.0,-35.02
"Your daily routine, upgraded: crafted for the ones who show up early. #DealAlert",en,3621,167,76,61,0.0,0.0,-18.49
"Discover the VoltBuds 2. smooth, responsive, and ready the moment you are. price!",en,18688,636,289,231,0.0,0.0,-38.11
Say hello to the Nimbus 7 Runner. built to look great and move even smarter. last chance at launch pricing LAST CHANCE #MustHave #DealAlert,en,11011,1790,814,651,1.0,0.0,-16.04
"Discover the Galaxy S24 Ultra. seamless, intelligent, and effortless by design.!",en,16248,1761,800,640,1.0,0.0,4.96
"Introducing the Takt Mesh Chair. smooth, responsive, and ready the moment you ar",en,33771,1708,776,621,0.0,0.0,25.43
"Introducing the Skyline S13. powerful enough to feel effortless. exclusive for our early crew, prices rise at midnight, a 48-hour window sta",en,13990,1485,675,540,1.0,0.0,-1.19
Regarding the VoltBuds 2: feels unfinished in daily use. LIMITED Grab yours 🔥 built for real-world mornings,en,5650,1169,531,425,0.0,0.0,-1.57
The new Takt Mesh Chair is here. engineered for people who refuse to settle. Sec!,en,9479,824,375,300,0.0,0.0,-48.27
"Tired of waiting for a bigger move? The new Galaxy S24 Ultra is here. smooth, re!",en,71606,3240,1473,1178,0.0,0.0,0.15
Say hello to the Cascade Air Pump. built to look great and move even smarter. Gr!,en,17262,1368,622,498,1.0,0.0,24.14
Regarding the Galaxy S24 Ultra: feels unfinished in daily use. don't miss the cut Order in the next 24 hours,en,64798,2681,1219,975,0.0,0.0,20.2
"Meet the TrailBlazer GT. seamless, intelligent, and effortless by design. limited stock at this price",en,21023,2921,1328,1062,1.0,0.0,-12.17
Regarding the Aurora Pro X: a promise that arrives late. Grab yours 🚀 #Style,en,9219,837,381,305,0.0,0.0,-8.3
Regarding the Aurora Pro X: feels unfinished in daily use. Secure yours before it is gone 🏆,en,7746,361,164,131,0.0,0.0,-4.82
Seen enough? Introducing the Aurora Pro X. powerful enough to feel effortless. t,en,7530,315,143,115,1.0,0.0,25.05
Regarding the Takt Mesh Chair: a promise that arrives late. exclusive for our early crew Grab yours,en,28707,3254,1479,1183,0.0,0.0,10.81
"Meet the EchoFit Band. powerful enough to feel effortless. exclusive for our early crew, today only Secure yours before it is gone #LaunchDa!",en,10002,1938,881,705,1.0,0.0,35.41
"Your daily routine, upgraded: built to look great and move even smarter. last chance at launch pricing Buy now #MustHave #DealAlert",en,7455,1959,890,712,1.0,0.0,2.91
Seen enough? Say hello to the Nimbus 7 Runner. crafted for the ones who show up early. don't miss the cut Order in the next 24 hours,en,4983,196,89,71,0.0,0.0,-31.34
"Tired of waiting for a bigger move? Your daily routine, upgraded: built to look great and move even smarter. @GadgetDaily #Sale #DealAlert built for real-world mornings",en,21324,782,355,284,1.0,0.0,7.57
The new Luma Glass 4 is here. powerful enough to feel effortless. a 48-hour wind!,en,26464,2800,1273,1018,1.0,0.0,23.87
"Introducing the Aurora Pro X. smooth, responsive, and ready the moment you are.",en,24261,1190,541,433,0.0,0.0,23.85
"Regarding the Skyline S13: a promise that arrives late. the drop ends tonight Start today 🏆 #Limited #Sale built for real-world mornings one device, endless possibilities",en,7839,2190,995,796,0.0,0.0,15.31
Ready for a change? Regarding the EchoFit Band: a promise that arrives late. exc,en,33937,916,417,333,0.0,0.0,9.31
Tired of waiting for a bigger move? Discover the Skyline S13. built to look grea,en,18421,806,366,293,0.0,0.0,6.07
"Everything you need in one device: powerful enough to feel effortless. the drop ends tonight, exclusive for our early crew, limited stock at!",en,11386,2129,968,774,1.0,0.0,-3.47
"Regarding the Skyline S13: a promise that arrives late. LIMITED Start today #Sale seamless and intelligent by design one device, endless possibilities built for real-world mornings",en,4207,958,436,349,1.0,0.0,-40.46
Regarding the EchoFit Band: far from what we expected. limited stock at this price NOW Start today ⭐ #NewRelease,en,10660,3518,1599,1279,0.0,0.0,34.49
"Your daily routine, upgraded: powerful enough to feel effortless. prices rise at midnight, don't miss the cut, don't miss the cut BEST for $199 Grab yours 🏆 🎯 #NewRelease",en,6419,1623,738,590,1.0,0.0,-25.88
What if your gear finally kept pace? Regarding the Aurora Pro X: a promise that arrives late. last chance at launch pricing NOW for $199 Sta,en,28328,1823,829,663,0.0,0.0,-46.62
Tired of waiting for a bigger move? Regarding the EchoFit Band: a promise that arrives late. ACT FAST,en,16163,787,358,286,0.0,0.0,11.62
"Your daily routine, upgraded: engineered for people who refuse to settle. Shop t!",en,7820,365,166,133,0.0,0.0,6.0
Say hello to the Aurora Pro X. built to look great and move even smarter. while supplies last LIMITED Start today 🎯 #DealAlert #DealAlert,en,11413,3766,1712,1370,1.0,0.0,10.12
What if your gear finally kept pace? Regarding the EchoFit Band: far from what w,en,21615,923,420,336,0.0,0.0,-29.16
"Regarding the VoltBuds 2: feels unfinished in daily use. Shop today one device, endless possibilities seamless and intelligent by design engineered for people who refuse to settle",en,19055,4629,2104,1683,1.0,0.0,-12.51
"Everything you need in one device: crafted for the ones who show up early. don't miss the cut, don't miss the cut Buy now #Sale #Style",en,9237,533,242,194,0.0,0.0,0.46
Discover the Aurora Pro X. crafted for the ones who show up early. the drop ends tonight,en,13923,830,377,302,0.0,0.0,-7.45
"Introducing the Aurora Pro X. powerful enough to feel effortless. exclusive for our early crew, the drop ends tonight, prices rise at midnight Grab yours ⚡ #Limited #Tech",en,22581,7452,3387,2710,1.0,0.0,2.33
Regarding the EchoFit Band: a promise that arrives late. last chance at launch pricing BEST under $150 #LaunchDay #LaunchDay,en,19430,3827,1739,1392,1.0,0.0,11.73
"Discover the Cascade Air Pump. seamless, intelligent, and effortless by design.",en,5980,356,162,129,1.0,0.0,-41.97
"Ready for a change? Say hello to the TrailBlazer GT. designed to keep pace with your busiest mornings. don't miss the cut, today only",en,15199,628,285,228,0.0,0.0,-21.88
Everything you need in one device: designed to keep pace with your busiest morni!,en,16195,1041,473,379,0.0,0.0,7.22
The new Skyline S13 is here. designed to keep pace with your busiest mornings. 💥,en,5073,277,126,101,0.0,0.0,9.86
"Everything you need in one device: crafted for the ones who show up early. prices rise at midnight, today only at $299 💥 ⚡ built for real-world mornings engineered for people who refuse to settle",en,5494,929,422,338,0.0,0.0,-7.63
"Meet the VoltBuds 2. seamless, intelligent, and effortless by design. a 48-hour!",en,83025,8017,3644,2915,1.0,0.0,42.41
Discover the EchoFit Band. crafted for the ones who show up early. LAST CHANCE #NewRelease,en,9228,1155,525,420,0.0,0.0,-9.56
Regarding the Takt Mesh Chair: far from what we expected. ACT FAST @GadgetDaily 🏆,en,7648,1088,495,396,0.0,0.0,-14.4
The new Luma Glass 4 is here. crafted for the ones who show up early. today only @GadgetDaily,en,5935,367,167,134,0.0,0.0,7.03
"Your daily routine, upgraded: powerful enough to feel effortless. a 48-hour wind",en,11075,460,209,167,1.0,0.0,-10.27
Regarding the Takt Mesh Chair: far from what we expected. @GadgetDaily under $150 Buy now,en,10884,1689,768,614,0.0,0.0,-2.07
Why settle for less? Regarding the Aurora Pro X: feels unfinished in daily use. ACT FAST starting at $249 Order in the next 24 hours 🎯 🎯 #La,en,2962,283,129,103,0.0,0.0,-7.47
"Why settle for less? Regarding the Aurora Pro X: underwhelming for the price. limited stock at this price, prices rise at midnight, exclusiv",en,19390,1083,492,394,0.0,0.0,-8.26
Discover the Nimbus 7 Runner. built to look great and move even smarter. today o!,en,91067,7914,3597,2878,1.0,0.0,-4.66
Why settle for less? Discover the Aurora Pro X. powerful enough to feel effortle!,en,15981,1159,527,421,1.0,0.0,1.39
"Meet the Nimbus 7 Runner. seamless, intelligent, and effortless by design. don't miss the cut LIMITED Buy now",en,55680,18374,8352,6682,1.0,0.0,20.77
"Your daily routine, upgraded: built to look great and move even smarter. prices",en,24688,1291,587,469,1.0,0.0,35.19
"Your daily routine, upgraded: engineered for people who refuse to settle. while!",en,10190,429,195,156,0.0,0.0,-9.12
Regarding the Aurora Pro X: underwhelming for the price. BEST at $299,en,7347,635,288,231,1.0,0.0,38.5
"Your daily routine, upgraded: powerful enough to feel effortless. last chance at launch pricing under $150 #Style #Sale",en,14794,1932,878,702,1.0,0.0,-21.18
Say hello to the TrailBlazer GT. built to look great and move even smarter. today only ACT FAST for $199 #Sale #Limited,en,16391,5409,2459,1967,1.0,0.0,15.27
"Everything you need in one device: crafted for the ones who show up early. don't miss the cut, don't miss the cut, exclusive for our early crew at $299 one device, endless possibilities",en,18869,1588,722,578,0.0,0.0,-61.66
Meet the Aurora Pro X. built to look great and move even smarter. while supplies last NOW Secure yours before it is gone,en,10631,1139,518,414,1.0,0.0,-7.46
Say hello to the Aurora Pro X. crafted for the ones who show up early. last chan!,en,13401,948,431,345,0.0,0.0,15.74
Still on the old model? Regarding the VoltBuds 2: feels unfinished in daily use.!,en,15407,491,223,179,0.0,0.0,7.85
"Your daily routine, upgraded: built to look great and move even smarter. Buy now #DealAlert one device, endless possibilities one device, endless possibilities one device, endless possibilities",en,13023,1685,766,613,1.0,0.0,8.59
"Discover the Luma Glass 4. smooth, responsive, and ready the moment you are. exclusive for our early crew LAST CHANCE Order in the next 24 hours built for real-world mornings",en,10504,743,338,270,0.0,0.0,44.22
"Say hello to the Aurora Pro X. smooth, responsive, and ready the moment you are.!",en,8113,310,141,113,0.0,0.0,1.08
"Say hello to the Skyline S13. seamless, intelligent, and effortless by design. ACT FAST Order in the next 24 hours",en,9109,469,213,171,1.0,0.0,-23.03
"What if your gear finally kept pace? Your daily routine, upgraded: seamless, intelligent, and effortless by design. for $199",en,18869,917,417,333,1.0,0.0,-28.56
Ready for a change? Everything you need in one device: crafted for the ones who show up early. Start today #Limited #NextGen,en,5272,1041,473,379,0.0,0.0,-39.33
"The new Skyline S13 is here. smooth, responsive, and ready the moment you are. under $150 Start today #LaunchDay",en,3437,325,148,118,0.0,0.0,2.89
Regarding the VoltBuds 2: feels unfinished in daily use. starting at $249 #LaunchDay #MustHave,en,36462,2432,1105,884,0.0,0.0,6.61
Discover the Galaxy S24 Ultra. engineered for people who refuse to settle. the d!,en,27689,862,392,313,0.0,0.0,13.47
Regarding the Nimbus 7 Runner: a promise that arrives late. while supplies last,en,6039,275,125,100,0.0,0.0,20.5
"Say hello to the Luma Glass 4. smooth, responsive, and ready the moment you are.!",en,20281,1784,811,649,0.0,0.0,-52.84
The new TrailBlazer GT is here. powerful enough to feel effortless. seamless and intelligent by design,en,4211,148,67,54,1.0,0.0,-6.45
"Seen enough? Introducing the Nimbus 7 Runner. smooth, responsive, and ready the moment you are. for $199 Buy now 🎯 ⭐ #NewRelease",en,3966,583,265,212,0.0,0.0,-19.6
"Everything you need in one device: seamless, intelligent, and effortless by desi!",en,6900,1104,502,402,1.0,0.0,21.61
Regarding the Nimbus 7 Runner: far from what we expected. #NextGen #NewRelease engineered for people who refuse to settle,en,9889,537,244,195,0.0,0.0,-23.81
"The new VoltBuds 2 is here. seamless, intelligent, and effortless by design. sta",en,4917,425,193,155,1.0,0.0,-18.85
"Seen enough? Your daily routine, upgraded: crafted for the ones who show up early. the drop ends tonight, last chance at launch pricing Orde",en,13472,843,383,307,0.0,0.0,-6.52
Everything you need in one device: engineered for people who refuse to settle. Secure yours before it is gone 🚀 🎯 #Sale engineered for people who refuse to settle,en,52192,4066,1848,1478,0.0,0.0,11.08
"Introducing the Nimbus 7 Runner. smooth, responsive, and ready the moment you are. Start today ⚡ #Sale",en,22161,5519,2509,2007,0.0,0.0,-2.55
Seen enough? Discover the Skyline S13. crafted for the ones who show up early. p,en,7821,192,87,70,0.0,0.0,-19.95
Meet the Takt Mesh Chair. designed to keep pace with your busiest mornings. the drop ends tonight ACT FAST Secure yours before it is gone 🔥 #Style engineered for people who refuse to settle,en,6127,302,137,110,0.0,0.0,-18.38
"Meet the Galaxy S24 Ultra. smooth, responsive, and ready the moment you are. exclusive for our early crew ACT FAST Order in the next 24 hours 🚀 💥 one device, endless possibilities",en,6086,750,341,273,0.0,0.0,6.88
"Discover the Luma Glass 4. smooth, responsive, and ready the moment you are. NOW!",en,7660,720,327,262,0.0,0.0,7.56
Still on the old model? Regarding the Galaxy S24 Ultra: a promise that arrives l!,en,14647,917,417,333,0.0,0.0,-8.24
Say hello to the Aurora Pro X. crafted for the ones who show up early. Shop today,en,15961,3270,1486,1189,0.0,0.0,-21.88
Say hello to the TrailBlazer GT. engineered for people who refuse to settle. the,en,8780,442,201,161,0.0,0.0,-26.34
Tired of waiting for a bigger move? Meet the Cascade Air Pump. crafted for the ones who show up early. starting at $249 Buy now #SmarterLivi!,en,14279,1924,875,700,0.0,0.0,9.0
Discover the Aurora Pro X. built to look great and move even smarter. a 48-hour window LAST CHANCE for $199 seamless and intelligent by design built for real-world mornings,en,7832,502,228,183,1.0,0.0,27.79
Say hello to the TrailBlazer GT. crafted for the ones who show up early. while supplies last BEST @GadgetDaily under $150 Order in the next,en,8634,374,170,136,1.0,0.0,-12.41
Regarding the Aurora Pro X: far from what we expected. a 48-hour window @GadgetDaily 🏆 🔥,en,15575,985,448,358,0.0,0.0,1.63
"Regarding the Galaxy S24 Ultra: feels unfinished in daily use. limited stock at this price LAST CHANCE Shop today one device, endless possibilities engineered for people who refuse to settle",en,13342,4243,1929,1543,0.0,0.0,-36.81
"The new TrailBlazer GT is here. smooth, responsive, and ready the moment you are",en,8940,355,161,129,0.0,0.0,-15.17
Why settle for less? The new VoltBuds 2 is here. designed to keep pace with your busiest mornings. a 48-hour window ⚡ 🚀 #SmarterLiving #Deal,en,11536,1673,760,608,0.0,0.0,-4.69
Regarding the Galaxy S24 Ultra: feels unfinished in daily use. while supplies la!,en,9271,339,154,123,0.0,0.0,-11.26
Regarding the EchoFit Band: feels unfinished in daily use. LAST CHANCE @GadgetDaily starting at $249 💥 🏆,en,53993,5228,2376,1901,0.0,0.0,-22.0
"The new Aurora Pro X is here. smooth, responsive, and ready the moment you are.!",en,5602,363,165,132,0.0,0.0,-8.1
Still on the old model? Regarding the TrailBlazer GT: feels unfinished in daily!,en,58287,3296,1498,1199,0.0,0.0,4.98
Regarding the Skyline S13: feels unfinished in daily use. last chance at launch pricing 🔥 ⚡,en,30301,3069,1395,1116,0.0,0.0,-1.78
"Regarding the Takt Mesh Chair: a promise that arrives late. prices rise at midnight, exclusive for our early crew LAST CHANCE Grab yours 🏆 💥",en,9052,2987,1358,1086,0.0,0.0,-11.5
Regarding the Nimbus 7 Runner: feels unfinished in daily use. exclusive for our!,en,47577,2737,1244,995,0.0,0.0,10.3
Regarding the Skyline S13: underwhelming for the price. @GadgetDaily Shop today #Style #Limited,en,11648,1799,818,654,0.0,0.0,4.96
Regarding the Luma Glass 4: feels unfinished in daily use. exclusive for our early crew BEST Buy now,en,20779,4570,2077,1662,1.0,0.0,-9.47
"Your daily routine, upgraded: seamless, intelligent, and effortless by design. today only starting at $249 💥",en,13531,1844,838,671,1.0,0.0,-32.2
Introducing the Galaxy S24 Ultra. powerful enough to feel effortless. for $199 🏆!,en,7183,864,393,314,1.0,0.0,4.67
Regarding the Aurora Pro X: feels unfinished in daily use. last chance at launch,en,17993,1247,567,453,0.0,0.0,-6.22
Regarding the Cascade Air Pump: underwhelming for the price. last chance at laun,en,35187,3842,1746,1397,0.0,0.0,4.52
Regarding the Luma Glass 4: far from what we expected. a 48-hour window Buy now 🎯 💥,en,94936,21391,9723,7779,0.0,0.0,6.38
Ready for a change? Introducing the Takt Mesh Chair. designed to keep pace with!,en,14893,510,232,185,0.0,0.0,1.16
"Everything you need in one device: seamless, intelligent, and effortless by design. prices rise at midnight BEST @GadgetDaily",en,6715,335,152,122,1.0,0.0,-35.02
"Regarding the Luma Glass 4: a promise that arrives late. today only, prices rise at midnight LAST CHANCE starting at $249 💥 engineered for people who refuse to settle",en,22624,2525,1148,918,0.0,0.0,8.28
"Still on the old model? Regarding the Luma Glass 4: a promise that arrives late. prices rise at midnight, prices rise at midnight #SmarterLi",en,15000,573,261,208,0.0,0.0,3.18
"Why settle for less? The new VoltBuds 2 is here. smooth, responsive, and ready the moment you are. the drop ends tonight, limited stock at t!",en,10725,638,290,232,0.0,0.0,-5.22
"Regarding the Aurora Pro X: underwhelming for the price. Buy now ⭐ one device, endless possibilities",en,11524,1203,547,437,0.0,0.0,1.2
Regarding the Nimbus 7 Runner: feels unfinished in daily use. ACT FAST ⭐ #Tech seamless and intelligent by design,en,19767,3560,1618,1294,1.0,0.0,-35.79
Regarding the VoltBuds 2: far from what we expected. limited stock at this price #MustHave #LaunchDay,en,26962,3030,1377,1102,0.0,0.0,9.75
"Discover the Takt Mesh Chair. smooth, responsive, and ready the moment you are.",en,21944,986,448,358,0.0,0.0,19.79
"Regarding the Galaxy S24 Ultra: a promise that arrives late. while supplies last, don't miss the cut for $199 seamless and intelligent by design engineered for people who refuse to settle",en,5891,438,199,159,1.0,0.0,23.77
Meet the Takt Mesh Chair. designed to keep pace with your busiest mornings. the drop ends tonight @GadgetDaily Order in the next 24 hours 💥,en,7236,381,173,138,0.0,0.0,32.48
Still on the old model? Regarding the Takt Mesh Chair: feels unfinished in daily use. BEST starting at $249 Buy now,en,44911,6791,3087,2470,1.0,0.0,-15.6
The new Aurora Pro X is here. engineered for people who refuse to settle. a 48-h!,en,41114,2843,1292,1034,0.0,0.0,-23.54
"Regarding the EchoFit Band: a promise that arrives late. don't miss the cut, don't miss the cut",en,59552,2510,1141,913,0.0,0.0,2.84
Tired of waiting for a bigger move? The new Nimbus 7 Runner is here. powerful enough to feel effortless. LIMITED @GadgetDaily at $299 Buy no,en,27409,1394,633,507,1.0,0.0,-27.97
Regarding the Aurora Pro X: feels unfinished in daily use. Start today,en,5986,617,280,224,0.0,0.0,15.41
"Regarding the Luma Glass 4: far from what we expected. limited stock at this price, the drop ends tonight starting at $249 🚀 #Style",en,6360,488,222,177,0.0,0.0,5.22
Regarding the VoltBuds 2: a promise that arrives late. NOW under $150 Start today ⭐,en,41948,7444,3384,2707,0.0,0.0,8.44
"Everything you need in one device: smooth, responsive, and ready the moment you are. LAST CHANCE under $150 #NewRelease #Sale",en,12874,1017,462,370,0.0,0.0,-16.67
"Everything you need in one device: engineered for people who refuse to settle. don't miss the cut, today only, prices rise at midnight Shop!",en,13380,958,436,349,0.0,0.0,-41.01
Say hello to the Takt Mesh Chair. engineered for people who refuse to settle. last chance at launch pricing LAST CHANCE Start today #NewRele!,en,14744,4866,2212,1769,0.0,0.0,-17.12
Regarding the VoltBuds 2: feels unfinished in daily use. while supplies last @GadgetDaily Start today 🏆 🎯 #Limited,en,10976,3622,1646,1317,0.0,0.0,10.68
"Regarding the Skyline S13: feels unfinished in daily use. the drop ends tonight,",en,17487,624,284,227,0.0,0.0,-11.76
"Everything you need in one device: seamless, intelligent, and effortless by design. a 48-hour window, limited stock at this price LIMITED Se",en,14616,3736,1698,1359,1.0,0.0,2.41
"Seen enough? Regarding the VoltBuds 2: underwhelming for the price. the drop ends tonight, while supplies last #LaunchDay #SmarterLiving",en,39258,1463,665,532,0.0,0.0,7.58
Seen enough? Regarding the TrailBlazer GT: a promise that arrives late. the drop!,en,69056,3146,1430,1144,0.0,0.0,5.03
"Your daily routine, upgraded: crafted for the ones who show up early. while supp",en,3158,87,40,32,0.0,0.0,18.17
"Ready for a change? Introducing the Luma Glass 4. seamless, intelligent, and effortless by design. limited stock at this price for $199 #Sale seamless and intelligent by design",en,17833,1427,649,519,1.0,0.0,-48.58
"Ready for a change? Regarding the Luma Glass 4: far from what we expected. last chance at launch pricing, prices rise at midnight Shop today",en,12268,1871,851,680,0.0,0.0,-4.09
"The new Cascade Air Pump is here. powerful enough to feel effortless. for $199 one device, endless possibilities engineered for people who refuse to settle engineered for people who refuse to settle",en,4439,185,84,67,1.0,0.0,-8.69
Seen enough? Regarding the Cascade Air Pump: underwhelming for the price. prices rise at midnight Buy now 🏆 🏆,en,6477,742,337,270,0.0,0.0,-1.23
Discover the Cascade Air Pump. engineered for people who refuse to settle. LIMIT!,en,38473,2794,1270,1016,0.0,0.0,-4.56
What if your gear finally kept pace? Regarding the Galaxy S24 Ultra: far from wh,en,25551,1463,665,532,0.0,0.0,-26.62
"Discover the VoltBuds 2. seamless, intelligent, and effortless by design. NOW Secure yours before it is gone #NewRelease #NewRelease",en,11045,1226,557,446,1.0,0.0,-15.83
Ready for a change? Regarding the EchoFit Band: far from what we expected. exclu!,en,6878,272,124,99,0.0,0.0,-2.91
Still on the old model? Regarding the Luma Glass 4: a promise that arrives late. starting at $249 Order in the next 24 hours,en,21943,559,254,203,0.0,0.0,5.2
Why settle for less? Introducing the EchoFit Band. designed to keep pace with your busiest mornings. don't miss the cut @GadgetDaily Shop to,en,11924,188,86,68,0.0,0.0,2.92
What if your gear finally kept pace? Everything you need in one device: powerful,en,12175,575,262,209,1.0,0.0,5.11
Discover the Cascade Air Pump. crafted for the ones who show up early. @GadgetDa,en,29504,1282,583,466,0.0,0.0,-0.47
Regarding the TrailBlazer GT: a promise that arrives late. @GadgetDaily #NextGen,en,10917,662,301,241,0.0,0.0,2.09
Seen enough? Regarding the Galaxy S24 Ultra: a promise that arrives late. while,en,5646,215,98,78,0.0,0.0,-5.07
Introducing the EchoFit Band. powerful enough to feel effortless. BEST 🎯 engineered for people who refuse to settle seamless and intelligent by design seamless and intelligent by design,en,29015,2097,953,763,1.0,0.0,28.54
Regarding the Galaxy S24 Ultra: a promise that arrives late. prices rise at midn!,en,11268,909,413,331,0.0,0.0,3.57
Regarding the EchoFit Band: a promise that arrives late. the drop ends tonight starting at $249 Shop today,en,11121,1342,610,488,0.0,0.0,11.76
"Seen enough? Your daily routine, upgraded: designed to keep pace with your busiest mornings. don't miss the cut Buy now",en,7225,456,207,166,0.0,0.0,-4.47
Regarding the Skyline S13: underwhelming for the price. don't miss the cut at $2,en,23470,987,449,359,0.0,0.0,11.44
"Still on the old model? Regarding the Cascade Air Pump: feels unfinished in daily use. today only, while supplies last #Tech",en,12925,510,232,185,0.0,0.0,-4.98
"Regarding the Cascade Air Pump: underwhelming for the price. exclusive for our early crew, don't miss the cut @GadgetDaily at $299 Shop toda!",en,20597,1354,615,492,0.0,0.0,0.55
"Still on the old model? Discover the Luma Glass 4. seamless, intelligent, and effortless by design. limited stock at this price Start today #Sale #NextGen seamless and intelligent by design",en,33486,5904,2684,2147,1.0,0.0,14.1
Say hello to the Takt Mesh Chair. crafted for the ones who show up early. while supplies last NOW for $199 Buy now #Style #NextGen,en,36755,6000,2727,2182,0.0,0.0,19.95
"Seen enough? Your daily routine, upgraded: powerful enough to feel effortless. @!",en,3721,152,69,55,1.0,0.0,21.69
"Why settle for less? Discover the Skyline S13. engineered for people who refuse to settle. while supplies last, exclusive for our early crew @GadgetDaily at $299 #MustHave",en,25921,849,386,309,0.0,0.0,-4.18
Regarding the Aurora Pro X: a promise that arrives late. limited stock at this p!,en,83966,9252,4205,3364,0.0,0.0,5.56
"Say hello to the Cascade Air Pump. seamless, intelligent, and effortless by design. limited stock at this price, today only, last chance at",en,4082,1032,469,375,1.0,0.0,-28.29
"Meet the Skyline S13. smooth, responsive, and ready the moment you are. for $199 #DealAlert",en,48172,6169,2804,2243,0.0,0.0,26.8
Tired of waiting for a bigger move? Regarding the Cascade Air Pump: a promise that arrives late. Start today,en,18094,1613,733,587,0.0,0.0,-13.07
Regarding the Aurora Pro X: far from what we expected. exclusive for our early crew,en,25001,1067,485,388,0.0,0.0,-14.95
Discover the Skyline S13. designed to keep pace with your busiest mornings. LAST CHANCE Grab yours 🎯,en,27218,4864,2211,1769,0.0,0.0,6.56
"Your daily routine, upgraded: designed to keep pace with your busiest mornings. under $150",en,4275,95,43,35,0.0,0.0,39.71
Tired of waiting for a bigger move? Regarding the Aurora Pro X: far from what we expected. for $199 Start today #NewRelease,en,17270,2452,1115,892,0.0,0.0,-6.06
"What if your gear finally kept pace? Meet the Galaxy S24 Ultra. seamless, intelligent, and effortless by design. while supplies last, don't miss the cut, the drop ends tonight Buy now",en,13662,1255,570,456,1.0,0.0,8.26
Regarding the Nimbus 7 Runner: far from what we expected. the drop ends tonight ⭐ 💥 #LaunchDay seamless and intelligent by design built for real-world mornings built for real-world mornings,en,9256,1341,610,488,1.0,0.0,12.16
"Still on the old model? The new Skyline S13 is here. smooth, responsive, and ready the moment you are. don't miss the cut Shop today",en,24193,2525,1148,918,0.0,0.0,-25.95
Why settle for less? Regarding the Aurora Pro X: underwhelming for the price. un!,en,37401,619,281,225,0.0,0.0,6.6
"Introducing the Cascade Air Pump. smooth, responsive, and ready the moment you are. while supplies last, today only, while supplies last ACT",en,4302,326,148,119,0.0,0.0,4.42
Discover the Nimbus 7 Runner. powerful enough to feel effortless. exclusive for,en,17329,1573,715,572,1.0,0.0,-6.87
"Tired of waiting for a bigger move? Discover the Galaxy S24 Ultra. crafted for the ones who show up early. exclusive for our early crew Shop today #Tech one device, endless possibilities",en,12512,1156,525,420,0.0,0.0,-4.06
Everything you need in one device: engineered for people who refuse to settle. @!,en,5097,304,138,110,0.0,0.0,9.49
Regarding the Takt Mesh Chair: underwhelming for the price. today only Secure yours before it is gone,en,6718,351,160,128,0.0,0.0,22.95
"Tired of waiting for a bigger move? Your daily routine, upgraded: smooth, responsive, and ready the moment you are. Start today 🎯 #NewReleas!",en,8587,939,427,341,0.0,0.0,-16.57
Still on the old model? Introducing the Skyline S13. crafted for the ones who show up early. BEST Secure yours before it is gone 🏆 💥,en,25470,1813,824,659,1.0,0.0,-4.12
"Why settle for less? Regarding the Luma Glass 4: underwhelming for the price. the drop ends tonight, don't miss the cut, prices rise at midn",en,45252,1182,537,430,0.0,0.0,3.36
What if your gear finally kept pace? Meet the Aurora Pro X. engineered for people who refuse to settle. prices rise at midnight LIMITED Shop,en,73977,4379,1990,1592,0.0,0.0,20.91
"Seen enough? Your daily routine, upgraded: engineered for people who refuse to settle. starting at $249 Buy now #LaunchDay #MustHave",en,25581,1351,614,491,0.0,0.0,-17.38
Why settle for less? Introducing the VoltBuds 2. engineered for people who refus,en,16620,659,299,240,0.0,0.0,2.93
Regarding the Nimbus 7 Runner: feels unfinished in daily use. #NewRelease engineered for people who refuse to settle,en,61860,2143,974,779,0.0,0.0,14.21
"Your daily routine, upgraded: crafted for the ones who show up early. limited stock at this price, don't miss the cut for $199 Shop today",en,35618,7018,3190,2552,0.0,0.0,-9.75
Say hello to the Aurora Pro X. engineered for people who refuse to settle. Secur,en,18620,1218,554,443,0.0,0.0,-15.26
Meet the Skyline S13. engineered for people who refuse to settle. today only Ord!,en,11207,1364,620,496,0.0,0.0,18.04
Regarding the Takt Mesh Chair: a promise that arrives late. the drop ends tonight starting at $249 #Tech #LaunchDay,en,13318,675,307,245,0.0,0.0,20.65
"Ready for a change? Everything you need in one device: designed to keep pace with your busiest mornings. a 48-hour window, the drop ends ton",en,47926,870,396,316,0.0,0.0,14.91
"Tired of waiting for a bigger move? Your daily routine, upgraded: powerful enoug!",en,4808,486,221,177,1.0,0.0,-6.93
Ready for a change? The new Galaxy S24 Ultra is here. powerful enough to feel ef,en,7239,502,228,182,1.0,0.0,26.08
"Say hello to the Nimbus 7 Runner. smooth, responsive, and ready the moment you are. limited stock at this price, exclusive for our early cre!",en,37784,11139,5063,4050,0.0,0.0,-5.77
"The new TrailBlazer GT is here. crafted for the ones who show up early. NOW @GadgetDaily one device, endless possibilities one device, endless possibilities engineered for people who refuse to settle",en,5500,126,57,46,0.0,0.0,-7.29
"Seen enough? Introducing the Cascade Air Pump. seamless, intelligent, and effortless by design. limited stock at this price, don't miss the",en,28865,2150,977,782,1.0,0.0,16.32
Meet the Galaxy S24 Ultra. designed to keep pace with your busiest mornings. BES!,en,3297,211,96,77,0.0,0.0,13.45
Ready for a change? Say hello to the EchoFit Band. powerful enough to feel effortless. @GadgetDaily Secure yours before it is gone #NewRelea!,en,20051,1098,499,399,1.0,0.0,-29.71
Discover the TrailBlazer GT. built to look great and move even smarter. the drop,en,12123,949,431,345,1.0,0.0,44.44
Regarding the TrailBlazer GT: far from what we expected. BEST @GadgetDaily,en,39600,3178,1445,1156,1.0,0.0,-38.33
Ready for a change? Regarding the Takt Mesh Chair: a promise that arrives late. for $199 Secure yours before it is gone built for real-world mornings seamless and intelligent by design,en,22327,924,420,336,1.0,0.0,-7.29
"Say hello to the Cascade Air Pump. smooth, responsive, and ready the moment you are! built for real-world mornings one device, endless possibilities engineered for people who refuse to settle",en,5153,223,101,81,0.0,0.0,-13.12
Regarding the Skyline S13: underwhelming for the price. last chance at launch pricing #Style #LaunchDay,en,5169,452,205,164,0.0,0.0,24.87
"Meet the Aurora Pro X. seamless, intelligent, and effortless by design. exclusiv",en,19747,1721,782,626,1.0,0.0,11.51
The new EchoFit Band is here. designed to keep pace with your busiest mornings. Grab yours #LaunchDay #Style seamless and intelligent by design engineered for people who refuse to settle,en,12700,979,445,356,1.0,0.0,-10.94
"Why settle for less? Introducing the EchoFit Band. seamless, intelligent, and ef",en,10376,591,269,215,1.0,0.0,-4.85
The new Aurora Pro X is here. powerful enough to feel effortless. LIMITED for $199 #NextGen,en,19179,3963,1801,1441,1.0,0.0,-3.13
Introducing the EchoFit Band. engineered for people who refuse to settle. 🚀 #Sma,en,13220,967,440,352,0.0,0.0,33.67
"Meet the Galaxy S24 Ultra. smooth, responsive, and ready the moment you are. limited stock at this price, exclusive for our early crew @Gadg",en,12947,1865,848,678,0.0,0.0,25.99
Say hello to the Nimbus 7 Runner. designed to keep pace with your busiest mornin!,en,27161,2152,978,782,0.0,0.0,-14.0
Ready for a change? Regarding the Aurora Pro X: feels unfinished in daily use. 💥 ⚡,en,10185,567,258,206,0.0,0.0,43.61
Still on the old model? Regarding the Luma Glass 4: underwhelming for the price. while supplies last Secure yours before it is gone #SmarterLiving #MustHave engineered for people who refuse to settle,en,16619,500,227,182,0.0,0.0,36.72
"Regarding the TrailBlazer GT: feels unfinished in daily use. last chance at launch pricing, while supplies last NOW Start today #DealAlert",en,4539,788,358,287,0.0,0.0,-11.78
"Regarding the Takt Mesh Chair: feels unfinished in daily use. today only, last chance at launch pricing",en,8024,1521,691,553,0.0,0.0,22.02
"Regarding the Takt Mesh Chair: a promise that arrives late. today only, limited stock at this price, limited stock at this price Grab yours",en,9887,1739,790,632,0.0,0.0,-9.24
The new Skyline S13 is here. powerful enough to feel effortless. exclusive for o,en,69067,7373,3351,2681,1.0,0.0,13.29
"Seen enough? Everything you need in one device: seamless, intelligent, and effortless by design. ACT FAST one device, endless possibilities built for real-world mornings",en,9671,654,297,238,1.0,0.0,18.48
"Regarding the TrailBlazer GT: a promise that arrives late. a 48-hour window, exclusive for our early crew NOW #NextGen",en,54241,3807,1731,1385,0.0,0.0,-20.98
"Say hello to the VoltBuds 2. crafted for the ones who show up early. Start today 🎯 #Sale #NextGen one device, endless possibilities built for real-world mornings",en,18019,3032,1378,1102,0.0,0.0,23.97
"Your daily routine, upgraded: engineered for people who refuse to settle. while supplies last, while supplies last Start today #Limited",en,4901,565,257,205,0.0,0.0,26.62
Regarding the Galaxy S24 Ultra: underwhelming for the price. #NextGen #Sale,en,20654,1095,498,398,0.0,0.0,12.39
Regarding the Cascade Air Pump: feels unfinished in daily use. LAST CHANCE under,en,2642,142,64,52,0.0,0.0,25.04
"Introducing the EchoFit Band. seamless, intelligent, and effortless by design. while supplies last, exclusive for our early crew #LaunchDay",en,20033,1941,882,706,1.0,0.0,-0.34
Meet the Takt Mesh Chair. crafted for the ones who show up early. Grab yours seamless and intelligent by design,en,25393,3286,1494,1195,1.0,0.0,-5.36
"Tired of waiting for a bigger move? Discover the Cascade Air Pump. built to look great and move even smarter. prices rise at midnight, price!",en,66552,3512,1596,1277,1.0,0.0,5.06
"What if your gear finally kept pace? The new Luma Glass 4 is here. seamless, intelligent, and effortless by design. the drop ends tonight Buy now #Sale engineered for people who refuse to settle",en,125978,19252,8751,7001,1.0,0.0,62.01
"The new Aurora Pro X is here. designed to keep pace with your busiest mornings. don't miss the cut, the drop ends tonight Order in the next 24 hours engineered for people who refuse to settle",en,36075,1248,567,454,0.0,0.0,-18.39
"Seen enough? Everything you need in one device: engineered for people who refuse to settle. exclusive for our early crew, while supplies last ⭐ 🏆 #SmarterLiving",en,12443,835,379,304,0.0,0.0,36.6
Tired of waiting for a bigger move? The new EchoFit Band is here. built to look great and move even smarter. @GadgetDaily #Style,en,11611,667,303,243,1.0,0.0,-10.97
Regarding the Nimbus 7 Runner: feels unfinished in daily use. ⚡ #Sale,en,19087,1883,856,685,0.0,0.0,12.02
Everything you need in one device: designed to keep pace with your busiest morni,en,43068,1518,690,552,0.0,0.0,4.1
Regarding the Skyline S13: a promise that arrives late. today only 🚀 🎯 built for real-world mornings engineered for people who refuse to settle seamless and intelligent by design,en,40825,6099,2772,2218,1.0,0.0,-25.35
Regarding the Nimbus 7 Runner: far from what we expected. Buy now 🏆 engineered for people who refuse to settle,en,67796,16253,7388,5910,0.0,0.0,2.12
Introducing the Skyline S13. powerful enough to feel effortless. exclusive for o,en,22231,2744,1247,998,1.0,0.0,6.0
Discover the Aurora Pro X. crafted for the ones who show up early. last chance at launch pricing NOW 💥 #Sale,en,27437,5201,2364,1891,0.0,0.0,-22.98
Meet the EchoFit Band. engineered for people who refuse to settle. exclusive for our early crew @GadgetDaily #MustHave #Sale,en,14875,1239,563,451,0.0,0.0,-4.8
Regarding the TrailBlazer GT: feels unfinished in daily use. limited stock at this price NOW built for real-world mornings seamless and intelligent by design built for real-world mornings,en,19829,4748,2158,1727,1.0,0.0,-7.53
Everything you need in one device: engineered for people who refuse to settle. exclusive for our early crew for $199 Secure yours before it!,en,10283,636,289,231,0.0,0.0,12.72
"Regarding the Cascade Air Pump: underwhelming for the price. @GadgetDaily engineered for people who refuse to settle one device, endless possibilities seamless and intelligent by design",en,18119,928,422,337,1.0,0.0,-13.16
"Regarding the Skyline S13: feels unfinished in daily use. prices rise at midnight, last chance at launch pricing, limited stock at this pric",en,18791,2302,1046,837,0.0,0.0,-1.82
"Your daily routine, upgraded: crafted for the ones who show up early. prices rise at midnight Buy now #Sale",en,8462,931,423,339,0.0,0.0,-9.89
Regarding the EchoFit Band: far from what we expected. while supplies last under!,en,15966,1105,502,402,0.0,0.0,32.76
Regarding the TrailBlazer GT: underwhelming for the price. exclusive for our ear!,en,9253,903,410,328,0.0,0.0,6.99
Introducing the EchoFit Band. built to look great and move even smarter. ACT FAS!,en,11628,1246,566,453,1.0,0.0,2.66
Introducing the Aurora Pro X. crafted for the ones who show up early. NOW built for real-world mornings,en,20179,1044,474,380,0.0,0.0,-16.45
The new Galaxy S24 Ultra is here. designed to keep pace with your busiest mornings. Buy now #NextGen,en,13678,1544,702,561,0.0,0.0,-11.67
Introducing the VoltBuds 2. built to look great and move even smarter. Start tod!,en,50016,4250,1932,1546,1.0,0.0,6.33
"Discover the Cascade Air Pump. built to look great and move even smarter. exclusive for our early crew, a 48-hour window Secure yours before it is gone engineered for people who refuse to settle",en,18505,1331,605,484,1.0,0.0,-64.5
"Regarding the Galaxy S24 Ultra: underwhelming for the price. today only LAST CHANCE 💥 #SmarterLiving one device, endless possibilities built for real-world mornings",en,11280,2413,1097,877,0.0,0.0,24.63
"Regarding the Luma Glass 4: far from what we expected. today only, a 48-hour win!",en,52736,6865,3121,2497,1.0,0.0,16.27
"Regarding the Takt Mesh Chair: far from what we expected. a 48-hour window, limited stock at this price at $299 🔥 🎯 #Limited",en,11721,2166,984,788,0.0,0.0,-14.13
Meet the Luma Glass 4. built to look great and move even smarter. #Tech built for real-world mornings,en,18073,1422,646,517,1.0,0.0,31.97
Regarding the TrailBlazer GT: feels unfinished in daily use. a 48-hour window NOW at $299 Grab yours #SmarterLiving,en,22693,2409,1095,876,0.0,0.0,-17.94
Regarding the Nimbus 7 Runner: a promise that arrives late. prices rise at midni,en,6015,224,102,81,0.0,0.0,4.56
Why settle for less? The new Cascade Air Pump is here. crafted for the ones who,en,11858,510,232,185,0.0,0.0,-28.61
"Regarding the Luma Glass 4: underwhelming for the price. don't miss the cut, today only @GadgetDaily under $150 Order in the next 24 hours #Sale built for real-world mornings",en,5701,303,138,110,0.0,0.0,-1.17
"Introducing the Luma Glass 4. engineered for people who refuse to settle. 🎯 🏆 one device, endless possibilities",en,6720,330,150,120,0.0,0.0,31.46
"Your daily routine, upgraded: powerful enough to feel effortless. today only for!",en,29526,5177,2353,1883,1.0,0.0,-9.95
"The new Skyline S13 is here. seamless, intelligent, and effortless by design. don't miss the cut, the drop ends tonight #Limited",en,18588,1915,870,696,1.0,0.0,22.31
"Ready for a change? Introducing the TrailBlazer GT. built to look great and move even smarter. exclusive for our early crew, limited stock at this price Buy now 💥",en,6278,2072,942,753,1.0,0.0,23.01
Regarding the TrailBlazer GT: far from what we expected. last chance at launch pricing at $299 Order in the next 24 hours ⭐ ⭐,en,79976,6367,2894,2315,0.0,0.0,6.5
"Regarding the Nimbus 7 Runner: feels unfinished in daily use. limited stock at this price, last chance at launch pricing, the drop ends toni",en,13208,921,418,335,0.0,0.0,-6.77
"Everything you need in one device: seamless, intelligent, and effortless by design. don't miss the cut under $150 #Style #Tech",en,21596,1772,805,644,1.0,0.0,13.82
Regarding the EchoFit Band: feels unfinished in daily use. ACT FAST #NextGen #Mu,en,34402,2525,1148,918,0.0,0.0,13.66
Everything you need in one device: engineered for people who refuse to settle. @GadgetDaily #Style,en,7893,461,210,168,0.0,0.0,-2.71
Regarding the EchoFit Band: a promise that arrives late. a 48-hour window @GadgetDaily Shop today,en,45667,7721,3510,2808,0.0,0.0,-2.39
"Tired of waiting for a bigger move? Regarding the Aurora Pro X: feels unfinished in daily use. prices rise at midnight, today only, while su",en,58379,2541,1155,924,0.0,0.0,3.43
"Regarding the Galaxy S24 Ultra: a promise that arrives late. a 48-hour window, a 48-hour window, don't miss the cut under $150 Buy now #Tech",en,28674,2658,1208,967,0.0,0.0,-18.59
What if your gear finally kept pace? Regarding the Luma Glass 4: underwhelming f!,en,7054,620,282,225,0.0,0.0,-25.27
Seen enough? Say hello to the Skyline S13. crafted for the ones who show up earl,en,7003,278,127,101,0.0,0.0,-23.89
"Say hello to the Galaxy S24 Ultra. designed to keep pace with your busiest mornings. the drop ends tonight, prices rise at midnight ACT FAST",en,8642,900,409,327,0.0,0.0,16.95
"The new Cascade Air Pump is here. smooth, responsive, and ready the moment you are. @GadgetDaily Order in the next 24 hours #NextGen",en,10873,802,364,291,0.0,0.0,6.85
"What if your gear finally kept pace? Everything you need in one device: smooth, responsive, and ready the moment you are. today only at $299",en,24429,1557,708,566,0.0,0.0,11.68
Everything you need in one device: engineered for people who refuse to settle. LAST CHANCE @GadgetDaily Start today #Tech #Limited,en,32963,9937,4517,3613,0.0,0.0,7.42
"Everything you need in one device: smooth, responsive, and ready the moment you!",en,14653,616,280,224,0.0,0.0,13.32
"Seen enough? Regarding the Nimbus 7 Runner: feels unfinished in daily use. last chance at launch pricing, exclusive for our early crew, while supplies last Start today #Style",en,43506,5215,2371,1896,0.0,0.0,-21.99
"Regarding the Cascade Air Pump: far from what we expected. the drop ends tonight, exclusive for our early crew, don't miss the cut #Tech #Ne!",en,23318,2828,1285,1028,0.0,0.0,6.0
"Regarding the Cascade Air Pump: underwhelming for the price. a 48-hour window, a!",en,17954,1412,642,513,0.0,0.0,10.26
"Your daily routine, upgraded: designed to keep pace with your busiest mornings. last chance at launch pricing, the drop ends tonight, the drop ends tonight LIMITED Start today #DealAlert #Limited",en,19191,4581,2082,1666,0.0,0.0,24.12
"Regarding the Cascade Air Pump: feels unfinished in daily use. the drop ends tonight, today only BEST Buy now #LaunchDay #Tech",en,19190,6333,2878,2303,1.0,0.0,-9.37
"Everything you need in one device: powerful enough to feel effortless. today only, a 48-hour window #Limited built for real-world mornings one device, endless possibilities",en,33010,6687,3039,2432,1.0,0.0,-0.4
Regarding the Luma Glass 4: far from what we expected. exclusive for our early crew LAST CHANCE Start today #NextGen #SmarterLiving,en,2064,538,245,196,0.0,0.0,20.58
"Introducing the VoltBuds 2. smooth, responsive, and ready the moment you are. 🏆",en,55389,6831,3105,2484,0.0,0.0,33.57
Say hello to the Cascade Air Pump. powerful enough to feel effortless. the drop!,en,3491,536,244,195,1.0,0.0,4.16
"What if your gear finally kept pace? Regarding the Takt Mesh Chair: a promise that arrives late. exclusive for our early crew, prices rise a",en,31171,1141,519,415,0.0,0.0,-10.63
Introducing the Galaxy S24 Ultra. engineered for people who refuse to settle. a 48-hour window seamless and intelligent by design seamless and intelligent by design,en,7034,285,130,104,1.0,0.0,-13.42
"Regarding the Nimbus 7 Runner: a promise that arrives late. today only, today only, the drop ends tonight Buy now ⭐",en,2235,661,301,241,0.0,0.0,1.41
Tired of waiting for a bigger move? Regarding the Cascade Air Pump: underwhelmin!,en,8831,452,206,165,0.0,0.0,-30.38
"Regarding the Skyline S13: feels unfinished in daily use. a 48-hour window, the",en,14633,596,271,217,0.0,0.0,-25.6
Tired of waiting for a bigger move? Regarding the VoltBuds 2: a promise that arrives late. at $299 #SmarterLiving,en,4097,139,63,50,0.0,0.0,45.87
Say hello to the TrailBlazer GT. built to look great and move even smarter. prices rise at midnight at $299 Shop today 💥,en,13011,3470,1577,1262,1.0,0.0,-3.76
"Regarding the Cascade Air Pump: underwhelming for the price. 🔥 🔥 #DealAlert one device, endless possibilities",en,8980,897,408,326,0.0,0.0,-15.17
Discover the Nimbus 7 Runner. designed to keep pace with your busiest mornings.!,en,113673,7824,3556,2845,0.0,0.0,2.54
Tired of waiting for a bigger move? Everything you need in one device: designed to keep pace with your busiest mornings. for $199 Buy now,en,4863,591,268,215,0.0,0.0,-14.64
"Ready for a change? Say hello to the TrailBlazer GT. smooth, responsive, and ready the moment you are. BEST #LaunchDay #Tech",en,70576,6136,2789,2231,1.0,0.0,31.14
"Still on the old model? Meet the Luma Glass 4. seamless, intelligent, and effortless by design. NOW Order in the next 24 hours 🎯 one device, endless possibilities",en,4090,192,87,70,1.0,0.0,-20.57
Everything you need in one device: designed to keep pace with your busiest morni!,en,34220,1779,809,647,0.0,0.0,-23.05
Introducing the Galaxy S24 Ultra. designed to keep pace with your busiest mornings. don't miss the cut under $150 Order in the next 24 hours!,en,4981,344,156,125,0.0,0.0,-7.1
"Tired of waiting for a bigger move? Your daily routine, upgraded: built to look",en,13870,563,256,205,0.0,0.0,11.89
"Meet the Luma Glass 4. designed to keep pace with your busiest mornings. while supplies last, prices rise at midnight, the drop ends tonight Secure yours before it is gone #Limited #NewRelease",en,21597,1753,797,637,0.0,0.0,-28.09
Regarding the VoltBuds 2: underwhelming for the price. limited stock at this pri!,en,12422,1297,589,471,0.0,0.0,13.15
Regarding the Luma Glass 4: a promise that arrives late. limited stock at this price LAST CHANCE @GadgetDaily 🚀 🎯 seamless and intelligent by design engineered for people who refuse to settle,en,29341,7172,3260,2608,1.0,0.0,-27.39
Ready for a change? Regarding the VoltBuds 2: underwhelming for the price. a 48-,en,25385,1033,469,376,0.0,0.0,-20.85
"The new TrailBlazer GT is here. built to look great and move even smarter. prices rise at midnight, last chance at launch pricing, prices rise at midnight seamless and intelligent by design",en,49254,4656,2116,1693,1.0,0.0,4.86
"Your daily routine, upgraded: designed to keep pace with your busiest mornings. limited stock at this price, today only, the drop ends tonig!",en,30802,4096,1862,1490,0.0,0.0,-1.01
Why settle for less? Regarding the Aurora Pro X: far from what we expected. a 48!,en,29332,1259,572,458,0.0,0.0,14.02
"Regarding the Aurora Pro X: far from what we expected. a 48-hour window, prices rise at midnight at $299 #SmarterLiving #NewRelease",en,5469,469,213,171,0.0,0.0,-13.43
"Seen enough? Regarding the TrailBlazer GT: far from what we expected. prices rise at midnight, a 48-hour window NOW",en,6115,232,105,84,0.0,0.0,0.23
Tired of waiting for a bigger move? Meet the Aurora Pro X. powerful enough to fe,en,18111,1284,583,467,1.0,0.0,-8.69
Tired of waiting for a bigger move? The new Takt Mesh Chair is here. powerful enough to feel effortless. last chance at launch pricing,en,26937,1616,735,588,1.0,0.0,-0.91
"Say hello to the Takt Mesh Chair. powerful enough to feel effortless. prices rise at midnight, exclusive for our early crew, last chance at",en,12222,3241,1473,1179,1.0,0.0,-26.13
"Tired of waiting for a bigger move? Regarding the Galaxy S24 Ultra: far from what we expected. today only, today only at $299 Start today",en,32128,5111,2323,1858,0.0,0.0,0.01
"Introducing the Aurora Pro X. seamless, intelligent, and effortless by design. l!",en,12192,1427,649,519,1.0,0.0,-28.47
Seen enough? Meet the Luma Glass 4. powerful enough to feel effortless. under $150 Shop today,en,37162,3660,1664,1331,1.0,0.0,25.26
The new Skyline S13 is here. crafted for the ones who show up early. Order in the next 24 hours 💥,en,16186,1016,462,370,0.0,0.0,0.74
"Discover the Aurora Pro X. smooth, responsive, and ready the moment you are. prices rise at midnight @GadgetDaily Shop today one device, endless possibilities seamless and intelligent by design",en,5783,634,288,230,1.0,0.0,-1.81
Everything you need in one device: designed to keep pace with your busiest mornings. exclusive for our early crew Buy now #NewRelease,en,38278,6316,2871,2297,0.0,0.0,-24.29
Regarding the Nimbus 7 Runner: underwhelming for the price. last chance at launch pricing NOW @GadgetDaily Order in the next 24 hours,en,21618,2467,1122,897,0.0,0.0,11.0
Regarding the Aurora Pro X: a promise that arrives late. LAST CHANCE Secure yours before it is gone ⭐ 🏆 engineered for people who refuse to settle seamless and intelligent by design,en,10950,1119,509,407,1.0,0.0,11.21
Say hello to the Luma Glass 4. crafted for the ones who show up early. under $150 #Sale #SmarterLiving,en,2994,131,59,48,0.0,0.0,-7.02
"Regarding the Skyline S13: far from what we expected. don't miss the cut, a 48-hour window, while supplies last NOW Order in the next 24 hours 🔥 #NewRelease #LaunchDay",en,7858,690,314,251,0.0,0.0,33.57
Introducing the Galaxy S24 Ultra. designed to keep pace with your busiest mornings. prices rise at midnight at $299 Grab yours #DealAlert,en,26861,2812,1278,1022,0.0,0.0,-3.31
Ready for a change? Regarding the Skyline S13: feels unfinished in daily use. #S!,en,44346,2447,1112,890,0.0,0.0,0.17
"Say hello to the Galaxy S24 Ultra. crafted for the ones who show up early. today only, today only @GadgetDaily Grab yours #NextGen #Tech",en,24260,2761,1255,1004,0.0,0.0,-15.71
Regarding the EchoFit Band: a promise that arrives late. exclusive for our early crew at $299 Grab yours 🏆,en,6671,1881,855,684,0.0,0.0,-14.78
"What if your gear finally kept pace? Introducing the VoltBuds 2. engineered for people who refuse to settle. the drop ends tonight, last cha!",en,12535,551,251,201,0.0,0.0,17.22
"Your daily routine, upgraded: smooth, responsive, and ready the moment you are.!",en,29810,2408,1095,876,0.0,0.0,8.51
Discover the TrailBlazer GT. designed to keep pace with your busiest mornings. t!,en,17590,1189,540,432,0.0,0.0,-20.35
Regarding the EchoFit Band: far from what we expected. don't miss the cut NOW @GadgetDaily ⚡ 🏆 #Sale,en,9550,1749,795,636,0.0,0.0,-10.7
"Say hello to the Luma Glass 4. powerful enough to feel effortless. prices rise at midnight, limited stock at this price LAST CHANCE",en,39123,12911,5868,4695,1.0,0.0,-1.77
"Your daily routine, upgraded: engineered for people who refuse to settle. don't",en,8988,385,175,140,0.0,0.0,-10.78
Regarding the VoltBuds 2: far from what we expected. ACT FAST #DealAlert #Tech,en,5221,379,172,138,0.0,0.0,16.13
Introducing the Luma Glass 4. engineered for people who refuse to settle. limite,en,18454,1227,558,446,0.0,0.0,11.21
Discover the Galaxy S24 Ultra. crafted for the ones who show up early. LIMITED under $150,en,12908,1213,551,441,0.0,0.0,16.3
"Regarding the Cascade Air Pump: far from what we expected. a 48-hour window, limited stock at this price Buy now #SmarterLiving",en,9357,1693,769,615,0.0,0.0,-18.93
Introducing the Skyline S13. designed to keep pace with your busiest mornings. t,en,7532,523,238,190,0.0,0.0,-13.89
Regarding the Aurora Pro X: underwhelming for the price. limited stock at this p,en,43068,2577,1171,937,0.0,0.0,9.49
"Everything you need in one device: smooth, responsive, and ready the moment you are. today only, don't miss the cut LAST CHANCE at $299 Secu!",en,4881,411,187,149,0.0,0.0,-9.24
"The new Nimbus 7 Runner is here. smooth, responsive, and ready the moment you ar",en,10852,651,296,237,0.0,0.0,19.05
"Everything you need in one device: seamless, intelligent, and effortless by design. don't miss the cut, prices rise at midnight, last chance",en,7947,849,386,309,1.0,0.0,-24.16
The new Aurora Pro X is here. engineered for people who refuse to settle. LAST CHANCE starting at $249 🏆,en,40227,3921,1782,1426,0.0,0.0,-43.33
Still on the old model? Discover the Galaxy S24 Ultra. powerful enough to feel e,en,15144,1013,460,368,1.0,0.0,-4.35
"Everything you need in one device: crafted for the ones who show up early. ACT FAST for $199 Order in the next 24 hours #Sale one device, endless possibilities seamless and intelligent by design",en,9718,909,413,331,1.0,0.0,-23.78
"The new Aurora Pro X is here. smooth, responsive, and ready the moment you are. NOW 🎯 🏆 seamless and intelligent by design engineered for people who refuse to settle",en,11733,1933,879,703,1.0,0.0,13.12
Everything you need in one device: designed to keep pace with your busiest mornings. starting at $249 Buy now 🔥 ⚡ #SmarterLiving,en,22547,7112,3233,2586,0.0,0.0,24.93
"Regarding the Skyline S13: a promise that arrives late. don't miss the cut, toda",en,7475,136,62,49,0.0,0.0,-3.47
Regarding the Aurora Pro X: underwhelming for the price. exclusive for our early,en,8661,451,205,164,0.0,0.0,9.01
Regarding the Aurora Pro X: feels unfinished in daily use. built for real-world mornings,en,3596,170,77,62,0.0,0.0,-17.89
Everything you need in one device: built to look great and move even smarter. prices rise at midnight @GadgetDaily #Limited #MustHave,en,21385,3385,1539,1231,1.0,0.0,3.55
"Regarding the VoltBuds 2: underwhelming for the price. #LaunchDay engineered for people who refuse to settle seamless and intelligent by design one device, endless possibilities",en,5565,359,163,130,1.0,0.0,28.77
Say hello to the Skyline S13. designed to keep pace with your busiest mornings.!,en,13369,965,438,351,0.0,0.0,23.63
Ready for a change? Introducing the Nimbus 7 Runner. powerful enough to feel effortless. starting at $249 Secure yours before it is gone engineered for people who refuse to settle,en,12479,754,343,274,1.0,0.0,-12.43
Tired of waiting for a bigger move? Regarding the TrailBlazer GT: a promise that,en,6846,193,88,70,0.0,0.0,39.44
"The new EchoFit Band is here. smooth, responsive, and ready the moment you are. BEST starting at $249",en,13399,1595,725,580,1.0,0.0,21.84
"Your daily routine, upgraded: crafted for the ones who show up early. don't miss the cut, last chance at launch pricing, don't miss the cut!",en,7958,601,273,219,0.0,0.0,-18.07
"Discover the Galaxy S24 Ultra. smooth, responsive, and ready the moment you are.",en,33443,1851,841,673,0.0,0.0,23.9
"What if your gear finally kept pace? The new Nimbus 7 Runner is here. smooth, re",en,18598,725,330,264,0.0,0.0,12.2
"Discover the Nimbus 7 Runner. built to look great and move even smarter. don't miss the cut, a 48-hour window under $150 Buy now #Sale seamless and intelligent by design",en,19268,3568,1622,1297,1.0,0.0,-9.87
Regarding the VoltBuds 2: feels unfinished in daily use. a 48-hour window starting at $249 ⭐ engineered for people who refuse to settle engineered for people who refuse to settle,en,7656,533,242,194,0.0,0.0,23.73
"Your daily routine, upgraded: built to look great and move even smarter. a 48-hour window, exclusive for our early crew, exclusive for our e",en,4194,575,261,209,1.0,0.0,-8.55
"Say hello to the Skyline S13. seamless, intelligent, and effortless by design. last chance at launch pricing #SmarterLiving",en,96963,12971,5896,4717,1.0,0.0,16.03
"Your daily routine, upgraded: crafted for the ones who show up early. ACT FAST a",en,22900,1003,456,365,0.0,0.0,-12.87
"Regarding the Galaxy S24 Ultra: far from what we expected. while supplies last,!",en,8347,481,219,175,0.0,0.0,-32.02
Regarding the Aurora Pro X: a promise that arrives late. LAST CHANCE starting at $249 #NextGen #DealAlert,en,15143,1620,737,589,0.0,0.0,-8.98
"Everything you need in one device: designed to keep pace with your busiest mornings. today only, don't miss the cut #DealAlert",en,41646,1721,782,626,0.0,0.0,-0.5
"Discover the Skyline S13. seamless, intelligent, and effortless by design. the drop ends tonight LAST CHANCE Shop today ⭐ engineered for people who refuse to settle",en,37323,12317,5598,4479,1.0,0.0,16.33
Why settle for less? Say hello to the Nimbus 7 Runner. engineered for people who refuse to settle. at $299 Buy now,en,11802,1175,534,427,0.0,0.0,24.9
"Tired of waiting for a bigger move? Discover the Skyline S13. seamless, intelligent, and effortless by design. BEST engineered for people who refuse to settle one device, endless possibilities",en,10372,423,192,154,1.0,0.0,37.94
"Discover the Takt Mesh Chair. seamless, intelligent, and effortless by design. exclusive for our early crew, a 48-hour window, last chance a",en,41402,4936,2244,1795,1.0,0.0,8.34
Tired of waiting for a bigger move? Introducing the Cascade Air Pump. engineered for people who refuse to settle. exclusive for our early cr!,en,19103,881,400,320,0.0,0.0,7.09
"Regarding the TrailBlazer GT: underwhelming for the price. limited stock at this price at $299 Start today #Tech one device, endless possibilities engineered for people who refuse to settle",en,16338,2646,1203,962,0.0,0.0,-31.79
Meet the EchoFit Band. crafted for the ones who show up early. today only,en,2870,202,92,74,0.0,0.0,16.99
Why settle for less? Introducing the Nimbus 7 Runner. engineered for people who refuse to settle. Start today #Tech built for real-world mornings engineered for people who refuse to settle,en,10547,573,261,208,0.0,0.0,1.33
The new Galaxy S24 Ultra is here. engineered for people who refuse to settle. ACT FAST @GadgetDaily under $150,en,19951,1390,632,505,0.0,0.0,22.17
"Your daily routine, upgraded: seamless, intelligent, and effortless by design. t",en,12199,1362,619,495,1.0,0.0,10.58
"Discover the Nimbus 7 Runner. built to look great and move even smarter. last chance at launch pricing, prices rise at midnight, a 48-hour w!",en,1925,384,174,140,1.0,0.0,3.53
Regarding the TrailBlazer GT: underwhelming for the price. don't miss the cut #Tech,en,6427,305,139,111,0.0,0.0,-7.48
"Regarding the Skyline S13: far from what we expected. don't miss the cut, limited stock at this price, don't miss the cut LAST CHANCE Secure",en,6396,618,281,225,0.0,0.0,25.63
Regarding the Aurora Pro X: a promise that arrives late. today only NOW at $299,en,18760,2423,1101,881,0.0,0.0,9.89
"Everything you need in one device: powerful enough to feel effortless. last chance at launch pricing, a 48-hour window, don't miss the cut S",en,35780,3200,1455,1164,1.0,0.0,-5.43
Regarding the Cascade Air Pump: underwhelming for the price. under $150 🏆 💥 #Lim!,en,11005,1386,630,504,0.0,0.0,6.76
Discover the Takt Mesh Chair. crafted for the ones who show up early. starting at $249 #LaunchDay #Sale,en,16842,1205,548,438,0.0,0.0,19.65
Regarding the Cascade Air Pump: feels unfinished in daily use. NOW for $199 #Tech #SmarterLiving,en,17274,830,377,302,0.0,0.0,13.89
"Discover the TrailBlazer GT. smooth, responsive, and ready the moment you are. last chance at launch pricing",en,25099,1803,820,656,0.0,0.0,33.58
"Say hello to the Luma Glass 4. crafted for the ones who show up early. exclusive for our early crew, a 48-hour window #NextGen #Sale one device, endless possibilities",en,15355,1045,475,380,0.0,0.0,-16.43
"Say hello to the TrailBlazer GT. engineered for people who refuse to settle. while supplies last, exclusive for our early crew NOW #MustHave",en,10772,1229,558,447,0.0,0.0,-11.51
"Introducing the Galaxy S24 Ultra. smooth, responsive, and ready the moment you a",en,3663,170,77,62,0.0,0.0,-4.32
Introducing the Galaxy S24 Ultra. crafted for the ones who show up early. #Smart,en,43518,4529,2058,1647,1.0,0.0,16.83
Tired of waiting for a bigger move? Discover the Luma Glass 4. crafted for the ones who show up early. LAST CHANCE Buy now,en,9666,708,322,257,0.0,0.0,-2.31
Meet the Takt Mesh Chair. engineered for people who refuse to settle. Order in t!,en,45554,2820,1282,1025,0.0,0.0,21.73
Say hello to the Cascade Air Pump. engineered for people who refuse to settle. a,en,6709,266,121,97,0.0,0.0,25.33
Regarding the Galaxy S24 Ultra: a promise that arrives late. under $150 built for real-world mornings,en,23740,1090,495,396,0.0,0.0,30.37
The new Galaxy S24 Ultra is here. powerful enough to feel effortless. while supp,en,20179,1855,843,675,1.0,0.0,37.14
Why settle for less? Regarding the EchoFit Band: a promise that arrives late. ⭐,en,9996,466,212,170,0.0,0.0,40.45
"What if your gear finally kept pace? Discover the Takt Mesh Chair. engineered for people who refuse to settle. don't miss the cut, prices ri!",en,9480,297,135,108,0.0,0.0,8.09
Why settle for less? Regarding the VoltBuds 2: underwhelming for the price. LAST CHANCE starting at $249 #MustHave,en,9144,476,216,173,0.0,0.0,-14.04
The new Aurora Pro X is here. engineered for people who refuse to settle. 🚀,en,21369,2181,991,793,0.0,0.0,-4.99
"Discover the Luma Glass 4. smooth, responsive, and ready the moment you are. #Ne",en,9843,343,156,125,0.0,0.0,-1.05
Introducing the Galaxy S24 Ultra. built to look great and move even smarter. a 4,en,34697,3107,1412,1130,1.0,0.0,34.58
"Why settle for less? Say hello to the EchoFit Band. engineered for people who refuse to settle. while supplies last, a 48-hour window, prices rise at midnight at $299",en,6704,199,91,72,0.0,0.0,7.74
Still on the old model? Introducing the Cascade Air Pump. designed to keep pace with your busiest mornings. limited stock at this price Grab,en,78530,1851,841,673,0.0,0.0,31.79
"Regarding the Takt Mesh Chair: far from what we expected. starting at $249 🏆 #MustHave #LaunchDay one device, endless possibilities built for real-world mornings",en,6507,661,300,240,0.0,0.0,-5.64
Discover the Nimbus 7 Runner. powerful enough to feel effortless. the drop ends!,en,8201,919,418,334,1.0,0.0,-7.76
"Ready for a change? Meet the TrailBlazer GT. smooth, responsive, and ready the moment you are. last chance at launch pricing, the drop ends!",en,39699,3865,1757,1405,0.0,0.0,34.99
"Your daily routine, upgraded: engineered for people who refuse to settle. exclusive for our early crew ⚡ 🚀 #Tech",en,25034,2339,1063,850,0.0,0.0,24.53
"Seen enough? Regarding the Skyline S13: underwhelming for the price. the drop ends tonight, don't miss the cut BEST Start today 🎯",en,4210,860,391,313,1.0,0.0,27.08
Discover the Takt Mesh Chair. powerful enough to feel effortless. under $150 #La!,en,17430,1102,501,401,1.0,0.0,7.41
Seen enough? Regarding the Cascade Air Pump: underwhelming for the price. LIMITED Order in the next 24 hours ⭐ ⭐ #LaunchDay #Limited,en,43119,7630,3468,2774,0.0,0.0,-25.5
"The new Galaxy S24 Ultra is here. smooth, responsive, and ready the moment you are. NOW Shop today #DealAlert one device, endless possibilities seamless and intelligent by design",en,12440,4105,1866,1493,1.0,0.0,21.82
Meet the EchoFit Band. designed to keep pace with your busiest mornings. BEST Sh,en,15779,2013,915,732,1.0,0.0,38.03
Why settle for less? Regarding the TrailBlazer GT: a promise that arrives late.,en,13891,557,253,202,0.0,0.0,8.84
Regarding the EchoFit Band: a promise that arrives late. limited stock at this p!,en,32178,2335,1062,849,0.0,0.0,-0.53
Why settle for less? Regarding the TrailBlazer GT: underwhelming for the price.,en,10120,344,156,125,0.0,0.0,-6.04
"Regarding the Cascade Air Pump: far from what we expected. last chance at launch pricing, today only, don't miss the cut Secure yours before",en,27537,2820,1282,1025,0.0,0.0,22.65
Discover the VoltBuds 2. engineered for people who refuse to settle. a 48-hour w!,en,4336,397,181,144,0.0,0.0,6.03
Regarding the Cascade Air Pump: feels unfinished in daily use. today only under,en,14861,1190,541,433,0.0,0.0,6.5
"Meet the Aurora Pro X. seamless, intelligent, and effortless by design. today only Secure yours before it is gone 🔥 🏆 #NextGen engineered for people who refuse to settle",en,12236,3066,1394,1115,1.0,0.0,-15.79
"What if your gear finally kept pace? Regarding the Galaxy S24 Ultra: underwhelming for the price. don't miss the cut, a 48-hour window Grab",en,8131,211,96,77,0.0,0.0,-5.74
"Regarding the Galaxy S24 Ultra: a promise that arrives late. limited stock at this price, prices rise at midnight, the drop ends tonight starting at $249 one device, endless possibilities",en,40938,4450,2023,1618,0.0,0.0,-4.07
Still on the old model? Regarding the Skyline S13: far from what we expected. #L!,en,55347,2841,1291,1033,0.0,0.0,-4.93
"Your daily routine, upgraded: seamless, intelligent, and effortless by design. @GadgetDaily #MustHave #NewRelease",en,33093,2721,1237,989,1.0,0.0,15.48
"Introducing the Nimbus 7 Runner. seamless, intelligent, and effortless by design. NOW Grab yours 🚀 🚀 seamless and intelligent by design built for real-world mornings",en,25345,8364,3802,3041,1.0,0.0,-3.08
"What if your gear finally kept pace? Discover the TrailBlazer GT. smooth, responsive, and ready the moment you are. exclusive for our early crew, don't miss the cut LIMITED #LaunchDay",en,16945,2152,978,783,0.0,0.0,10.66
Regarding the Takt Mesh Chair: feels unfinished in daily use. don't miss the cut #Tech,en,2241,104,47,38,0.0,0.0,-22.17
Regarding the Galaxy S24 Ultra: feels unfinished in daily use. don't miss the cu!,en,33400,2879,1308,1047,0.0,0.0,-15.73
Regarding the Aurora Pro X: a promise that arrives late. while supplies last BEST #SmarterLiving,en,10837,948,431,345,1.0,0.0,0.9
Regarding the VoltBuds 2: far from what we expected. while supplies last Start today #SmarterLiving #Tech,en,50649,5357,2435,1948,0.0,0.0,2.73
Meet the Nimbus 7 Runner. built to look great and move even smarter. today only BEST Start today 🏆 #LaunchDay #NewRelease,en,15343,5063,2301,1841,1.0,0.0,47.08
"Regarding the Takt Mesh Chair: a promise that arrives late. limited stock at this price, exclusive for our early crew, prices rise at midnight at $299 Start today ⚡ 🔥",en,25144,8298,3772,3017,0.0,0.0,21.62
"Tired of waiting for a bigger move? Everything you need in one device: seamless,",en,34875,786,357,286,1.0,0.0,-9.78
Seen enough? Say hello to the Takt Mesh Chair. powerful enough to feel effortles,en,4674,163,74,59,1.0,0.0,2.33
Regarding the Galaxy S24 Ultra: underwhelming for the price. prices rise at midnight NOW #NextGen,en,2826,308,140,112,0.0,0.0,-9.86
"Discover the Takt Mesh Chair. built to look great and move even smarter. don't miss the cut, today only #Sale #NewRelease built for real-world mornings built for real-world mornings",en,33230,3456,1571,1257,1.0,0.0,6.93
Regarding the Takt Mesh Chair: far from what we expected. @GadgetDaily Shop today,en,3011,424,193,154,0.0,0.0,26.79
Say hello to the TrailBlazer GT. designed to keep pace with your busiest morning!,en,34890,1689,768,614,0.0,0.0,4.37
Introducing the Nimbus 7 Runner. crafted for the ones who show up early. limited stock at this price #MustHave seamless and intelligent by design seamless and intelligent by design,en,13966,1641,746,597,1.0,0.0,-3.86
Regarding the TrailBlazer GT: a promise that arrives late. limited stock at this,en,8536,588,267,214,0.0,0.0,34.49
Regarding the Cascade Air Pump: underwhelming for the price. while supplies last,en,20440,1100,500,400,0.0,0.0,2.73
Ready for a change? Meet the Luma Glass 4. built to look great and move even smarter. last chance at launch pricing starting at $249 seamless and intelligent by design,en,8310,559,254,203,1.0,0.0,19.75
"Discover the Aurora Pro X. designed to keep pace with your busiest mornings. prices rise at midnight, while supplies last, while supplies last 🎯 #MustHave seamless and intelligent by design",en,3417,299,136,109,1.0,0.0,-8.47
"Introducing the Luma Glass 4. seamless, intelligent, and effortless by design. under $150 Order in the next 24 hours one device, endless possibilities engineered for people who refuse to settle",en,16152,1252,569,455,1.0,0.0,12.07
What if your gear finally kept pace? Regarding the VoltBuds 2: underwhelming for!,en,9059,358,163,130,0.0,0.0,-5.87
"Regarding the Aurora Pro X: far from what we expected. don't miss the cut, the drop ends tonight Buy now #Limited #SmarterLiving one device, endless possibilities",en,14960,1965,893,715,0.0,0.0,32.2
"Meet the Skyline S13. built to look great and move even smarter. at $299 one device, endless possibilities engineered for people who refuse to settle engineered for people who refuse to settle",en,14693,621,282,226,1.0,0.0,-7.27
Ready for a change? The new Luma Glass 4 is here. built to look great and move e,en,35441,2219,1009,807,1.0,0.0,-26.81
Discover the Takt Mesh Chair. powerful enough to feel effortless. @GadgetDaily Start today 🎯,en,17271,4060,1846,1476,1.0,0.0,-9.8
Meet the Takt Mesh Chair. engineered for people who refuse to settle. exclusive!,en,11571,999,454,363,0.0,0.0,-13.28
"Regarding the Galaxy S24 Ultra: underwhelming for the price. today only, prices",en,11195,764,347,278,0.0,0.0,-7.31
"Your daily routine, upgraded: designed to keep pace with your busiest mornings. 🎯 built for real-world mornings seamless and intelligent by design engineered for people who refuse to settle",en,20205,1879,854,683,1.0,0.0,0.65
Everything you need in one device: engineered for people who refuse to settle. Order in the next 24 hours 🎯 🎯 #NewRelease #MustHave,en,5681,433,197,157,0.0,0.0,28.05
"The new Nimbus 7 Runner is here. smooth, responsive, and ready the moment you are. today only NOW for $199 🏆 #NewRelease",en,9781,1665,757,605,0.0,0.0,0.4
"What if your gear finally kept pace? Regarding the VoltBuds 2: feels unfinished in daily use. ⭐ #Sale #MustHave one device, endless possibilities one device, endless possibilities",en,22159,1031,469,375,0.0,0.0,6.95
Introducing the Galaxy S24 Ultra. powerful enough to feel effortless. prices ris,en,11573,826,375,300,1.0,0.0,9.67
"The new Luma Glass 4 is here. seamless, intelligent, and effortless by design. prices rise at midnight, today only NOW Start today built for real-world mornings",en,2810,927,422,337,1.0,0.0,3.54
"Everything you need in one device: seamless, intelligent, and effortless by design. @GadgetDaily at $299 Grab yours 💥 #Style #LaunchDay",en,5148,745,338,271,1.0,0.0,23.24
"Say hello to the Luma Glass 4. seamless, intelligent, and effortless by design. ACT FAST #Tech seamless and intelligent by design built for real-world mornings built for real-world mornings",en,12580,685,311,249,1.0,0.0,19.99
"Discover the Cascade Air Pump. designed to keep pace with your busiest mornings. don't miss the cut, exclusive for our early crew, limited stock at this price Order in the next 24 hours",en,30241,3499,1590,1272,0.0,0.0,18.83
"Regarding the Cascade Air Pump: underwhelming for the price. 🏆 ⚡ one device, endless possibilities",en,4152,397,181,144,0.0,0.0,2.09
"Everything you need in one device: smooth, responsive, and ready the moment you are. today only Shop today #Limited #DealAlert",en,4657,1537,699,559,0.0,0.0,1.23
Introducing the TrailBlazer GT. built to look great and move even smarter. today only Shop today,en,18452,6089,2768,2214,1.0,0.0,28.46
"Regarding the Galaxy S24 Ultra: far from what we expected. a 48-hour window, whi",en,16576,488,222,178,0.0,0.0,45.28
"Introducing the Takt Mesh Chair. designed to keep pace with your busiest mornings. while supplies last, a 48-hour window, today only ACT FAST under $150 Grab yours #MustHave",en,5324,620,282,226,0.0,0.0,8.14
What if your gear finally kept pace? Regarding the Luma Glass 4: underwhelming f,en,28003,1231,559,447,0.0,0.0,-11.8
"Your daily routine, upgraded: crafted for the ones who show up early. #Sale #NextGen",en,18427,972,442,353,0.0,0.0,12.48
Say hello to the Galaxy S24 Ultra. engineered for people who refuse to settle. prices rise at midnight @GadgetDaily #Limited,en,84105,4415,2007,1605,0.0,0.0,-21.75
Meet the TrailBlazer GT. crafted for the ones who show up early. BEST Secure you!,en,23929,2979,1354,1083,1.0,0.0,4.84
"Seen enough? Your daily routine, upgraded: smooth, responsive, and ready the mom",en,18009,650,295,236,0.0,0.0,-42.39
Everything you need in one device: engineered for people who refuse to settle. p!,en,8669,258,117,94,0.0,0.0,-3.11
Say hello to the Takt Mesh Chair. designed to keep pace with your busiest mornin,en,28020,1813,824,659,0.0,0.0,10.5
"Discover the EchoFit Band. designed to keep pace with your busiest mornings. while supplies last, while supplies last ACT FAST @GadgetDaily Shop today seamless and intelligent by design",en,46710,5587,2540,2032,1.0,0.0,19.71
Tired of waiting for a bigger move? Regarding the Cascade Air Pump: feels unfini!,en,66850,4351,1978,1582,0.0,0.0,-8.29
"Regarding the Nimbus 7 Runner: far from what we expected. a 48-hour window, don't miss the cut Grab yours",en,17776,756,344,275,0.0,0.0,10.12
"Still on the old model? Regarding the Takt Mesh Chair: feels unfinished in daily use. NOW 🚀 💥 built for real-world mornings one device, endless possibilities seamless and intelligent by design",en,19291,2609,1186,949,1.0,0.0,29.88
Regarding the Galaxy S24 Ultra: far from what we expected! built for real-world mornings,en,20137,908,413,330,0.0,0.0,-9.86
The new Nimbus 7 Runner is here. engineered for people who refuse to settle. Sec,en,4442,110,50,40,0.0,0.0,34.92
What if your gear finally kept pace? Everything you need in one device: crafted,en,7090,165,75,60,0.0,0.0,7.34
Ready for a change? The new Galaxy S24 Ultra is here. designed to keep pace with your busiest mornings. limited stock at this price Shop today seamless and intelligent by design,en,24187,5595,2543,2035,1.0,0.0,33.24
"Say hello to the TrailBlazer GT. powerful enough to feel effortless. limited stock at this price, a 48-hour window LAST CHANCE under $150 St",en,18692,3880,1764,1411,1.0,0.0,0.0
"Regarding the Nimbus 7 Runner: a promise that arrives late. don't miss the cut, while supplies last, prices rise at midnight @GadgetDaily Grab yours #LaunchDay one device, endless possibilities",en,19350,702,319,255,0.0,0.0,16.98
"Your daily routine, upgraded: engineered for people who refuse to settle. limited stock at this price, today only, prices rise at midnight @",en,5746,704,320,256,0.0,0.0,-1.68
"Say hello to the TrailBlazer GT. seamless, intelligent, and effortless by design. limited stock at this price, prices rise at midnight, pric",en,13165,1180,536,429,1.0,0.0,34.16
"Discover the Cascade Air Pump. engineered for people who refuse to settle. prices rise at midnight, exclusive for our early crew NOW #DealAl!",en,48034,5948,2704,2163,0.0,0.0,-7.5
Regarding the VoltBuds 2: far from what we expected. BEST #LaunchDay #SmarterLiving,en,9721,846,384,307,1.0,0.0,29.4
"Regarding the EchoFit Band: far from what we expected. don't miss the cut, prices rise at midnight ⚡",en,16482,953,433,346,0.0,0.0,12.04
Regarding the TrailBlazer GT: far from what we expected. @GadgetDaily Order in t!,en,26101,1790,814,651,0.0,0.0,24.67
"Meet the Cascade Air Pump. smooth, responsive, and ready the moment you are. limited stock at this price, exclusive for our early crew Start!",en,24510,4321,1964,1571,0.0,0.0,14.41
"Regarding the Luma Glass 4: a promise that arrives late. last chance at launch pricing, don't miss the cut NOW ⚡ #Tech",en,55299,13040,5927,4742,0.0,0.0,-0.66
Introducing the Nimbus 7 Runner. powerful enough to feel effortless. while suppl,en,11713,1517,690,552,1.0,0.0,-20.94
Say hello to the TrailBlazer GT. engineered for people who refuse to settle. Sho!,en,6252,418,190,152,0.0,0.0,10.96
Regarding the Luma Glass 4: underwhelming for the price. ACT FAST Order in the next 24 hours 🚀 built for real-world mornings built for real-world mornings seamless and intelligent by design,en,30596,3685,1675,1340,1.0,0.0,-16.13
Regarding the Galaxy S24 Ultra: underwhelming for the price. ⚡ seamless and intelligent by design,en,5236,342,155,124,1.0,0.0,13.42
Regarding the EchoFit Band: a promise that arrives late. last chance at launch p!,en,11237,620,282,225,0.0,0.0,-2.16
"Still on the old model? Regarding the Nimbus 7 Runner: far from what we expected. exclusive for our early crew, last chance at launch pricin",en,6473,413,188,150,0.0,0.0,0.19
Introducing the Galaxy S24 Ultra. powerful enough to feel effortless. today only,en,8539,1442,656,525,1.0,0.0,2.53
"Regarding the Takt Mesh Chair: a promise that arrives late. prices rise at midnight, exclusive for our early crew ACT FAST Start today",en,2892,497,226,181,0.0,0.0,-9.16
Regarding the Skyline S13: feels unfinished in daily use. at $299 seamless and intelligent by design,en,8529,631,287,230,1.0,0.0,26.53
Introducing the Cascade Air Pump. crafted for the ones who show up early. @GadgetDaily Secure yours before it is gone ⚡ 🏆 #MustHave,en,13650,880,400,320,0.0,0.0,-11.43
Regarding the Cascade Air Pump: feels unfinished in daily use. ACT FAST @GadgetDaily Secure yours before it is gone 🏆,en,11175,801,364,291,0.0,0.0,26.79
"Regarding the Aurora Pro X: far from what we expected. a 48-hour window, today o!",en,6678,686,312,250,0.0,0.0,13.1
"Discover the Skyline S13. seamless, intelligent, and effortless by design. don't miss the cut, today only starting at $249 ⚡ 🚀",en,3240,881,401,321,1.0,0.0,-19.48
Still on the old model? Regarding the EchoFit Band: feels unfinished in daily use. Secure yours before it is gone 🚀 seamless and intelligent by design built for real-world mornings,en,6748,457,208,166,1.0,0.0,-25.41
"Introducing the TrailBlazer GT. built to look great and move even smarter. @GadgetDaily Start today built for real-world mornings one device, endless possibilities",en,35643,5691,2587,2069,1.0,0.0,6.88
"Your daily routine, upgraded: crafted for the ones who show up early. the drop ends tonight, while supplies last #NewRelease",en,14625,580,264,211,0.0,0.0,-12.56
"The new TrailBlazer GT is here. engineered for people who refuse to settle. today only, limited stock at this price NOW Grab yours #MustHave",en,19581,6462,2937,2350,0.0,0.0,24.03
"Regarding the Aurora Pro X: feels unfinished in daily use. last chance at launch pricing, a 48-hour window 🔥 engineered for people who refuse to settle one device, endless possibilities",en,17443,2258,1026,821,0.0,0.0,-0.51
Regarding the Aurora Pro X: far from what we expected. limited stock at this pri!,en,80594,10324,4693,3754,0.0,0.0,-1.59
Meet the VoltBuds 2. engineered for people who refuse to settle. don't miss the cut at $299 #MustHave,en,20255,1512,687,550,0.0,0.0,15.12
"Regarding the Takt Mesh Chair: far from what we expected. limited stock at this price, the drop ends tonight, while supplies last LAST CHANC!",en,4237,362,164,131,0.0,0.0,20.32
"Seen enough? Meet the Nimbus 7 Runner. seamless, intelligent, and effortless by design. NOW starting at $249 🔥 💥",en,14232,1668,758,607,1.0,0.0,4.97
"Tired of waiting for a bigger move? Regarding the Luma Glass 4: a promise that arrives late. exclusive for our early crew, today only, today only Order in the next 24 hours",en,16533,1427,648,519,0.0,0.0,-2.79
Still on the old model? Regarding the TrailBlazer GT: far from what we expected. exclusive for our early crew at $299 #NewRelease,en,22407,1160,527,422,0.0,0.0,2.99
"Seen enough? The new Aurora Pro X is here. seamless, intelligent, and effortless!",en,26676,1938,881,705,1.0,0.0,48.66
Regarding the Galaxy S24 Ultra: a promise that arrives late. prices rise at midnight Buy now #SmarterLiving,en,16920,2888,1313,1050,0.0,0.0,-32.28
"Say hello to the TrailBlazer GT. crafted for the ones who show up early. exclusive for our early crew, today only, last chance at launch pri",en,25076,7886,3585,2868,0.0,0.0,-13.85
"The new Nimbus 7 Runner is here. crafted for the ones who show up early. while supplies last LAST CHANCE @GadgetDaily starting at $249 🎯 #DealAlert one device, endless possibilities",en,17930,964,438,351,0.0,0.0,0.51
"Discover the Aurora Pro X. seamless, intelligent, and effortless by design. ACT",en,12927,1456,662,529,1.0,0.0,19.11
Why settle for less? Regarding the Luma Glass 4: feels unfinished in daily use. built for real-world mornings built for real-world mornings seamless and intelligent by design,en,17221,762,346,277,1.0,0.0,1.96
"Introducing the EchoFit Band. built to look great and move even smarter. today only, today only, last chance at launch pricing @GadgetDaily",en,51267,16918,7690,6152,1.0,0.0,9.7
"Regarding the Takt Mesh Chair: far from what we expected. prices rise at midnight, the drop ends tonight for $199 Start today",en,7044,757,344,275,0.0,0.0,-41.24
"Regarding the Takt Mesh Chair: feels unfinished in daily use. prices rise at midnight, limited stock at this price LIMITED for $199 Grab you!",en,7684,922,419,335,0.0,0.0,-23.17
Tired of waiting for a bigger move? Regarding the Luma Glass 4: underwhelming for the price. LAST CHANCE at $299 Order in the next 24 hours,en,71450,4046,1839,1471,0.0,0.0,23.51
"What if your gear finally kept pace? Regarding the TrailBlazer GT: far from what we expected. today only, last chance at launch pricing, while supplies last #NewRelease",en,12935,927,422,337,0.0,0.0,35.66
Say hello to the EchoFit Band. engineered for people who refuse to settle. @GadgetDaily starting at $249 #NewRelease,en,16910,819,372,298,0.0,0.0,-11.51
"Say hello to the Cascade Air Pump. engineered for people who refuse to settle. today only, while supplies last, prices rise at midnight NOW!",en,10293,1806,821,657,0.0,0.0,-4.63
The new Cascade Air Pump is here. crafted for the ones who show up early. last chance at launch pricing for $199 🏆 #LaunchDay #DealAlert,en,12486,1402,637,510,0.0,0.0,-12.22
"Regarding the Galaxy S24 Ultra: underwhelming for the price. last chance at launch pricing, last chance at launch pricing #Sale #DealAlert seamless and intelligent by design",en,24279,2965,1348,1078,1.0,0.0,23.67
Regarding the Luma Glass 4: underwhelming for the price. don't miss the cut Shop today 🔥 built for real-world mornings built for real-world mornings built for real-world mornings,en,59885,7695,3498,2798,0.0,0.0,43.96
Regarding the Galaxy S24 Ultra: feels unfinished in daily use. today only @GadgetDaily,en,31509,2260,1027,822,0.0,0.0,0.53
"Everything you need in one device: powerful enough to feel effortless. @GadgetDaily #MustHave seamless and intelligent by design built for real-world mornings one device, endless possibilities",en,4930,376,171,137,1.0,0.0,41.12
Why settle for less? Regarding the Galaxy S24 Ultra: far from what we expected. Shop today #NextGen,en,76839,6083,2765,2212,0.0,0.0,7.98
"Tired of waiting for a bigger move? Say hello to the Nimbus 7 Runner. smooth, responsive, and ready the moment you are. exclusive for our ea!",en,65796,3306,1503,1202,0.0,0.0,26.71
Still on the old model? Everything you need in one device: designed to keep pace!,en,5107,146,66,53,0.0,0.0,-18.87
Regarding the VoltBuds 2: feels unfinished in daily use. #NextGen #LaunchDay engineered for people who refuse to settle,en,11238,667,303,243,0.0,0.0,-29.09
"The new EchoFit Band is here. designed to keep pace with your busiest mornings. exclusive for our early crew, limited stock at this price, don't miss the cut under $150 Order in the next 24 hours",en,13048,667,303,242,0.0,0.0,-17.35
Tired of waiting for a bigger move? Regarding the Skyline S13: underwhelming for,en,8327,263,119,96,0.0,0.0,-11.7
"Your daily routine, upgraded: crafted for the ones who show up early. last chance at launch pricing, prices rise at midnight @GadgetDaily #SmarterLiving #DealAlert",en,19363,1386,630,504,0.0,0.0,1.71
"Your daily routine, upgraded: built to look great and move even smarter. today only #LaunchDay #Limited",en,28379,3658,1663,1330,1.0,0.0,0.35
"Your daily routine, upgraded: seamless, intelligent, and effortless by design. t",en,21265,1697,771,617,1.0,0.0,29.46
Seen enough? Introducing the VoltBuds 2. crafted for the ones who show up early. today only @GadgetDaily 💥 ⚡ engineered for people who refuse to settle seamless and intelligent by design,en,12379,1093,497,398,1.0,0.0,-15.68
Regarding the Cascade Air Pump: far from what we expected. @GadgetDaily #SmarterLiving #LaunchDay,en,13660,648,294,236,0.0,0.0,-4.2
"Meet the EchoFit Band. seamless, intelligent, and effortless by design. while supplies last at $299",en,8305,706,321,257,1.0,0.0,20.02
"Your daily routine, upgraded: powerful enough to feel effortless. BEST #SmarterL",en,13244,910,414,331,1.0,0.0,-5.15
"Meet the Skyline S13. engineered for people who refuse to settle. exclusive for our early crew, exclusive for our early crew, last chance at launch pricing starting at $249 Buy now",en,7877,2599,1182,945,0.0,0.0,53.79
Tired of waiting for a bigger move? Introducing the Luma Glass 4. built to look,en,38010,1490,677,542,0.0,0.0,-9.11
"Seen enough? Regarding the VoltBuds 2: far from what we expected. a 48-hour window, today only #Tech #DealAlert built for real-world mornings one device, endless possibilities",en,37992,2762,1255,1004,0.0,0.0,-14.71
Why settle for less? Regarding the Aurora Pro X: feels unfinished in daily use.,en,7970,264,120,96,0.0,0.0,7.72
Tired of waiting for a bigger move? Regarding the EchoFit Band: underwhelming for the price. last chance at launch pricing starting at $249 Secure yours before it is gone #Limited,en,1872,110,50,40,0.0,0.0,13.76
Discover the Aurora Pro X. powerful enough to feel effortless. NOW under $150 Gr!,en,83382,13653,6206,4965,1.0,0.0,-6.13
"Your daily routine, upgraded: engineered for people who refuse to settle. Start today",en,11970,2055,934,747,0.0,0.0,36.11
Seen enough? Everything you need in one device: crafted for the ones who show up!,en,4671,226,103,82,0.0,0.0,0.7
"Regarding the Galaxy S24 Ultra: a promise that arrives late. last chance at launch pricing, a 48-hour window starting at $249 Shop today 🚀 #NextGen #SmarterLiving",en,6554,1798,817,654,0.0,0.0,-74.0
"Your daily routine, upgraded: crafted for the ones who show up early. Order in the next 24 hours",en,7639,462,210,168,0.0,0.0,11.92
Regarding the TrailBlazer GT: feels unfinished in daily use. @GadgetDaily Grab y,en,11140,287,131,104,0.0,0.0,25.66
Regarding the EchoFit Band: feels unfinished in daily use. ACT FAST @GadgetDaily Buy now 🎯 🏆 #Limited,en,45458,12364,5620,4496,0.0,0.0,-0.38
The new Cascade Air Pump is here. engineered for people who refuse to settle. LA!,en,4973,389,177,141,0.0,0.0,-11.44
"Say hello to the TrailBlazer GT. smooth, responsive, and ready the moment you ar!",en,13951,620,282,225,0.0,0.0,-38.53
Introducing the Aurora Pro X. powerful enough to feel effortless. LAST CHANCE Start today ⭐ #Sale,en,14514,4790,2177,1742,1.0,0.0,-11.37
Why settle for less? Regarding the Galaxy S24 Ultra: far from what we expected. don't miss the cut ACT FAST @GadgetDaily Grab yours,en,1817,83,38,30,0.0,0.0,-0.65
Regarding the EchoFit Band: far from what we expected. limited stock at this price 🚀 ⚡,en,12019,2087,949,759,0.0,0.0,-0.69
Still on the old model? Regarding the Galaxy S24 Ultra: feels unfinished in dail!,en,48990,2862,1301,1041,0.0,0.0,4.02
Regarding the Luma Glass 4: far from what we expected. under $150 ⭐ built for real-world mornings,en,36983,4009,1822,1458,0.0,0.0,-4.56
"What if your gear finally kept pace? Your daily routine, upgraded: powerful enough to feel effortless. don't miss the cut, limited stock at",en,31193,2731,1242,993,1.0,0.0,-7.91
"Regarding the Takt Mesh Chair: underwhelming for the price. don't miss the cut, a 48-hour window, prices rise at midnight Grab yours #Launch!",en,7901,748,340,272,0.0,0.0,-26.13
"Regarding the Takt Mesh Chair: underwhelming for the price. exclusive for our early crew, today only Shop today #NewRelease",en,14784,4879,2218,1774,0.0,0.0,-9.76
"Why settle for less? The new Nimbus 7 Runner is here. seamless, intelligent, and effortless by design. exclusive for our early crew, today o",en,11145,2474,1124,900,1.0,0.0,3.46
Why settle for less? Regarding the EchoFit Band: far from what we expected. for $199 Shop today,en,21681,1752,797,637,0.0,0.0,-17.26
Say hello to the EchoFit Band. built to look great and move even smarter. don't,en,34171,4313,1961,1569,1.0,0.0,36.54
"Seen enough? Meet the VoltBuds 2. engineered for people who refuse to settle. the drop ends tonight, the drop ends tonight ACT FAST @GadgetDaily Grab yours #LaunchDay #NewRelease",en,4954,347,158,126,0.0,0.0,18.62
Regarding the Galaxy S24 Ultra: feels unfinished in daily use. the drop ends ton,en,7569,443,201,161,0.0,0.0,15.74
"Regarding the Galaxy S24 Ultra: underwhelming for the price. prices rise at midnight, last chance at launch pricing",en,7421,691,314,251,0.0,0.0,-24.88
"Regarding the Galaxy S24 Ultra: underwhelming for the price. today only, limited stock at this price, don't miss the cut @GadgetDaily Start",en,8759,825,375,300,0.0,0.0,16.41
"Your daily routine, upgraded: smooth, responsive, and ready the moment you are. #SmarterLiving",en,20143,686,312,249,0.0,0.0,11.02
"Everything you need in one device: engineered for people who refuse to settle. limited stock at this price, a 48-hour window starting at $249 #LaunchDay #LaunchDay",en,17777,1396,635,508,0.0,0.0,12.09
Still on the old model? Everything you need in one device: powerful enough to feel effortless. while supplies last ACT FAST,en,10775,1150,523,418,1.0,0.0,43.64
"The new VoltBuds 2 is here. seamless, intelligent, and effortless by design. starting at $249 #DealAlert",en,45402,3532,1605,1284,1.0,0.0,-1.49
Regarding the Aurora Pro X: far from what we expected. the drop ends tonight LAST CHANCE Buy now ⚡,en,11755,3879,1763,1411,0.0,0.0,7.04
"Say hello to the EchoFit Band. seamless, intelligent, and effortless by design. engineered for people who refuse to settle",en,7059,271,123,99,1.0,0.0,7.26
Seen enough? Everything you need in one device: powerful enough to feel effortless. for $199 Grab yours 🚀 #NextGen,en,44084,5307,2412,1930,1.0,0.0,-14.53
Tired of waiting for a bigger move? Regarding the EchoFit Band: feels unfinished!,en,12580,435,198,158,0.0,0.0,1.4
"Your daily routine, upgraded: built to look great and move even smarter. while s!",en,55843,5098,2317,1854,1.0,0.0,25.66
"Meet the Luma Glass 4. smooth, responsive, and ready the moment you are. exclusi!",en,6071,385,175,140,0.0,0.0,-13.81
"Regarding the Aurora Pro X: underwhelming for the price. Start today 🔥 🔥 one device, endless possibilities",en,61751,16890,7677,6142,0.0,0.0,-25.28
"Regarding the Galaxy S24 Ultra: far from what we expected. exclusive for our early crew, limited stock at this price seamless and intelligent by design built for real-world mornings",en,36858,6689,3041,2432,1.0,0.0,-12.78
"Introducing the Cascade Air Pump. engineered for people who refuse to settle. prices rise at midnight, limited stock at this price NOW @Gadg",en,3168,354,161,129,0.0,0.0,-5.83
"Still on the old model? Introducing the Aurora Pro X. designed to keep pace with your busiest mornings. #SmarterLiving #SmarterLiving one device, endless possibilities",en,13071,582,264,212,0.0,0.0,-9.58
"Everything you need in one device: crafted for the ones who show up early. the drop ends tonight, while supplies last LAST CHANCE 🏆 #NextGen #NewRelease seamless and intelligent by design",en,55858,7512,3415,2732,1.0,0.0,14.23
"Your daily routine, upgraded: crafted for the ones who show up early. today only!",en,26213,2403,1092,874,0.0,0.0,-14.06
Regarding the Galaxy S24 Ultra: underwhelming for the price. Buy now engineered for people who refuse to settle seamless and intelligent by design seamless and intelligent by design,en,21075,3913,1779,1423,1.0,0.0,44.14
Discover the Galaxy S24 Ultra. designed to keep pace with your busiest mornings.!,en,7217,403,183,146,0.0,0.0,11.73
Regarding the EchoFit Band: far from what we expected. limited stock at this pri!,en,8948,1096,498,398,0.0,0.0,24.93
Regarding the Luma Glass 4: feels unfinished in daily use. exclusive for our ear,en,24817,1335,607,485,0.0,0.0,-4.92
"Introducing the Takt Mesh Chair. smooth, responsive, and ready the moment you are. while supplies last, the drop ends tonight, don't miss th!",en,14657,962,437,350,0.0,0.0,27.83
"Regarding the Luma Glass 4: underwhelming for the price. the drop ends tonight Order in the next 24 hours engineered for people who refuse to settle one device, endless possibilities",en,10215,819,372,298,0.0,0.0,40.08
Say hello to the Skyline S13. powerful enough to feel effortless. ACT FAST @Gadg!,en,7547,675,307,245,1.0,0.0,-8.61
Regarding the TrailBlazer GT: underwhelming for the price. LIMITED Order in the next 24 hours #SmarterLiving,en,16749,1862,846,677,0.0,0.0,-8.7
"Regarding the Skyline S13: a promise that arrives late. don't miss the cut under $150 Buy now #Limited one device, endless possibilities built for real-world mornings",en,64320,13032,5924,4739,0.0,0.0,-19.41
What if your gear finally kept pace? Regarding the Luma Glass 4: far from what w!,en,23964,1151,523,419,0.0,0.0,15.23
Regarding the TrailBlazer GT: a promise that arrives late. 🚀 #Style,en,11171,807,367,294,0.0,0.0,2.39
The new Skyline S13 is here. powerful enough to feel effortless. today only #New,en,79455,5937,2699,2159,1.0,0.0,5.49
"Still on the old model? Introducing the Skyline S13. crafted for the ones who show up early. while supplies last, while supplies last Buy no!",en,24908,1510,686,549,0.1,0.0,7.34
"The new Cascade Air Pump is here. crafted for the ones who show up early. a 48-hour window, last chance at launch pricing, limited stock at",en,6824,589,268,214,0.0,0.0,35.3
Discover the EchoFit Band. built to look great and move even smarter. a 48-hour window LAST CHANCE Secure yours before it is gone #Tech #Tec,en,5312,1001,455,364,1.0,0.0,-2.36
Why settle for less? Discover the EchoFit Band. crafted for the ones who show up,en,22752,969,440,352,0.0,0.0,-17.22
"Discover the Aurora Pro X. seamless, intelligent, and effortless by design. last!",en,14309,1922,874,699,1.0,0.0,24.59
"Still on the old model? Everything you need in one device: powerful enough to feel effortless. limited stock at this price, limited stock at!",en,17632,1850,841,673,1.0,0.0,5.33
"Regarding the Galaxy S24 Ultra: far from what we expected. exclusive for our early crew, exclusive for our early crew, exclusive for our ear",en,3266,338,153,123,0.0,0.0,9.53
"Introducing the Takt Mesh Chair. powerful enough to feel effortless. today only,!",en,7596,1558,708,567,1.0,0.0,13.81
Everything you need in one device: powerful enough to feel effortless. limited stock at this price #Sale #Sale,en,5989,1323,602,481,1.0,0.0,12.89
"Tired of waiting for a bigger move? Everything you need in one device: engineered for people who refuse to settle. prices rise at midnight, the drop ends tonight, while supplies last for $199",en,5575,94,43,34,0.0,0.0,12.34
Seen enough? Meet the EchoFit Band. designed to keep pace with your busiest morn!,en,8046,288,131,105,0.0,0.0,-25.99
"Regarding the Luma Glass 4: underwhelming for the price. exclusive for our early crew, the drop ends tonight LIMITED for $199 Grab yours ⭐ #NextGen seamless and intelligent by design",en,25248,8332,3787,3030,1.0,0.0,-13.48
"Regarding the Nimbus 7 Runner: far from what we expected. exclusive for our early crew, don't miss the cut, the drop ends tonight Buy now 💥",en,17500,4187,1903,1522,0.0,0.0,-32.17
Say hello to the Cascade Air Pump. powerful enough to feel effortless. don't miss the cut ⭐,en,32653,3939,1791,1432,1.0,0.0,9.46
"Regarding the Aurora Pro X: underwhelming for the price. while supplies last, exclusive for our early crew, the drop ends tonight Buy now 🚀!",en,9635,3180,1445,1156,0.0,0.0,-21.5
"Meet the VoltBuds 2. seamless, intelligent, and effortless by design. prices ris",en,5464,565,257,205,1.0,0.0,-15.3
"The new Nimbus 7 Runner is here. designed to keep pace with your busiest mornings. don't miss the cut, today only Secure yours before it is gone 🔥 seamless and intelligent by design",en,16153,1995,907,726,1.0,0.0,-2.19
Meet the Takt Mesh Chair. built to look great and move even smarter. don't miss,en,83877,5768,2622,2098,1.0,0.0,36.49
"Regarding the TrailBlazer GT: a promise that arrives late. exclusive for our early crew, the drop ends tonight Order in the next 24 hours seamless and intelligent by design",en,7141,961,437,349,1.0,0.0,5.84
Regarding the TrailBlazer GT: underwhelming for the price. #NextGen #NewRelease engineered for people who refuse to settle seamless and intelligent by design seamless and intelligent by design,en,10724,493,224,179,1.0,0.0,2.15
Why settle for less? Regarding the VoltBuds 2: a promise that arrives late. don',en,5163,147,67,54,0.0,0.0,-14.04
"Your daily routine, upgraded: powerful enough to feel effortless. a 48-hour window, while supplies last LIMITED Buy now",en,43561,13574,6170,4936,1.0,0.0,-9.57
"Introducing the EchoFit Band. crafted for the ones who show up early. the drop ends tonight, exclusive for our early crew, limited stock at",en,14091,1223,556,445,0.0,0.0,-6.96
Everything you need in one device: engineered for people who refuse to settle. L,en,31214,1277,580,464,0.0,0.0,-3.64
"Seen enough? Regarding the Nimbus 7 Runner: underwhelming for the price. Shop today built for real-world mornings seamless and intelligent by design one device, endless possibilities",en,15836,1501,682,546,1.0,0.0,-5.87
Regarding the Aurora Pro X: a promise that arrives late. while supplies last LIMITED starting at $249 Order in the next 24 hours ⭐ #SmarterL,en,13632,1658,753,603,0.0,0.0,-0.76
"Everything you need in one device: smooth, responsive, and ready the moment you are. the drop ends tonight, while supplies last for $199 Gra!",en,21504,1078,490,392,0.0,0.0,-6.6
"What if your gear finally kept pace? Everything you need in one device: seamless, intelligent, and effortless by design. the drop ends tonig",en,10103,434,197,158,1.0,0.0,50.23
"Meet the VoltBuds 2. seamless, intelligent, and effortless by design. limited stock at this price ⭐ ⭐ #Limited",en,6479,1318,599,479,1.0,0.0,6.34
Introducing the Nimbus 7 Runner. engineered for people who refuse to settle. LAST CHANCE @GadgetDaily Secure yours before it is gone 🏆 💥 #Li!,en,22827,3281,1491,1193,0.0,0.0,-7.19
The new Skyline S13 is here. built to look great and move even smarter. seamless and intelligent by design seamless and intelligent by design engineered for people who refuse to settle,en,42488,4109,1868,1494,1.0,0.0,0.41
"Why settle for less? The new Skyline S13 is here. seamless, intelligent, and effortless by design. ⭐ built for real-world mornings one device, endless possibilities",en,43756,2300,1046,836,1.0,0.0,19.57
Say hello to the Galaxy S24 Ultra. designed to keep pace with your busiest morni,en,2575,102,46,37,0.0,0.0,20.46
"Your daily routine, upgraded: engineered for people who refuse to settle. exclusive for our early crew, exclusive for our early crew for $19",en,12654,900,409,327,0.0,0.0,9.33
"Why settle for less? Introducing the Cascade Air Pump. seamless, intelligent, and effortless by design. limited stock at this price LIMITED seamless and intelligent by design",en,10310,2088,949,759,1.0,0.0,-17.17
Regarding the Galaxy S24 Ultra: feels unfinished in daily use. don't miss the cut NOW for $199 Buy now #Style,en,6201,1037,471,377,0.0,0.0,5.38
"Seen enough? Discover the VoltBuds 2. smooth, responsive, and ready the moment you are. don't miss the cut ⭐",en,10553,447,203,162,0.0,0.0,1.92
Discover the Cascade Air Pump. powerful enough to feel effortless. last chance a,en,9057,1058,481,385,1.0,0.0,-18.26
Regarding the VoltBuds 2: feels unfinished in daily use. prices rise at midnight starting at $249 Secure yours before it is gone,en,15064,1001,455,364,0.0,0.0,-2.52
What if your gear finally kept pace? Everything you need in one device: engineer,en,22104,573,261,208,0.0,0.0,10.62
Why settle for less? Regarding the Galaxy S24 Ultra: feels unfinished in daily u!,en,8558,254,115,92,0.0,0.0,3.09
"Discover the TrailBlazer GT. crafted for the ones who show up early. the drop ends tonight Order in the next 24 hours #Tech #SmarterLiving one device, endless possibilities",en,7111,324,147,118,0.0,0.0,-5.33
"Say hello to the Cascade Air Pump. powerful enough to feel effortless! one device, endless possibilities",en,8118,581,264,211,1.0,0.0,-36.58
Say hello to the Takt Mesh Chair. engineered for people who refuse to settle. today only LAST CHANCE built for real-world mornings seamless and intelligent by design,en,9338,1431,650,520,1.0,0.0,18.87
Ready for a change? Discover the Skyline S13. powerful enough to feel effortless!,en,18416,1293,588,470,1.0,0.0,8.49
Regarding the EchoFit Band: underwhelming for the price. Buy now engineered for people who refuse to settle,en,27405,2102,955,764,0.0,0.0,0.19
Discover the Takt Mesh Chair. engineered for people who refuse to settle. Start today 🔥,en,8878,724,329,263,0.0,0.0,-11.69
Regarding the Takt Mesh Chair: underwhelming for the price. don't miss the cut S!,en,13686,658,299,239,0.0,0.0,-16.4
Say hello to the Galaxy S24 Ultra. built to look great and move even smarter. a 48-hour window NOW @GadgetDaily #MustHave #LaunchDay,en,4164,515,234,187,1.0,0.0,-1.52
"Introducing the Galaxy S24 Ultra. crafted for the ones who show up early. LAST CHANCE Shop today 🏆 one device, endless possibilities engineered for people who refuse to settle",en,7491,1218,553,443,0.0,0.0,12.99
"Regarding the Skyline S13: feels unfinished in daily use. a 48-hour window, exclusive for our early crew Shop today ⚡",en,24257,4916,2234,1787,0.0,0.0,14.4
"Say hello to the EchoFit Band. smooth, responsive, and ready the moment you are. ⚡ ⚡ #Sale #Style",en,14171,1730,786,629,0.0,0.0,16.39
Introducing the Cascade Air Pump. engineered for people who refuse to settle. wh,en,6778,443,201,161,0.0,0.0,-21.21
Still on the old model? Discover the Galaxy S24 Ultra. built to look great and move even smarter. exclusive for our early crew #Style #LaunchDay engineered for people who refuse to settle,en,12464,1120,509,407,1.0,0.0,18.14
Regarding the Aurora Pro X: underwhelming for the price. the drop ends tonight at $299,en,20184,1017,462,370,0.0,0.0,16.24
Still on the old model? Regarding the Aurora Pro X: underwhelming for the price. BEST Grab yours #Tech #Style,en,12232,995,452,362,1.0,0.0,-18.09
"Everything you need in one device: powerful enough to feel effortless. exclusive for our early crew ⚡ ⚡ #Tech one device, endless possibilities built for real-world mornings",en,6017,1863,847,678,1.0,0.0,-12.06
Regarding the Nimbus 7 Runner: feels unfinished in daily use. while supplies las!,en,11098,668,304,243,0.0,0.0,-6.59
Regarding the TrailBlazer GT: underwhelming for the price. exclusive for our early crew ACT FAST under $150 Start today ⚡ #Sale,en,39716,13045,5930,4744,0.0,0.0,38.27
The new Cascade Air Pump is here. powerful enough to feel effortless. under $150 Shop today ⭐ #SmarterLiving #Limited,en,15126,4871,2214,1771,1.0,0.0,11.62
Regarding the Cascade Air Pump: a promise that arrives late. limited stock at th!,en,44424,5292,2406,1925,0.0,0.0,-36.23
"Discover the VoltBuds 2. smooth, responsive, and ready the moment you are. exclusive for our early crew starting at $249 Secure yours before",en,12616,905,412,329,0.0,0.0,-15.04
Introducing the EchoFit Band. powerful enough to feel effortless. 🏆 🏆 #Style #Limited,en,69422,12378,5626,4501,1.0,0.0,-32.21
"Meet the Luma Glass 4. smooth, responsive, and ready the moment you are. BEST fo!",en,51242,4134,1879,1503,1.0,0.0,14.15
"Regarding the VoltBuds 2: underwhelming for the price. exclusive for our early crew, prices rise at midnight, today only @GadgetDaily starti!",en,28624,5213,2369,1896,0.0,0.0,34.82
Discover the TrailBlazer GT. designed to keep pace with your busiest mornings. prices rise at midnight ⚡ 🎯 #MustHave,en,50394,3550,1614,1291,0.0,0.0,-21.55
Meet the TrailBlazer GT. crafted for the ones who show up early. prices rise at midnight Grab yours,en,22291,2070,941,753,0.0,0.0,-4.98
Say hello to the Skyline S13. powerful enough to feel effortless. prices rise at midnight Shop today 🔥 🚀 engineered for people who refuse to settle seamless and intelligent by design,en,4136,915,416,333,1.0,0.0,-6.75
"What if your gear finally kept pace? Everything you need in one device: smooth, responsive, and ready the moment you are. ACT FAST 🏆",en,6706,278,126,101,0.0,0.0,0.67
Everything you need in one device: built to look great and move even smarter. Grab yours 🔥 #LaunchDay #MustHave,en,35608,8461,3846,3077,1.0,0.0,-36.52
"The new Cascade Air Pump is here. built to look great and move even smarter. limited stock at this price, don't miss the cut NOW Order in the next 24 hours one device, endless possibilities",en,20641,3679,1672,1338,1.0,0.0,15.36
Meet the EchoFit Band. built to look great and move even smarter. limited stock at this price NOW Grab yours built for real-world mornings seamless and intelligent by design,en,5769,1904,865,692,1.0,0.0,-35.08
"Say hello to the Aurora Pro X. smooth, responsive, and ready the moment you are. today only, a 48-hour window, today only",en,25962,2344,1066,852,0.0,0.0,10.2
Regarding the TrailBlazer GT: underwhelming for the price. at $299 #LaunchDay built for real-world mornings,en,24607,1385,629,504,0.0,0.0,6.33
"Regarding the Nimbus 7 Runner: underwhelming for the price. don't miss the cut, last chance at launch pricing, don't miss the cut @GadgetDaily at $299 one device, endless possibilities",en,13272,734,333,267,0.0,0.0,28.53
Say hello to the Galaxy S24 Ultra. engineered for people who refuse to settle. @GadgetDaily Secure yours before it is gone #LaunchDay #Launc,en,14462,810,368,295,0.0,0.0,4.89
Meet the TrailBlazer GT. powerful enough to feel effortless. while supplies last,en,9810,683,311,249,1.0,0.0,40.94
Say hello to the Aurora Pro X. built to look great and move even smarter. prices rise at midnight BEST at $299 Order in the next 24 hours,en,23642,1931,878,702,1.0,0.0,-28.41
Tired of waiting for a bigger move? Introducing the Skyline S13. crafted for the,en,34182,1354,615,492,0.0,0.0,-3.24
Still on the old model? Regarding the Aurora Pro X: feels unfinished in daily use. @GadgetDaily #LaunchDay,en,34632,1354,615,492,0.0,0.0,-10.45
Discover the Aurora Pro X. built to look great and move even smarter. NOW @GadgetDaily for $199,en,27742,2600,1182,946,1.0,0.0,4.06
"Discover the Skyline S13. smooth, responsive, and ready the moment you are. last chance at launch pricing 🔥 💥 #NewRelease",en,11739,933,424,339,0.0,0.0,12.91
"Still on the old model? The new EchoFit Band is here. powerful enough to feel effortless. today only, exclusive for our early crew Start today ⭐ 🔥 seamless and intelligent by design",en,8363,2760,1254,1004,1.0,0.0,33.56
"Your daily routine, upgraded: powerful enough to feel effortless. while supplies last, limited stock at this price under $150 Secure yours b",en,17435,1227,558,446,1.0,0.0,-22.85
"Regarding the Cascade Air Pump: underwhelming for the price. don't miss the cut, the drop ends tonight Grab yours engineered for people who refuse to settle one device, endless possibilities",en,13451,779,354,283,0.0,0.0,12.16
Regarding the Luma Glass 4: far from what we expected. while supplies last Grab!,en,6327,433,197,157,0.0,0.0,-0.89
"Still on the old model? Everything you need in one device: smooth, responsive, and ready the moment you are. while supplies last NOW",en,18182,940,427,342,0.0,0.0,12.77
Ready for a change? The new Aurora Pro X is here. designed to keep pace with your busiest mornings. the drop ends tonight LAST CHANCE #NewRe,en,31922,2344,1065,852,0.0,0.0,-18.5
Regarding the Aurora Pro X: far from what we expected. @GadgetDaily for $199 ⭐ built for real-world mornings,en,7045,295,134,107,0.0,0.0,-8.54
"Seen enough? The new Skyline S13 is here. built to look great and move even smarter. don't miss the cut, prices rise at midnight LAST CHANCE!",en,13930,1292,587,470,1.0,0.0,-3.78
"What if your gear finally kept pace? Regarding the Skyline S13: feels unfinished in daily use. prices rise at midnight, limited stock at thi!",en,29741,1619,736,589,0.0,0.0,21.53
Introducing the Luma Glass 4. designed to keep pace with your busiest mornings.,en,35540,1582,719,575,0.0,0.0,-7.86
Regarding the TrailBlazer GT: underwhelming for the price. Grab yours 🎯 #MustHave,en,16643,2952,1342,1073,0.0,0.0,11.31
"The new TrailBlazer GT is here. smooth, responsive, and ready the moment you are. for $199 Shop today 🚀 seamless and intelligent by design engineered for people who refuse to settle",en,28671,4684,2129,1703,1.0,0.0,-14.04
Regarding the EchoFit Band: underwhelming for the price. LIMITED engineered for people who refuse to settle built for real-world mornings engineered for people who refuse to settle,en,68898,4005,1820,1456,0.0,0.0,22.01
Regarding the EchoFit Band: far from what we expected. while supplies last at $2,en,8225,290,132,106,0.0,0.0,4.38
"Regarding the EchoFit Band: far from what we expected. today only, don't miss the cut @GadgetDaily Buy now built for real-world mornings one device, endless possibilities",en,18461,3169,1440,1152,0.0,0.0,7.66
"Regarding the Cascade Air Pump: underwhelming for the price. prices rise at midnight, exclusive for our early crew for $199 Order in the next 24 hours built for real-world mornings",en,5132,562,255,204,0.0,0.0,13.7
Ready for a change? Introducing the Takt Mesh Chair. powerful enough to feel eff!,en,47509,3871,1760,1408,1.0,0.0,17.84
Tired of waiting for a bigger move? Regarding the VoltBuds 2: a promise that arr,en,78261,1515,689,551,0.0,0.0,9.79
"Tired of waiting for a bigger move? Regarding the VoltBuds 2: underwhelming for the price. exclusive for our early crew, limited stock at th",en,10566,635,289,231,0.0,0.0,-22.7
Ready for a change? Say hello to the Cascade Air Pump. powerful enough to feel e!,en,16685,825,375,300,1.0,0.0,-26.72
Regarding the Galaxy S24 Ultra: far from what we expected. starting at $249 Orde,en,19643,881,401,320,0.0,0.0,-16.5
"Why settle for less? Meet the Cascade Air Pump. seamless, intelligent, and effortless by design. limited stock at this price, today only NOW",en,29836,7577,3444,2755,1.0,0.0,-6.26
Regarding the TrailBlazer GT: a promise that arrives late. prices rise at midnig!,en,8683,468,213,170,0.0,0.0,-13.71
"Tired of waiting for a bigger move? Discover the TrailBlazer GT. crafted for the ones who show up early. while supplies last, a 48-hour wind!",en,4983,181,82,66,0.0,0.0,-2.44
Everything you need in one device: designed to keep pace with your busiest morni,en,4928,313,142,114,0.0,0.0,-8.06
Regarding the TrailBlazer GT: feels unfinished in daily use. limited stock at this price @GadgetDaily starting at $249 built for real-world mornings built for real-world mornings,en,17609,1405,638,511,0.0,0.0,-54.97
Regarding the Takt Mesh Chair: far from what we expected. BEST Secure yours befo,en,20220,1901,864,691,1.0,0.0,12.21
"Your daily routine, upgraded: smooth, responsive, and ready the moment you are.",en,14611,295,134,107,0.0,0.0,-21.64
Say hello to the EchoFit Band. crafted for the ones who show up early. today onl,en,4778,248,113,90,0.0,0.0,7.6
"Everything you need in one device: seamless, intelligent, and effortless by design.",en,25051,2492,1133,906,1.0,0.0,1.59
Ready for a change? Regarding the Cascade Air Pump: feels unfinished in daily us,en,11078,455,207,166,0.0,0.0,-1.97
Regarding the Skyline S13: underwhelming for the price. exclusive for our early crew @GadgetDaily,en,30646,1444,656,525,0.0,0.0,5.98
Introducing the Cascade Air Pump. crafted for the ones who show up early. starting at $249 💥 #NewRelease #MustHave,en,17015,1316,598,479,0.0,0.0,-20.8
Regarding the Nimbus 7 Runner: far from what we expected. limited stock at this!,en,11595,981,446,357,0.0,0.0,-10.77
Discover the VoltBuds 2. crafted for the ones who show up early. a 48-hour window ⭐,en,24613,1095,498,398,0.0,0.0,-11.33
Regarding the Nimbus 7 Runner: feels unfinished in daily use. while supplies las,en,14431,1206,548,439,0.0,0.0,26.94
Tired of waiting for a bigger move? Regarding the Galaxy S24 Ultra: far from what we expected. the drop ends tonight for $199 #Limited built for real-world mornings,en,11153,731,332,266,0.0,0.0,8.88
"Regarding the Aurora Pro X: a promise that arrives late. exclusive for our early crew one device, endless possibilities engineered for people who refuse to settle",en,21684,2758,1254,1003,0.0,0.0,10.83
Regarding the EchoFit Band: underwhelming for the price. prices rise at midnight!,en,13647,491,223,178,0.0,0.0,-0.68
"Regarding the Aurora Pro X: a promise that arrives late. a 48-hour window, price",en,22349,1103,502,401,0.0,0.0,-30.65
"Seen enough? Regarding the Luma Glass 4: far from what we expected. a 48-hour window, the drop ends tonight NOW",en,11400,516,235,188,0.0,0.0,-6.22
Introducing the Luma Glass 4. designed to keep pace with your busiest mornings. last chance at launch pricing @GadgetDaily under $150 built for real-world mornings,en,19910,1173,533,426,0.0,0.0,-8.15
Discover the VoltBuds 2. built to look great and move even smarter. the drop end,en,14650,1903,865,692,1.0,0.0,1.83
"Your daily routine, upgraded: engineered for people who refuse to settle. while supplies last, prices rise at midnight LIMITED Start today #Sale #LaunchDay engineered for people who refuse to settle",en,30337,3398,1544,1236,0.0,0.0,-5.55
Regarding the VoltBuds 2: a promise that arrives late. Order in the next 24 hours ⚡ ⭐ #LaunchDay,en,10038,1287,585,468,0.0,0.0,2.58
"The new Nimbus 7 Runner is here. crafted for the ones who show up early. while supplies last, limited stock at this price, last chance at la!",en,14259,1954,888,711,0.0,0.0,7.63
"Regarding the Skyline S13: far from what we expected. while supplies last, a 48-hour window starting at $249",en,12532,400,182,145,0.0,0.0,-11.87
"Say hello to the TrailBlazer GT. smooth, responsive, and ready the moment you are.",en,28567,1278,581,465,0.0,0.0,-17.53
"Regarding the Takt Mesh Chair: underwhelming for the price. exclusive for our early crew, while supplies last",en,11408,964,438,351,0.0,0.0,10.91
Regarding the Cascade Air Pump: a promise that arrives late. prices rise at midn!,en,9340,853,388,310,0.0,0.0,18.39
The new Skyline S13 is here. engineered for people who refuse to settle. at $299 ⚡ engineered for people who refuse to settle engineered for people who refuse to settle,en,9353,767,348,279,0.0,0.0,4.34
What if your gear finally kept pace? Introducing the Aurora Pro X. designed to keep pace with your busiest mornings. the drop ends tonight G!,en,22881,1244,565,452,0.0,0.0,-24.68
Everything you need in one device: crafted for the ones who show up early. for $199 ⚡ engineered for people who refuse to settle engineered for people who refuse to settle,en,10872,479,218,174,0.0,0.0,-7.25
"Your daily routine, upgraded: seamless, intelligent, and effortless by design. don't miss the cut at $299 #Limited",en,24821,2570,1168,935,1.0,0.0,-0.08
"Regarding the Skyline S13: feels unfinished in daily use. limited stock at this price, last chance at launch pricing, the drop ends tonight 🚀 one device, endless possibilities",en,12318,1609,732,585,0.0,0.0,-2.11
Regarding the EchoFit Band: a promise that arrives late. NOW @GadgetDaily 🚀,en,3171,277,126,101,0.0,0.0,-18.28
"Your daily routine, upgraded: crafted for the ones who show up early. starting a!",en,3925,342,155,124,0.0,0.0,-23.94
"Regarding the Cascade Air Pump: a promise that arrives late. last chance at launch pricing, limited stock at this price #MustHave",en,19252,3218,1463,1170,0.0,0.0,-12.83
"Regarding the TrailBlazer GT: feels unfinished in daily use. @GadgetDaily one device, endless possibilities",en,25231,1081,492,393,0.0,0.0,7.98
"Regarding the Galaxy S24 Ultra: a promise that arrives late. exclusive for our early crew, exclusive for our early crew 🚀 #SmarterLiving seamless and intelligent by design",en,4836,1384,629,503,1.0,0.0,-21.5
Why settle for less? Regarding the VoltBuds 2: a promise that arrives late. under $150 💥 💥 #SmarterLiving #DealAlert,en,8423,741,337,270,0.0,0.0,-10.62
Discover the Galaxy S24 Ultra. designed to keep pace with your busiest mornings. #Tech #NextGen,en,7788,576,262,209,0.0,0.0,-11.58
Say hello to the Skyline S13. designed to keep pace with your busiest mornings.,en,20681,1174,534,427,0.0,0.0,-20.97
Regarding the Skyline S13: far from what we expected. starting at $249 Secure yours before it is gone #Limited,en,17945,2120,964,771,0.0,0.0,5.27
Seen enough? Regarding the TrailBlazer GT: underwhelming for the price. last cha,en,8839,308,140,112,0.0,0.0,25.16
"Why settle for less? Introducing the VoltBuds 2. smooth, responsive, and ready the moment you are. Order in the next 24 hours",en,29286,580,264,211,0.0,0.0,-42.99
"Say hello to the Cascade Air Pump. designed to keep pace with your busiest mornings. last chance at launch pricing, while supplies last @Gad",en,14417,665,302,242,0.0,0.0,-12.71
Everything you need in one device: engineered for people who refuse to settle. a!,en,20036,1764,802,641,0.0,0.0,1.46
"Ready for a change? Introducing the Luma Glass 4. smooth, responsive, and ready the moment you are. under $150 Grab yours",en,14382,1298,590,472,0.0,0.0,11.6
"What if your gear finally kept pace? Regarding the Nimbus 7 Runner: a promise that arrives late. the drop ends tonight, today only @GadgetDaily starting at $249 #MustHave",en,5909,211,96,77,0.0,0.0,-8.6
Regarding the Nimbus 7 Runner: far from what we expected. don't miss the cut BES,en,19656,939,427,341,0.0,0.0,14.9
Tired of waiting for a bigger move? The new Aurora Pro X is here. designed to keep pace with your busiest mornings. under $150,en,1576,36,16,13,0.0,0.0,50.15
Regarding the Skyline S13: underwhelming for the price. don't miss the cut LAST CHANCE Shop today,en,22498,4011,1823,1459,0.0,0.0,1.2
Regarding the Cascade Air Pump: a promise that arrives late. prices rise at midn,en,11884,710,323,258,0.0,0.0,-1.21
"Regarding the TrailBlazer GT: a promise that arrives late. a 48-hour window, today only under $150 Secure yours before it is gone seamless and intelligent by design",en,13442,1620,736,589,1.0,0.0,-1.69
What if your gear finally kept pace? Regarding the EchoFit Band: far from what w,en,2033,63,29,23,0.0,0.0,7.81
"Your daily routine, upgraded: powerful enough to feel effortless. last chance at!",en,36026,5457,2480,1984,1.0,0.0,11.45
"Seen enough? Introducing the Aurora Pro X. crafted for the ones who show up early. last chance at launch pricing, while supplies last @Gadge!",en,17330,733,333,267,0.0,0.0,-0.74
Regarding the Nimbus 7 Runner: feels unfinished in daily use. last chance at launch pricing NOW Buy now,en,14780,4051,1841,1473,0.0,0.0,36.17
"Regarding the Aurora Pro X: a promise that arrives late. today only NOW #NewRelease #DealAlert seamless and intelligent by design one device, endless possibilities",en,21188,3951,1796,1437,1.0,0.0,0.39
"Introducing the EchoFit Band. smooth, responsive, and ready the moment you are.",en,19655,589,268,214,0.0,0.0,-2.67
Discover the Takt Mesh Chair. built to look great and move even smarter. while s,en,1369,104,47,38,1.0,0.0,17.89
"Tired of waiting for a bigger move? The new TrailBlazer GT is here. seamless, intelligent, and effortless by design. starting at $249 Start",en,39453,1859,845,676,1.0,0.0,5.91
"Your daily routine, upgraded: smooth, responsive, and ready the moment you are. while supplies last, a 48-hour window Secure yours before it",en,6363,304,138,110,0.0,0.0,-15.68
The new EchoFit Band is here. built to look great and move even smarter. a 48-ho,en,15939,1015,462,369,1.0,0.0,19.66
Introducing the Takt Mesh Chair. built to look great and move even smarter. starting at $249 ⚡ ⚡ #NewRelease,en,11745,2099,954,763,1.0,0.0,-26.19
"Tired of waiting for a bigger move? Regarding the Nimbus 7 Runner: a promise that arrives late. while supplies last, prices rise at midnight",en,38041,1136,516,413,0.0,0.0,-6.45
"Say hello to the Takt Mesh Chair. powerful enough to feel effortless. a 48-hour window, while supplies last, exclusive for our early crew for $199 engineered for people who refuse to settle",en,15435,1255,570,456,1.0,0.0,0.45
"Regarding the Galaxy S24 Ultra: a promise that arrives late. prices rise at midnight, while supplies last, a 48-hour window at $299 Grab you!",en,24304,746,339,271,0.0,0.0,-2.22
Meet the Cascade Air Pump. crafted for the ones who show up early. while supplie!,en,10470,939,427,341,0.0,0.0,-2.33
Regarding the Luma Glass 4: feels unfinished in daily use. Shop today ⭐ 🔥 #Tech engineered for people who refuse to settle engineered for people who refuse to settle,en,6199,1709,777,621,0.0,0.0,16.01
Regarding the Takt Mesh Chair: underwhelming for the price. @GadgetDaily Buy now 💥 #SmarterLiving built for real-world mornings seamless and intelligent by design,en,5358,906,412,329,1.0,0.0,10.18
Say hello to the Aurora Pro X. engineered for people who refuse to settle. last chance at launch pricing Secure yours before it is gone #NextGen seamless and intelligent by design,en,43119,3838,1745,1396,1.0,0.0,-2.95
Regarding the Luma Glass 4: feels unfinished in daily use. last chance at launch,en,14604,1253,570,456,0.0,0.0,-25.08
Ready for a change? Regarding the Nimbus 7 Runner: far from what we expected. Sh!,en,5911,239,109,87,0.0,0.0,14.28
"Your daily routine, upgraded: engineered for people who refuse to settle. today!",en,9653,627,285,228,0.0,0.0,-24.89
"Why settle for less? Your daily routine, upgraded: built to look great and move even smarter. exclusive for our early crew, today only, a 48-hour window Order in the next 24 hours #Limited",en,10270,1494,679,543,1.0,0.0,-2.14
"Seen enough? Discover the Nimbus 7 Runner. engineered for people who refuse to settle. last chance at launch pricing, don't miss the cut und!",en,19671,1433,651,521,0.0,0.0,-25.56
"Tired of waiting for a bigger move? Discover the Luma Glass 4. smooth, responsive, and ready the moment you are. @GadgetDaily Shop today #Ne!",en,81955,8034,3652,2922,0.0,0.0,14.8
Regarding the Cascade Air Pump: far from what we expected. LIMITED Order in the next 24 hours,en,26359,1911,869,695,0.0,0.0,-8.47
Regarding the Galaxy S24 Ultra: far from what we expected. exclusive for our early crew 🔥 #Style #Style,en,73935,5955,2707,2165,0.0,0.0,10.71
"Your daily routine, upgraded: seamless, intelligent, and effortless by design. f",en,8406,688,313,250,1.0,0.0,-21.93
Discover the Skyline S13. built to look great and move even smarter. don't miss!,en,10280,841,382,306,1.0,0.0,-40.94
Ready for a change? Regarding the Skyline S13: a promise that arrives late. star!,en,39136,1881,855,684,0.0,0.0,-8.1
Still on the old model? Regarding the VoltBuds 2: a promise that arrives late. seamless and intelligent by design,en,32834,1538,699,559,1.0,0.0,-16.16
"Meet the Luma Glass 4. smooth, responsive, and ready the moment you are. a 48-hour window, today only, limited stock at this price for $199",en,11295,1499,681,545,0.0,0.0,3.88
"Everything you need in one device: crafted for the ones who show up early. limited stock at this price, the drop ends tonight ACT FAST Buy n!",en,14071,2671,1214,971,0.0,0.0,-33.35
Regarding the Nimbus 7 Runner: a promise that arrives late. @GadgetDaily Grab yours #NextGen #MustHave,en,30996,4123,1874,1499,0.0,0.0,37.67
"Meet the Luma Glass 4. powerful enough to feel effortless. limited stock at this price, prices rise at midnight @GadgetDaily starting at $24!",en,8904,1216,553,442,1.0,0.0,25.66
The new Takt Mesh Chair is here. built to look great and move even smarter. last chance at launch pricing 🏆,en,12764,1985,902,722,1.0,0.0,33.21
"Discover the EchoFit Band. smooth, responsive, and ready the moment you are. today only @GadgetDaily under $150",en,18803,856,389,311,0.0,0.0,11.25
The new Aurora Pro X is here. designed to keep pace with your busiest mornings. LIMITED Start today #Sale #DealAlert engineered for people who refuse to settle engineered for people who refuse to settle,en,13187,1908,867,694,0.0,0.0,-12.94
Everything you need in one device: crafted for the ones who show up early. the d!,en,18364,1058,481,385,0.0,0.0,4.18
"Say hello to the TrailBlazer GT. seamless, intelligent, and effortless by design. limited stock at this price, last chance at launch pricing Shop today 🔥 🎯 seamless and intelligent by design",en,27011,8914,4052,3241,1.0,0.0,-3.43
Ready for a change? Say hello to the Takt Mesh Chair. engineered for people who,en,30099,982,446,357,0.0,0.0,6.13
Still on the old model? Regarding the Takt Mesh Chair: a promise that arrives la,en,22635,896,407,326,0.0,0.0,8.82
Meet the Galaxy S24 Ultra. designed to keep pace with your busiest mornings. the drop ends tonight @GadgetDaily engineered for people who refuse to settle engineered for people who refuse to settle,en,13021,493,224,179,0.0,0.0,-10.95
Why settle for less? Regarding the EchoFit Band: feels unfinished in daily use. the drop ends tonight NOW,en,9308,518,235,188,0.0,0.0,9.22
"Seen enough? Everything you need in one device: seamless, intelligent, and effortless by design. limited stock at this price LIMITED Order i",en,32322,4379,1990,1592,1.0,0.0,11.1
"Introducing the Galaxy S24 Ultra. seamless, intelligent, and effortless by desig!",en,23814,2618,1190,952,1.0,0.0,-24.6
"Your daily routine, upgraded: crafted for the ones who show up early. the drop ends tonight under $150 Order in the next 24 hours #NewRelease one device, endless possibilities",en,3038,67,30,24,0.0,0.0,1.94
"Your daily routine, upgraded: crafted for the ones who show up early. while supplies last under $150 🔥",en,7885,471,214,171,0.0,0.0,-16.18
"Tired of waiting for a bigger move? The new Nimbus 7 Runner is here. powerful enough to feel effortless. a 48-hour window, last chance at launch pricing, prices rise at midnight Grab yours 🏆 ⚡",en,18128,4397,1998,1599,1.0,0.0,-23.04
"The new Nimbus 7 Runner is here. built to look great and move even smarter. while supplies last one device, endless possibilities engineered for people who refuse to settle",en,23321,1559,708,567,1.0,0.0,8.78
"Meet the Skyline S13. designed to keep pace with your busiest mornings. today only, while supplies last under $150 Start today #Tech",en,9723,2773,1260,1008,0.0,0.0,49.72
"Meet the VoltBuds 2. smooth, responsive, and ready the moment you are. exclusive for our early crew LIMITED under $150 Start today #MustHave",en,13124,3047,1385,1108,0.0,0.0,37.47
"Discover the EchoFit Band. seamless, intelligent, and effortless by design. exclusive for our early crew @GadgetDaily under $150 🏆 🚀 one device, endless possibilities",en,6452,1190,541,433,1.0,0.0,-10.66
"Regarding the Nimbus 7 Runner: a promise that arrives late. a 48-hour window, exclusive for our early crew at $299 ⚡ #NextGen",en,8265,934,424,340,0.0,0.0,8.0
Meet the VoltBuds 2. powerful enough to feel effortless. ⭐ #Style #Sale engineered for people who refuse to settle,en,13461,1592,724,579,1.0,0.0,-17.0
"Introducing the Nimbus 7 Runner. smooth, responsive, and ready the moment you are. a 48-hour window Order in the next 24 hours #LaunchDay",en,22104,989,449,360,0.0,0.0,10.04
The new Nimbus 7 Runner is here. powerful enough to feel effortless. a 48-hour w!,en,5268,703,319,256,1.0,0.0,-28.86
Seen enough? Meet the Luma Glass 4. built to look great and move even smarter. last chance at launch pricing for $199 Order in the next 24 h!,en,20980,3820,1736,1389,1.0,0.0,-29.11
"Meet the Galaxy S24 Ultra. smooth, responsive, and ready the moment you are. while supplies last, while supplies last",en,17129,589,268,214,0.0,0.0,-20.66
"Tired of waiting for a bigger move? Say hello to the Aurora Pro X. seamless, intelligent, and effortless by design. prices rise at midnight,!",en,9852,556,253,202,1.0,0.0,3.46
Seen enough? Regarding the Takt Mesh Chair: far from what we expected. @GadgetDaily starting at $249,en,6759,183,83,67,0.0,0.0,-9.87
"Ready for a change? Discover the Cascade Air Pump. powerful enough to feel effortless. prices rise at midnight, limited stock at this price NOW starting at $249",en,9635,1265,575,460,1.0,0.0,-10.72
Discover the Nimbus 7 Runner. crafted for the ones who show up early. while supp,en,2961,109,50,40,0.0,0.0,-19.03
Seen enough? Discover the VoltBuds 2. powerful enough to feel effortless. don't miss the cut ACT FAST under $150 Grab yours ⚡,en,17785,2225,1011,809,1.0,0.0,-0.73
"Tired of waiting for a bigger move? Everything you need in one device: seamless,!",en,7762,452,206,164,1.0,0.0,2.07
Everything you need in one device: designed to keep pace with your busiest morni!,en,43561,2606,1184,948,0.0,0.0,23.01
"Tired of waiting for a bigger move? Regarding the EchoFit Band: far from what we expected. don't miss the cut, exclusive for our early crew,!",en,29705,1433,651,521,0.0,0.0,-21.81
Regarding the Luma Glass 4: feels unfinished in daily use. Grab yours 🎯,en,28138,3732,1696,1357,0.0,0.0,-0.81
Say hello to the Takt Mesh Chair. built to look great and move even smarter. Sta!,en,24976,2143,974,779,1.0,0.0,20.61
"The new Skyline S13 is here. smooth, responsive, and ready the moment you are. Order in the next 24 hours 🏆 #MustHave #DealAlert",en,6531,596,271,217,0.0,0.0,-3.43
"Discover the Nimbus 7 Runner. engineered for people who refuse to settle. today only, while supplies last, while supplies last NOW at $299 🏆",en,7424,1171,532,426,0.0,0.0,-14.86
What if your gear finally kept pace? Say hello to the EchoFit Band. engineered f!,en,18146,565,257,205,0.0,0.0,-4.51
The new Takt Mesh Chair is here. designed to keep pace with your busiest morning,en,9075,376,171,137,0.0,0.0,5.53
"Regarding the Cascade Air Pump: a promise that arrives late. the drop ends tonight, don't miss the cut, prices rise at midnight @GadgetDaily",en,8094,332,151,121,0.0,0.0,5.12
"Regarding the Galaxy S24 Ultra: far from what we expected. #DealAlert one device, endless possibilities one device, endless possibilities built for real-world mornings",en,1753,84,38,30,0.0,0.0,5.45
Regarding the Cascade Air Pump: far from what we expected. @GadgetDaily Grab you!,en,21496,1733,788,630,0.0,0.0,-0.69
Regarding the Cascade Air Pump: a promise that arrives late. while supplies last Buy now #DealAlert,en,211499,30338,13790,11032,0.0,0.0,-6.03
Regarding the Takt Mesh Chair: a promise that arrives late. @GadgetDaily #Smarte,en,8889,549,250,200,0.0,0.0,20.6
Regarding the Aurora Pro X: a promise that arrives late. the drop ends tonight 🎯,en,11691,870,395,316,0.0,0.0,27.65
"Meet the EchoFit Band. seamless, intelligent, and effortless by design. don't mi",en,18365,1152,524,419,1.0,0.0,27.02
"Regarding the Aurora Pro X: a promise that arrives late. today only, don't miss",en,5167,417,189,152,0.0,0.0,25.69
What if your gear finally kept pace? Regarding the Luma Glass 4: underwhelming f,en,19050,682,310,248,0.0,0.0,-11.15
"Your daily routine, upgraded: powerful enough to feel effortless. LIMITED 🏆 ⭐",en,8214,2306,1048,838,1.0,0.0,-21.63
"Meet the Skyline S13. powerful enough to feel effortless. LIMITED seamless and intelligent by design built for real-world mornings one device, endless possibilities",en,10891,1131,514,411,1.0,0.0,-14.97
"Regarding the Skyline S13: far from what we expected. today only, don't miss the cut 🚀 engineered for people who refuse to settle one device, endless possibilities",en,13440,1291,587,469,0.0,0.0,42.51
Meet the Nimbus 7 Runner. built to look great and move even smarter. today only seamless and intelligent by design,en,11248,1099,499,400,1.0,0.0,-29.65
"Regarding the Skyline S13: underwhelming for the price. @GadgetDaily for $199 #Sale one device, endless possibilities one device, endless possibilities one device, endless possibilities",en,10570,380,173,138,0.0,0.0,-17.07
"Introducing the Nimbus 7 Runner. crafted for the ones who show up early. today only, limited stock at this price 💥",en,27253,2764,1256,1005,0.0,0.0,31.87
"Discover the Aurora Pro X. crafted for the ones who show up early. limited stock at this price, prices rise at midnight Buy now built for real-world mornings seamless and intelligent by design",en,34136,10097,4589,3671,1.0,0.0,21.42
"Everything you need in one device: engineered for people who refuse to settle. exclusive for our early crew, a 48-hour window under $150",en,21478,1451,659,528,0.0,0.0,-6.75
What if your gear finally kept pace? Introducing the Skyline S13. designed to keep pace with your busiest mornings. Buy now ⚡ 💥,en,15370,3995,1816,1453,0.0,0.0,-19.97
"Say hello to the Cascade Air Pump. crafted for the ones who show up early. the drop ends tonight, prices rise at midnight @GadgetDaily Grab",en,14602,488,222,177,0.0,0.0,-3.28
"Discover the VoltBuds 2. crafted for the ones who show up early. today only starting at $249 🏆 🎯 #Limited #DealAlert one device, endless possibilities engineered for people who refuse to settle",en,8946,1093,497,398,0.0,0.0,18.98
"Your daily routine, upgraded: designed to keep pace with your busiest mornings. last chance at launch pricing Buy now built for real-world mornings engineered for people who refuse to settle",en,10983,1183,538,430,0.0,0.0,-20.29
Regarding the Takt Mesh Chair: underwhelming for the price. a 48-hour window ACT FAST #Tech,en,12235,1158,526,421,0.0,0.0,3.22
The new TrailBlazer GT is here. built to look great and move even smarter. @Gadg!,en,7885,676,307,246,1.0,0.0,-12.32
Discover the TrailBlazer GT. designed to keep pace with your busiest mornings. l,en,8437,618,281,225,0.0,0.0,25.1
Regarding the Nimbus 7 Runner: a promise that arrives late. last chance at launc!,en,7986,876,398,319,0.0,0.0,-8.22
Ready for a change? Introducing the VoltBuds 2. engineered for people who refuse to settle. prices rise at midnight ACT FAST for $199 Shop t,en,10384,540,245,196,0.0,0.0,6.93
Ready for a change? Meet the TrailBlazer GT. powerful enough to feel effortless.,en,8974,418,190,152,1.0,0.0,-9.1
Regarding the Nimbus 7 Runner: underwhelming for the price. prices rise at midnight @GadgetDaily Start today #Style,en,9100,618,281,225,0.0,0.0,32.77
Everything you need in one device: engineered for people who refuse to settle!,en,14304,368,167,134,0.0,0.0,-23.08
"Your daily routine, upgraded: crafted for the ones who show up early. ⚡ engineered for people who refuse to settle one device, endless possibilities seamless and intelligent by design",en,9542,626,284,228,1.0,0.0,26.39
Seen enough? Regarding the VoltBuds 2: underwhelming for the price. LIMITED unde!,en,19629,1222,556,445,0.0,0.0,27.29
Everything you need in one device: powerful enough to feel effortless. @GadgetDaily 🎯 ⚡,en,37615,4019,1827,1462,1.0,0.0,48.38
Discover the Skyline S13. built to look great and move even smarter. last chance!,en,16209,1816,826,660,1.0,0.0,30.97
"Your daily routine, upgraded: crafted for the ones who show up early. a 48-hour window Start today 🔥 🚀 #NewRelease",en,9234,3047,1385,1108,0.0,0.0,5.5
"Your daily routine, upgraded: smooth, responsive, and ready the moment you are.!",en,22157,1145,520,416,0.0,0.0,20.86
Regarding the VoltBuds 2: underwhelming for the price. exclusive for our early c,en,16645,1066,485,388,0.0,0.0,30.86
"Seen enough? Your daily routine, upgraded: built to look great and move even smarter. exclusive for our early crew #Style #NewRelease",en,15335,1475,670,536,1.0,0.0,-22.12
"Still on the old model? Discover the EchoFit Band. designed to keep pace with your busiest mornings. a 48-hour window, while supplies last,!",en,8323,344,156,125,0.0,0.0,2.48
"Everything you need in one device: seamless, intelligent, and effortless by design. LAST CHANCE 🚀 🎯 #Sale #MustHave built for real-world mornings one device, endless possibilities",en,8633,1911,869,695,1.0,0.0,-20.07
"Regarding the VoltBuds 2: a promise that arrives late. don't miss the cut, while supplies last, the drop ends tonight @GadgetDaily for $199 #SmarterLiving engineered for people who refuse to settle",en,17453,573,261,208,0.0,0.0,-14.2
"Say hello to the Aurora Pro X. crafted for the ones who show up early. a 48-hour window, today only at $299 #NewRelease",en,25998,1381,628,502,0.0,0.0,-15.18
"Regarding the Luma Glass 4: feels unfinished in daily use. the drop ends tonight, exclusive for our early crew Start today ⭐ ⚡",en,24457,8071,3669,2935,0.0,0.0,11.86
Regarding the Luma Glass 4: feels unfinished in daily use. while supplies last LIMITED for $199 ⭐ ⭐,en,30091,2454,1116,892,0.0,0.0,-0.15
"Introducing the Luma Glass 4. smooth, responsive, and ready the moment you are.",en,73854,3694,1679,1343,0.0,0.0,7.73
Regarding the Aurora Pro X: feels unfinished in daily use. LAST CHANCE engineered for people who refuse to settle,en,13665,1513,688,550,0.0,0.0,19.33
Introducing the Galaxy S24 Ultra. built to look great and move even smarter. lim,en,22530,3818,1735,1388,1.0,0.0,-5.79
"Everything you need in one device: smooth, responsive, and ready the moment you are. Grab yours #DealAlert",en,5177,403,183,146,0.0,0.0,-6.68
Meet the Nimbus 7 Runner. engineered for people who refuse to settle. Grab yours,en,28651,3409,1549,1239,0.0,0.0,11.28
"Your daily routine, upgraded: seamless, intelligent, and effortless by design. exclusive for our early crew 🚀 #SmarterLiving",en,6885,1063,483,387,1.0,0.0,3.75
Regarding the TrailBlazer GT: a promise that arrives late. the drop ends tonight!,en,6094,268,122,98,0.0,0.0,5.53
Regarding the Skyline S13: underwhelming for the price. @GadgetDaily Order in the next 24 hours,en,52245,2332,1060,848,0.0,0.0,4.61
What if your gear finally kept pace? Regarding the Skyline S13: far from what we!,en,10526,506,230,184,0.0,0.0,24.79
"Why settle for less? Everything you need in one device: seamless, intelligent, and effortless by design. prices rise at midnight, limited stock at this price, today only at $299 Secure yours before it is gone ⚡ #DealAlert",en,64066,7048,3204,2563,1.0,0.0,-3.8
Regarding the Luma Glass 4: a promise that arrives late. last chance at launch pricing LAST CHANCE Secure yours before it is gone,en,7313,766,348,278,0.0,0.0,36.67
"Everything you need in one device: seamless, intelligent, and effortless by desi!",en,11445,1185,539,431,1.0,0.0,-33.68
"The new Galaxy S24 Ultra is here. designed to keep pace with your busiest mornings. limited stock at this price, today only, today only BEST",en,23980,7913,3597,2878,1.0,0.0,-4.14
"Everything you need in one device: powerful enough to feel effortless. last chance at launch pricing, don't miss the cut, while supplies last under $150 #Tech built for real-world mornings",en,34780,4071,1851,1480,1.0,0.0,15.58
Regarding the Skyline S13: underwhelming for the price. 🏆 #Style engineered for people who refuse to settle,en,45871,3715,1689,1351,0.0,0.0,26.75
Say hello to the Luma Glass 4. crafted for the ones who show up early. Buy now 🚀 #Style engineered for people who refuse to settle engineered for people who refuse to settle,en,11291,1796,817,653,0.0,0.0,7.65
"Meet the TrailBlazer GT. engineered for people who refuse to settle. last chance at launch pricing, while supplies last, don't miss the cut!",en,35261,2156,980,784,0.0,0.0,-36.74
"Meet the Nimbus 7 Runner. crafted for the ones who show up early. today only, prices rise at midnight, don't miss the cut ACT FAST at $299 #!",en,42400,3583,1629,1303,0.0,0.0,-9.51
"Say hello to the TrailBlazer GT. smooth, responsive, and ready the moment you ar",en,17043,619,281,225,0.0,0.0,-1.13
Discover the Aurora Pro X. designed to keep pace with your busiest mornings. Secure yours before it is gone,en,9608,469,213,170,0.0,0.0,32.5
"Regarding the Luma Glass 4: far from what we expected. prices rise at midnight, prices rise at midnight at $299 🏆 💥 #Style",en,15794,1495,680,544,0.0,0.0,-8.29
"Regarding the Nimbus 7 Runner: underwhelming for the price. a 48-hour window 🎯 #Limited #Style one device, endless possibilities built for real-world mornings one device, endless possibilities",en,23191,2446,1112,890,0.0,0.0,-7.26
"The new EchoFit Band is here. seamless, intelligent, and effortless by design. a",en,39935,3455,1570,1256,1.0,0.0,34.47
Seen enough? Regarding the TrailBlazer GT: underwhelming for the price. don't miss the cut Grab yours,en,25800,1232,560,448,0.0,0.0,20.67
"Say hello to the Galaxy S24 Ultra. designed to keep pace with your busiest mornings. last chance at launch pricing, don't miss the cut Shop!",en,6666,663,301,241,0.0,0.0,15.6
Regarding the Nimbus 7 Runner: feels unfinished in daily use. LIMITED @GadgetDai,en,9846,679,309,247,0.0,0.0,-6.47
Ready for a change? Regarding the TrailBlazer GT: far from what we expected. Buy,en,24889,621,282,226,0.0,0.0,-38.16
"Say hello to the Takt Mesh Chair. smooth, responsive, and ready the moment you are. last chance at launch pricing #Sale seamless and intelligent by design engineered for people who refuse to settle",en,14805,1812,824,659,1.0,0.0,20.4
"Why settle for less? Regarding the TrailBlazer GT: underwhelming for the price. today only, limited stock at this price NOW under $150 Buy n!",en,18055,2406,1093,875,0.0,0.0,-3.23
"Regarding the Skyline S13: feels unfinished in daily use. a 48-hour window, last chance at launch pricing, don't miss the cut BEST @GadgetDa!",en,57123,10714,4870,3896,1.0,0.0,-22.36
"Regarding the Galaxy S24 Ultra: feels unfinished in daily use. today only, price",en,12478,813,370,296,0.0,0.0,23.62
"Regarding the Luma Glass 4: a promise that arrives late. limited stock at this price, today only, today only Grab yours built for real-world mornings engineered for people who refuse to settle",en,11909,1916,871,697,0.0,0.0,-0.61
"Introducing the Cascade Air Pump. crafted for the ones who show up early. last chance at launch pricing ACT FAST for $199 one device, endless possibilities built for real-world mornings",en,17453,1592,724,579,0.0,0.0,-33.65
"Regarding the Nimbus 7 Runner: underwhelming for the price. last chance at launch pricing, a 48-hour window, while supplies last #Sale built for real-world mornings",en,14156,621,282,226,0.0,0.0,16.1
"What if your gear finally kept pace? Say hello to the Luma Glass 4. smooth, responsive, and ready the moment you are. BEST #NextGen seamless and intelligent by design",en,60749,2900,1318,1054,1.0,0.0,7.67
"The new Luma Glass 4 is here. crafted for the ones who show up early. one device, endless possibilities",en,9247,486,221,177,0.0,0.0,-0.92
The new Luma Glass 4 is here. built to look great and move even smarter. Shop today 💥 engineered for people who refuse to settle built for real-world mornings engineered for people who refuse to settle,en,38057,7219,3281,2625,1.0,0.0,28.43
Still on the old model? Introducing the VoltBuds 2. built to look great and move,en,10315,672,305,244,1.0,0.0,-25.67
"Introducing the EchoFit Band. built to look great and move even smarter. limited stock at this price, prices rise at midnight, last chance a!",en,46050,9928,4513,3610,1.0,0.0,-4.95
Still on the old model? Regarding the VoltBuds 2: underwhelming for the price. l!,en,32101,1407,640,512,0.0,0.0,-8.37
The new Luma Glass 4 is here. designed to keep pace with your busiest mornings.!,en,15703,1263,574,459,0.0,0.0,-36.02
Why settle for less? Everything you need in one device: crafted for the ones who!,en,36505,971,442,353,0.0,0.0,12.1
Discover the Skyline S13. powerful enough to feel effortless. last chance at launch pricing ACT FAST Start today #Sale engineered for people who refuse to settle,en,7667,1551,705,564,1.0,0.0,10.21
"Seen enough? Meet the Cascade Air Pump. smooth, responsive, and ready the moment you are. last chance at launch pricing, a 48-hour window built for real-world mornings",en,18647,1043,474,379,0.0,0.0,-41.62
"Regarding the Galaxy S24 Ultra: underwhelming for the price. prices rise at midnight, today only, a 48-hour window Grab yours one device, endless possibilities one device, endless possibilities",en,21358,2290,1041,833,0.0,0.0,3.77
What if your gear finally kept pace? Say hello to the VoltBuds 2. crafted for the ones who show up early. limited stock at this price starti,en,16389,1136,516,413,0.0,0.0,-23.63
"Regarding the EchoFit Band: a promise that arrives late. while supplies last, limited stock at this price",en,34669,2504,1138,910,0.0,0.0,14.15
Regarding the EchoFit Band: underwhelming for the price. under $150 Order in the next 24 hours 🔥 #Tech #Sale,en,9971,654,297,238,0.0,0.0,6.9
Tired of waiting for a bigger move? Discover the Cascade Air Pump. engineered for people who refuse to settle. a 48-hour window #Limited #De,en,10277,711,323,259,0.0,0.0,-16.14
Still on the old model? Say hello to the VoltBuds 2. engineered for people who r,en,5671,150,68,55,0.0,0.0,-19.29
"Regarding the Cascade Air Pump: a promise that arrives late. prices rise at midnight, while supplies last, exclusive for our early crew star",en,10890,1203,547,438,0.0,0.0,-7.4
Regarding the EchoFit Band: underwhelming for the price. LIMITED #Sale built for real-world mornings,en,8398,536,243,195,0.0,0.0,10.8
What if your gear finally kept pace? Introducing the Luma Glass 4. designed to keep pace with your busiest mornings!,en,15114,1063,483,387,0.0,0.0,36.21
"Your daily routine, upgraded: crafted for the ones who show up early. NOW under $150 #DealAlert seamless and intelligent by design one device, endless possibilities",en,7634,992,451,361,1.0,0.0,-13.3
Regarding the Aurora Pro X: feels unfinished in daily use. ⚡ #Limited #Limited built for real-world mornings engineered for people who refuse to settle seamless and intelligent by design,en,4289,755,343,275,1.0,0.0,-23.46
"Everything you need in one device: designed to keep pace with your busiest mornings. while supplies last, limited stock at this price at $29",en,23178,1464,665,532,0.0,0.0,0.99
"What if your gear finally kept pace? Discover the Takt Mesh Chair. smooth, responsive, and ready the moment you are. don't miss the cut unde",en,26445,881,400,320,0.0,0.0,4.38
Introducing the VoltBuds 2. engineered for people who refuse to settle. today on,en,11936,1090,495,396,0.0,0.0,3.56
"Still on the old model? Everything you need in one device: smooth, responsive, a",en,4527,155,70,56,0.0,0.0,-12.58
"Seen enough? Your daily routine, upgraded: designed to keep pace with your busie",en,5254,84,38,30,0.0,0.0,-26.87
"Your daily routine, upgraded: built to look great and move even smarter. Shop to!",en,24199,1784,811,649,1.0,0.0,31.21
Still on the old model? Say hello to the Skyline S13. built to look great and mo!,en,15775,1233,560,448,1.0,0.0,22.99
"Why settle for less? Discover the Cascade Air Pump. seamless, intelligent, and effortless by design. under $150 Buy now ⚡ 🎯",en,24799,8184,3720,2976,1.0,0.0,-0.42
Seen enough? Regarding the TrailBlazer GT: feels unfinished in daily use. ⚡ engineered for people who refuse to settle,en,16514,842,383,306,0.0,0.0,-14.03
"Why settle for less? Meet the EchoFit Band. engineered for people who refuse to settle. a 48-hour window, today only for $199 seamless and intelligent by design",en,10750,688,313,250,1.0,0.0,41.1
Discover the Aurora Pro X. engineered for people who refuse to settle. Secure yours before it is gone #NewRelease built for real-world mornings seamless and intelligent by design,en,21729,1051,478,382,1.0,0.0,1.92
"Regarding the Luma Glass 4: far from what we expected. today only, today only, the drop ends tonight 🚀",en,5485,1400,636,509,0.0,0.0,-2.3
Tired of waiting for a bigger move? Regarding the Luma Glass 4: a promise that arrives late. LIMITED Shop today #NewRelease,en,18927,2767,1258,1006,0.0,0.0,-22.46
"Your daily routine, upgraded: built to look great and move even smarter. under $150",en,13944,772,351,281,1.0,0.0,-8.83
Discover the VoltBuds 2. engineered for people who refuse to settle. last chance at launch pricing @GadgetDaily Start today ⚡ #NextGen #Sale,en,22791,7313,3324,2659,0.0,0.0,-29.37
"Why settle for less? Everything you need in one device: smooth, responsive, and ready the moment you are.",en,3340,70,32,25,0.0,0.0,6.06
"Your daily routine, upgraded: smooth, responsive, and ready the moment you are.",en,11589,519,236,189,0.0,0.0,4.69
"The new TrailBlazer GT is here. built to look great and move even smarter. don't miss the cut, today only, the drop ends tonight for $199 Se!",en,44144,6448,2931,2345,1.0,0.0,-25.77
Why settle for less? Regarding the Galaxy S24 Ultra: underwhelming for the price. BEST,en,41300,2370,1077,862,1.0,0.0,20.77
Regarding the TrailBlazer GT: underwhelming for the price. last chance at launch pricing under $150 Grab yours,en,81253,8572,3896,3117,0.0,0.0,21.4
"What if your gear finally kept pace? Meet the VoltBuds 2. designed to keep pace with your busiest mornings. the drop ends tonight, limited s",en,98512,2991,1359,1088,0.0,0.0,-20.54
"Say hello to the Skyline S13. smooth, responsive, and ready the moment you are. the drop ends tonight, don't miss the cut, limited stock at",en,14129,980,446,356,0.0,0.0,5.06
Ready for a change? The new Skyline S13 is here. crafted for the ones who show up early. Start today,en,29441,3224,1466,1173,0.0,0.0,-16.64
The new VoltBuds 2 is here. powerful enough to feel effortless. today only LAST CHANCE @GadgetDaily Grab yours,en,16343,5393,2451,1961,1.0,0.0,-16.37
Regarding the VoltBuds 2: underwhelming for the price. last chance at launch pricing Secure yours before it is gone 🚀 🎯 #Tech,en,1712,248,113,90,0.0,0.0,-13.12
Say hello to the Cascade Air Pump. crafted for the ones who show up early. exclusive for our early crew 💥 #SmarterLiving #Limited,en,23282,3354,1524,1219,0.0,0.0,-0.96
Discover the Cascade Air Pump. engineered for people who refuse to settle. prices rise at midnight LAST CHANCE under $150 #MustHave,en,12792,1337,608,486,0.0,0.0,-15.35
Discover the Cascade Air Pump. crafted for the ones who show up early. last chan,en,11309,908,413,330,0.0,0.0,5.05
"Your daily routine, upgraded: smooth, responsive, and ready the moment you are.",en,24701,1039,472,378,0.0,0.0,-17.84
Say hello to the Galaxy S24 Ultra. built to look great and move even smarter. prices rise at midnight ACT FAST #SmarterLiving,en,15508,2316,1053,842,1.0,0.0,4.57
The new Skyline S13 is here. built to look great and move even smarter. @GadgetD,en,10389,1061,482,386,1.0,0.0,31.34
"The new TrailBlazer GT is here. seamless, intelligent, and effortless by design. exclusive for our early crew, the drop ends tonight ACT FAS",en,2458,275,125,100,1.0,0.0,-40.16
"Your daily routine, upgraded: engineered for people who refuse to settle. 🚀 ⚡ one device, endless possibilities",en,9519,819,372,298,0.0,0.0,10.39
Regarding the VoltBuds 2: underwhelming for the price. don't miss the cut Secure!,en,15235,980,446,356,0.0,0.0,6.83
"Say hello to the Nimbus 7 Runner. smooth, responsive, and ready the moment you are. the drop ends tonight, don't miss the cut Secure yours b",en,12041,720,327,262,0.0,0.0,-36.18
The new Skyline S13 is here. crafted for the ones who show up early. NOW Grab yo,en,4903,247,112,90,0.0,0.0,-11.57
Say hello to the TrailBlazer GT. engineered for people who refuse to settle. @GadgetDaily for $199 Order in the next 24 hours #Style #Sale built for real-world mornings,en,29439,840,382,306,0.0,0.0,10.33
"Regarding the VoltBuds 2: a promise that arrives late. prices rise at midnight, prices rise at midnight NOW ⭐ ⚡",en,17622,2324,1056,845,0.0,0.0,-9.03
"Still on the old model? Meet the Skyline S13. smooth, responsive, and ready the",en,16946,327,148,119,0.0,0.0,12.46
Seen enough? Regarding the Takt Mesh Chair: far from what we expected. #NewRelease #Sale,en,41294,960,436,349,0.0,0.0,-7.54
"Everything you need in one device: powerful enough to feel effortless. ACT FAST Grab yours #Style #Tech seamless and intelligent by design one device, endless possibilities",en,18011,2572,1169,935,1.0,0.0,-23.17
Regarding the EchoFit Band: feels unfinished in daily use. #NewRelease engineered for people who refuse to settle,en,17816,1055,479,384,0.0,0.0,-17.69
Regarding the TrailBlazer GT: underwhelming for the price. Shop today #Tech,en,91418,11471,5214,4171,0.0,0.0,-10.85
"What if your gear finally kept pace? Introducing the EchoFit Band. built to look great and move even smarter. while supplies last, don't miss the cut Order in the next 24 hours",en,32242,854,388,310,1.0,0.0,4.21
"Discover the Nimbus 7 Runner. seamless, intelligent, and effortless by design. while supplies last, exclusive for our early crew @GadgetDail",en,34712,4273,1942,1554,1.0,0.0,10.65
"Say hello to the Skyline S13. smooth, responsive, and ready the moment you are. last chance at launch pricing, limited stock at this price @!",en,7024,1035,470,376,0.0,0.0,6.34
"What if your gear finally kept pace? Regarding the EchoFit Band: underwhelming for the price. exclusive for our early crew, limited stock at this price LAST CHANCE",en,15382,1894,861,689,0.0,0.0,-60.22
What if your gear finally kept pace? The new Galaxy S24 Ultra is here. designed,en,32229,1237,562,450,0.0,0.0,-17.92
"The new Skyline S13 is here. built to look great and move even smarter. don't miss the cut, while supplies last NOW Shop today",en,34212,6145,2793,2235,1.0,0.0,10.24
"Your daily routine, upgraded: crafted for the ones who show up early. ACT FAST Start today 🔥",en,11393,1841,837,670,0.0,0.0,4.22
"Why settle for less? Everything you need in one device: smooth, responsive, and ready the moment you are. Secure yours before it is gone",en,24376,381,173,138,0.0,0.0,0.61
The new Aurora Pro X is here. engineered for people who refuse to settle. Start!,en,11545,956,434,348,0.0,0.0,7.32
Introducing the Aurora Pro X. designed to keep pace with your busiest mornings.!,en,42308,3250,1477,1182,0.0,0.0,-1.38
"Your daily routine, upgraded: crafted for the ones who show up early. last chance at launch pricing 🏆",en,13111,872,396,317,0.0,0.0,-24.31
Ready for a change? Regarding the VoltBuds 2: a promise that arrives late. ⚡ 🏆 built for real-world mornings,en,14112,872,396,317,0.0,0.0,5.12
Regarding the Galaxy S24 Ultra: underwhelming for the price. don't miss the cut,en,6451,482,219,175,0.0,0.0,-2.81
"Regarding the Nimbus 7 Runner: feels unfinished in daily use. Buy now 🎯 #LaunchDay #MustHave built for real-world mornings one device, endless possibilities engineered for people who refuse to settle",en,1788,294,134,107,0.0,0.0,22.32
"Regarding the EchoFit Band: feels unfinished in daily use. a 48-hour window, lim!",en,17075,1602,728,583,0.0,0.0,15.57
Everything you need in one device: designed to keep pace with your busiest mornings. 🎯,en,23460,1944,884,707,0.0,0.0,39.42
Discover the Luma Glass 4. designed to keep pace with your busiest mornings. Start today,en,15727,2670,1214,971,0.0,0.0,36.63
"Say hello to the Galaxy S24 Ultra. smooth, responsive, and ready the moment you are. NOW starting at $249 Grab yours #Sale #SmarterLiving engineered for people who refuse to settle",en,20956,1966,894,715,0.0,0.0,-9.09
"Say hello to the EchoFit Band. smooth, responsive, and ready the moment you are.!",en,83839,7540,3427,2742,0.0,0.0,15.47
"Meet the Luma Glass 4. powerful enough to feel effortless. prices rise at midnight, don't miss the cut 🚀 🎯 #LaunchDay engineered for people who refuse to settle",en,60633,7372,3351,2681,1.0,0.0,6.87
Regarding the Skyline S13: feels unfinished in daily use. NOW Secure yours befor,en,14345,1993,906,725,0.0,0.0,15.71
Regarding the TrailBlazer GT: feels unfinished in daily use. LAST CHANCE @GadgetDaily at $299 🎯,en,16847,1477,671,537,0.0,0.0,19.07
"Everything you need in one device: designed to keep pace with your busiest mornings. a 48-hour window one device, endless possibilities engineered for people who refuse to settle",en,29293,2481,1128,902,0.0,0.0,10.21
Introducing the EchoFit Band. built to look great and move even smarter. ACT FAST under $150 Shop today #SmarterLiving #MustHave,en,39657,10333,4697,3757,1.0,0.0,-31.22
"Regarding the TrailBlazer GT: underwhelming for the price. while supplies last, limited stock at this price @GadgetDaily Secure yours before it is gone 🏆 🎯 engineered for people who refuse to settle",en,34902,3508,1594,1276,0.0,0.0,20.23
"Seen enough? Regarding the Nimbus 7 Runner: underwhelming for the price. today only, limited stock at this price #Style",en,32356,2785,1266,1013,0.0,0.0,-1.06
Meet the Takt Mesh Chair. powerful enough to feel effortless. at $299 Grab yours #MustHave,en,81682,16632,7560,6048,1.0,0.0,-1.22
Meet the Luma Glass 4. designed to keep pace with your busiest mornings. for $199 Order in the next 24 hours #Tech #Tech,en,36205,1938,881,705,0.0,0.0,-0.98
"The new Aurora Pro X is here. crafted for the ones who show up early. limited stock at this price, limited stock at this price, exclusive fo",en,9854,1647,748,599,0.0,0.0,-37.92
Regarding the EchoFit Band: underwhelming for the price. LIMITED at $299 Secure yours before it is gone 🚀 #Limited,en,11302,1986,903,722,0.0,0.0,-30.36
Regarding the VoltBuds 2: a promise that arrives late. the drop ends tonight ACT FAST Shop today ⚡,en,13047,1663,756,605,0.0,0.0,16.63
Ready for a change? Say hello to the VoltBuds 2. designed to keep pace with your,en,31613,560,255,204,0.0,0.0,36.92
What if your gear finally kept pace? Say hello to the Nimbus 7 Runner. engineere,en,18000,450,205,164,0.0,0.0,29.54
"Introducing the Nimbus 7 Runner. seamless, intelligent, and effortless by design. today only, a 48-hour window Start today 🔥 🔥 #Sale",en,30999,10230,4650,3720,1.0,0.0,-4.28
"Tired of waiting for a bigger move? Discover the Skyline S13. seamless, intelligent, and effortless by design. for $199 Order in the next 24",en,16698,868,394,316,1.0,0.0,-18.48
Seen enough? Discover the Takt Mesh Chair. built to look great and move even smarter. @GadgetDaily Order in the next 24 hours #SmarterLiving,en,34834,1224,556,445,1.0,0.0,15.47
Everything you need in one device: built to look great and move even smarter. Sh!,en,7296,508,231,185,1.0,0.0,27.59
"Introducing the Takt Mesh Chair. seamless, intelligent, and effortless by design. prices rise at midnight, a 48-hour window, don't miss the",en,12477,642,292,234,1.0,0.0,9.0
"Introducing the Takt Mesh Chair. powerful enough to feel effortless. the drop ends tonight, don't miss the cut #Sale #SmarterLiving",en,19128,1512,687,550,1.0,0.0,-20.88
"Discover the EchoFit Band. crafted for the ones who show up early. #Tech one device, endless possibilities",en,29823,2107,958,766,0.0,0.0,-20.69
What if your gear finally kept pace? Regarding the Takt Mesh Chair: underwhelmin,en,13957,647,294,235,0.0,0.0,15.89
"Say hello to the EchoFit Band. powerful enough to feel effortless. exclusive for our early crew, last chance at launch pricing @GadgetDaily Secure yours before it is gone",en,8374,2096,953,762,1.0,0.0,20.6
Seen enough? Regarding the EchoFit Band: underwhelming for the price. starting at $249 Secure yours before it is gone #Sale #MustHave,en,11701,420,191,153,0.0,0.0,-15.76
Say hello to the Nimbus 7 Runner. crafted for the ones who show up early. ACT FAST,en,19483,1512,687,550,0.0,0.0,-16.44
What if your gear finally kept pace? Everything you need in one device: designed to keep pace with your busiest mornings. LIMITED @GadgetDaily #NewRelease built for real-world mornings,en,7833,283,129,103,0.0,0.0,8.7
Seen enough? Discover the Nimbus 7 Runner. powerful enough to feel effortless. l,en,1922,141,64,51,1.0,0.0,-14.28
Tired of waiting for a bigger move? Regarding the EchoFit Band: far from what we!,en,10431,439,200,160,0.0,0.0,4.83
"Regarding the Cascade Air Pump: far from what we expected. while supplies last, last chance at launch pricing, limited stock at this price S",en,21269,3106,1412,1129,0.0,0.0,30.7
"Introducing the Galaxy S24 Ultra. designed to keep pace with your busiest mornings. prices rise at midnight, limited stock at this price BEST 🚀 seamless and intelligent by design",en,11783,1409,640,512,1.0,0.0,-33.41
"Meet the Takt Mesh Chair. engineered for people who refuse to settle. exclusive for our early crew, last chance at launch pricing, while sup!",en,14466,2310,1050,840,0.0,0.0,10.35
Still on the old model? Regarding the Galaxy S24 Ultra: far from what we expected. limited stock at this price Order in the next 24 hours,en,8232,432,196,157,0.0,0.0,19.88
"Regarding the Luma Glass 4: a promise that arrives late. don't miss the cut, exclusive for our early crew LIMITED Buy now",en,2655,578,263,210,0.0,0.0,-13.88
"Regarding the Nimbus 7 Runner: underwhelming for the price. prices rise at midnight, limited stock at this price",en,12979,587,267,214,0.0,0.0,12.24
"Regarding the TrailBlazer GT: underwhelming for the price. a 48-hour window, while supplies last Start today ⭐",en,6532,860,391,313,0.0,0.0,33.82
"Everything you need in one device: smooth, responsive, and ready the moment you!",en,7784,521,237,189,0.0,0.0,10.61
"The new Skyline S13 is here. seamless, intelligent, and effortless by design. BE",en,6475,294,134,107,1.0,0.0,-9.83
"Still on the old model? Discover the Aurora Pro X. built to look great and move even smarter. prices rise at midnight, don't miss the cut, l!",en,16027,1342,610,488,1.0,0.0,5.2
Regarding the Takt Mesh Chair: underwhelming for the price. Grab yours 🎯 ⭐ #NextGen,en,55855,7006,3185,2548,0.0,0.0,36.19
"Meet the VoltBuds 2. seamless, intelligent, and effortless by design. today only",en,23747,4618,2099,1679,1.0,0.0,6.61
"Your daily routine, upgraded: seamless, intelligent, and effortless by design. S",en,20753,2464,1120,896,1.0,0.0,-30.18
"Everything you need in one device: designed to keep pace with your busiest mornings. a 48-hour window, prices rise at midnight built for real-world mornings seamless and intelligent by design",en,16973,485,221,177,1.0,0.0,-7.75
"Your daily routine, upgraded: smooth, responsive, and ready the moment you are.",en,9351,541,246,197,0.0,0.0,7.94
"Regarding the Nimbus 7 Runner: feels unfinished in daily use. exclusive for our early crew, a 48-hour window NOW",en,15418,1305,593,475,0.0,0.0,9.15
Tired of waiting for a bigger move? Regarding the VoltBuds 2: a promise that arr!,en,18468,959,436,349,0.0,0.0,-43.05
"Why settle for less? Everything you need in one device: smooth, responsive, and!",en,4852,142,65,52,0.0,0.0,16.85
Why settle for less? Discover the Luma Glass 4. built to look great and move even smarter. #Style,en,15198,709,322,258,1.0,0.0,18.86
Seen enough? Introducing the Luma Glass 4. built to look great and move even smarter. a 48-hour window Secure yours before it is gone #Launc,en,39936,1215,552,442,1.0,0.0,-10.0
What if your gear finally kept pace? Regarding the Takt Mesh Chair: feels unfini!,en,12970,380,173,138,0.0,0.0,-20.61
What if your gear finally kept pace? Everything you need in one device: powerful enough to feel effortless. exclusive for our early crew #Sm,en,51648,3714,1688,1350,1.0,0.0,-6.5
"Discover the Aurora Pro X. crafted for the ones who show up early. exclusive for our early crew, a 48-hour window under $150 Start today #Li",en,13389,3390,1541,1233,0.0,0.0,1.62
Regarding the TrailBlazer GT: feels unfinished in daily use. while supplies last,en,6511,361,164,131,0.0,0.0,-6.77
"Everything you need in one device: crafted for the ones who show up early. one device, endless possibilities",en,6704,316,144,115,0.0,0.0,-21.43
"Why settle for less? Meet the EchoFit Band. seamless, intelligent, and effortless by design. exclusive for our early crew LIMITED Shop today",en,17806,5737,2608,2086,1.0,0.0,-10.76
"Why settle for less? Discover the Nimbus 7 Runner. seamless, intelligent, and ef",en,7113,486,221,177,1.0,0.0,16.98
Meet the Galaxy S24 Ultra. designed to keep pace with your busiest mornings. don!,en,6755,258,117,94,0.0,0.0,0.98
Discover the Takt Mesh Chair. designed to keep pace with your busiest mornings.!,en,5469,237,108,86,0.0,0.0,31.02
Meet the Aurora Pro X. built to look great and move even smarter. today only Secure yours before it is gone ⭐ ⚡,en,10028,2884,1311,1049,1.0,0.0,-7.01
"Discover the Skyline S13. crafted for the ones who show up early. the drop ends tonight, limited stock at this price at $299 🚀 #LaunchDay seamless and intelligent by design",en,34246,5000,2273,1818,1.0,0.0,-0.22
"Everything you need in one device: seamless, intelligent, and effortless by design. while supplies last, don't miss the cut at $299 #Style",en,23867,2266,1030,824,1.0,0.0,-3.02
The new Luma Glass 4 is here. built to look great and move even smarter. starting at $249 Buy now #LaunchDay built for real-world mornings built for real-world mornings,en,11022,3338,1517,1214,1.0,0.0,-30.56
Meet the EchoFit Band. designed to keep pace with your busiest mornings. at $299 🔥 ⭐ #Limited seamless and intelligent by design built for real-world mornings engineered for people who refuse to settle,en,29689,6531,2969,2375,1.0,0.0,10.03
What if your gear finally kept pace? Regarding the Aurora Pro X: feels unfinished in daily use. LIMITED starting at $249 #DealAlert built for real-world mornings,en,6619,255,116,93,0.0,0.0,-27.22
Ready for a change? Regarding the Skyline S13: a promise that arrives late. exclusive for our early crew starting at $249 Grab yours #LaunchDay #Style seamless and intelligent by design,en,1592,340,154,124,1.0,0.0,1.26
Regarding the EchoFit Band: feels unfinished in daily use. last chance at launch pricing Order in the next 24 hours #Sale,en,12640,1381,628,502,0.0,0.0,21.54
Regarding the Skyline S13: a promise that arrives late. @GadgetDaily under $150,en,23010,1136,516,413,0.0,0.0,66.97
Tired of waiting for a bigger move? Regarding the Nimbus 7 Runner: underwhelming,en,13300,458,208,166,0.0,0.0,-25.58
Regarding the Aurora Pro X: a promise that arrives late. at $299 Buy now ⭐ #NextGen,en,6092,1315,598,478,0.0,0.0,-6.62
Regarding the EchoFit Band: feels unfinished in daily use. @GadgetDaily Grab yours #Limited #MustHave,en,65119,7855,3570,2856,0.0,0.0,49.42
Regarding the VoltBuds 2: underwhelming for the price. limited stock at this pri!,en,27567,2778,1263,1010,0.0,0.0,-16.64
Introducing the EchoFit Band. built to look great and move even smarter. BEST 🔥 🏆,en,10386,1334,606,485,1.0,0.0,-8.79
"Everything you need in one device: seamless, intelligent, and effortless by design. while supplies last, limited stock at this price at $299",en,5930,609,277,222,1.0,0.0,0.37
"Regarding the Luma Glass 4: far from what we expected. the drop ends tonight, th!",en,3634,204,93,74,0.0,0.0,38.28
Why settle for less? Regarding the Luma Glass 4: feels unfinished in daily use.!,en,3708,120,55,44,0.0,0.0,-10.22
Tired of waiting for a bigger move? Meet the Cascade Air Pump. built to look gre!,en,12818,632,287,230,0.0,0.0,20.41
"The new Cascade Air Pump is here. smooth, responsive, and ready the moment you a",en,19095,719,327,262,0.0,0.0,6.76
Meet the Galaxy S24 Ultra. powerful enough to feel effortless. @GadgetDaily #Lau,en,16863,1392,633,506,1.0,0.0,-1.3
The new VoltBuds 2 is here. built to look great and move even smarter. LAST CHAN!,en,14811,1625,739,591,1.0,0.0,-0.11
Regarding the Takt Mesh Chair: feels unfinished in daily use. the drop ends tonight,en,10957,548,249,199,0.0,0.0,-14.87
Say hello to the Galaxy S24 Ultra. designed to keep pace with your busiest mornings.,en,12086,580,264,211,0.0,0.0,22.36
"Seen enough? The new TrailBlazer GT is here. powerful enough to feel effortless. limited stock at this price, exclusive for our early crew,!",en,20728,4256,1935,1548,1.0,0.0,53.4
"The new EchoFit Band is here. smooth, responsive, and ready the moment you are! built for real-world mornings",en,7002,661,300,240,0.0,0.0,-21.22
Everything you need in one device: crafted for the ones who show up early. don't miss the cut NOW 🎯 #NextGen,en,12436,1120,509,407,0.0,0.0,-7.01
"Regarding the EchoFit Band: a promise that arrives late. today only, today only @GadgetDaily",en,14776,1152,524,419,0.0,0.0,-41.37
Seen enough? Everything you need in one device: powerful enough to feel effortless. under $150 Buy now #Sale #LaunchDay,en,6540,1659,754,603,1.0,0.0,-31.19
"Regarding the Skyline S13: underwhelming for the price. while supplies last, the drop ends tonight, a 48-hour window NOW for $199 #Limited",en,12493,1498,681,545,0.0,0.0,-31.49
Regarding the Skyline S13: underwhelming for the price. while supplies last Grab yours,en,21187,1236,562,449,0.0,0.0,10.52
"Seen enough? Discover the TrailBlazer GT. crafted for the ones who show up early. a 48-hour window, today only, a 48-hour window Shop today!",en,17087,3714,1688,1350,0.0,0.0,33.84
Regarding the Takt Mesh Chair: feels unfinished in daily use. starting at $249 #!,en,5812,167,76,61,0.0,0.0,-15.38
"Tired of waiting for a bigger move? Introducing the Skyline S13. smooth, responsive, and ready the moment you are.",en,37693,1319,600,480,0.0,0.0,-24.98
"Tired of waiting for a bigger move? The new VoltBuds 2 is here. built to look great and move even smarter. last chance at launch pricing, pr!",en,5609,786,357,286,1.0,0.0,-4.83
"Why settle for less? Regarding the Skyline S13: underwhelming for the price. today only, prices rise at midnight, last chance at launch pricing #NextGen built for real-world mornings",en,22995,1755,798,638,0.0,0.0,-13.25
"Your daily routine, upgraded: engineered for people who refuse to settle. while supplies last, the drop ends tonight Grab yours built for real-world mornings seamless and intelligent by design",en,13364,1271,578,462,1.0,0.0,19.37
Regarding the Aurora Pro X: feels unfinished in daily use. the drop ends tonight under $150 #Limited #Limited,en,5169,913,415,332,0.0,0.0,-9.28
Regarding the Luma Glass 4: far from what we expected. exclusive for our early crew @GadgetDaily Order in the next 24 hours,en,2273,127,58,46,0.0,0.0,-2.54
Regarding the VoltBuds 2: far from what we expected.,en,20017,470,214,171,0.0,0.0,-19.47
"Everything you need in one device: seamless, intelligent, and effortless by design. LIMITED #SmarterLiving #MustHave",en,9969,1415,643,514,1.0,0.0,12.3
What if your gear finally kept pace? Say hello to the Galaxy S24 Ultra. designed to keep pace with your busiest mornings. LAST CHANCE starti!,en,16904,1096,498,399,0.0,0.0,-5.47
"Regarding the Luma Glass 4: feels unfinished in daily use. exclusive for our early crew, exclusive for our early crew starting at $249 ⚡ 🔥 #",en,19779,1922,874,699,0.0,0.0,-22.29
Say hello to the Cascade Air Pump. crafted for the ones who show up early. @Gadg,en,15022,410,186,149,0.0,0.0,-6.53
Regarding the Luma Glass 4: feels unfinished in daily use. @GadgetDaily Shop tod!,en,9394,534,243,194,0.0,0.0,-9.77
"Seen enough? Everything you need in one device: seamless, intelligent, and effortless by design. at $299 Grab yours #LaunchDay",en,48299,7008,3185,2548,1.0,0.0,-18.1
"Regarding the Skyline S13: feels unfinished in daily use. last chance at launch pricing, prices rise at midnight starting at $249 Order in t!",en,5151,767,348,279,0.0,0.0,17.22
Why settle for less? Regarding the Galaxy S24 Ultra: feels unfinished in daily use. under $150 🏆 🏆,en,4434,280,127,102,0.0,0.0,-15.47
Introducing the Nimbus 7 Runner. powerful enough to feel effortless. while suppl,en,8993,924,420,336,1.0,0.0,3.31
Meet the Takt Mesh Chair. built to look great and move even smarter. prices rise!,en,11471,900,409,327,1.0,0.0,15.74
Regarding the Skyline S13: feels unfinished in daily use. the drop ends tonight,en,27759,1173,533,426,0.0,0.0,0.71
"Regarding the Luma Glass 4: underwhelming for the price. Shop today one device, endless possibilities",en,21998,1921,873,699,0.0,0.0,18.99
Meet the Luma Glass 4. crafted for the ones who show up early. NOW for $199 Grab,en,10330,787,358,286,0.0,0.0,-37.71
"What if your gear finally kept pace? The new Nimbus 7 Runner is here. seamless, intelligent, and effortless by design. today only, while supplies last, don't miss the cut NOW @GadgetDaily Start today 💥 🎯",en,11147,3679,1672,1338,1.0,0.0,7.0
"Say hello to the Galaxy S24 Ultra. seamless, intelligent, and effortless by design. limited stock at this price, limited stock at this price, prices rise at midnight LAST CHANCE",en,9027,1531,696,557,1.0,0.0,3.4
"Introducing the Skyline S13. crafted for the ones who show up early. prices rise at midnight, limited stock at this price for $199 Grab your",en,22370,2026,921,737,0.0,0.0,30.2
Regarding the Galaxy S24 Ultra: feels unfinished in daily use. a 48-hour window seamless and intelligent by design,en,8678,791,360,288,1.0,0.0,5.75
Why settle for less? Regarding the Cascade Air Pump: a promise that arrives late. at $299 Secure yours before it is gone #DealAlert #NextGen,en,36477,1948,885,708,0.0,0.0,12.52
"What if your gear finally kept pace? Meet the Luma Glass 4. engineered for people who refuse to settle. today only, limited stock at this pr",en,5366,318,145,116,0.0,0.0,0.24
Regarding the Cascade Air Pump: a promise that arrives late. prices rise at midn,en,23870,1194,543,434,0.0,0.0,-37.38
Regarding the EchoFit Band: far from what we expected. last chance at launch pri!,en,7395,899,409,327,0.0,0.0,-20.0
Regarding the Galaxy S24 Ultra: feels unfinished in daily use. today only LIMITED under $150 #SmarterLiving,en,2173,423,192,154,0.0,0.0,-24.07
"Say hello to the Cascade Air Pump. smooth, responsive, and ready the moment you are. Grab yours 🔥 💥 #NextGen #Tech",en,12724,1609,731,585,0.0,0.0,-9.94
"The new Galaxy S24 Ultra is here. seamless, intelligent, and effortless by design. while supplies last, last chance at launch pricing at $299 Buy now 🚀 #NextGen",en,23963,7908,3594,2876,1.0,0.0,39.59
Everything you need in one device: built to look great and move even smarter. Gr,en,20239,1225,557,445,1.0,0.0,-44.58
Ready for a change? Regarding the Nimbus 7 Runner: far from what we expected. th,en,33049,860,391,313,0.0,0.0,-19.02
"Your daily routine, upgraded: engineered for people who refuse to settle. exclus",en,6701,320,145,116,0.0,0.0,31.16
What if your gear finally kept pace? The new Aurora Pro X is here. powerful enou,en,5590,291,132,106,1.0,0.0,25.72
Regarding the TrailBlazer GT: underwhelming for the price. @GadgetDaily Secure yours before it is gone #Sale #SmarterLiving built for real-world mornings engineered for people who refuse to settle,en,17702,635,289,231,0.0,0.0,-3.12
"Discover the Nimbus 7 Runner. crafted for the ones who show up early. last chance at launch pricing, a 48-hour window, prices rise at midnig!",en,31547,1852,842,674,0.0,0.0,21.42
Discover the Cascade Air Pump. engineered for people who refuse to settle. prices rise at midnight,en,21146,1062,483,386,0.0,0.0,3.21
Regarding the Cascade Air Pump: underwhelming for the price. the drop ends tonig,en,50951,1927,876,701,0.0,0.0,21.49
Regarding the Aurora Pro X: feels unfinished in daily use. exclusive for our early crew BEST @GadgetDaily Shop today 🔥 #MustHave,en,10729,3541,1609,1287,1.0,0.0,-23.53
"Why settle for less? Regarding the Nimbus 7 Runner: underwhelming for the price. prices rise at midnight, exclusive for our early crew, pric",en,24616,1234,561,449,0.0,0.0,-20.45
"Your daily routine, upgraded: smooth, responsive, and ready the moment you are.",en,10670,460,209,167,0.0,0.0,-12.82
Discover the EchoFit Band. built to look great and move even smarter. today only!,en,3813,816,371,297,1.0,0.0,39.82
"Why settle for less? Regarding the Galaxy S24 Ultra: underwhelming for the price. a 48-hour window, a 48-hour window ACT FAST Order in the n",en,3438,207,94,75,0.0,0.0,-9.94
"Tired of waiting for a bigger move? Regarding the Cascade Air Pump: feels unfinished in daily use. don't miss the cut LIMITED #Tech one device, endless possibilities",en,3224,218,99,79,0.0,0.0,25.22
Seen enough? Introducing the Nimbus 7 Runner. designed to keep pace with your busiest mornings!,en,4278,179,81,65,0.0,0.0,-33.85
"What if your gear finally kept pace? Discover the Cascade Air Pump. built to look great and move even smarter. limited stock at this price,",en,20619,1177,535,428,1.0,0.0,-9.87
"Tired of waiting for a bigger move? Regarding the Cascade Air Pump: a promise that arrives late. today only, a 48-hour window, a 48-hour window Grab yours #Sale",en,26849,1556,707,566,0.0,0.0,-13.85
Ready for a change? Regarding the VoltBuds 2: far from what we expected. a 48-ho!,en,22561,902,410,328,0.0,0.0,10.26
Say hello to the EchoFit Band. powerful enough to feel effortless. Start today,en,12674,2915,1325,1060,1.0,0.0,-13.32
"Say hello to the Skyline S13. powerful enough to feel effortless. prices rise at midnight, exclusive for our early crew LAST CHANCE @GadgetD!",en,75465,15986,7266,5813,1.0,0.0,26.09
"Regarding the Luma Glass 4: a promise that arrives late. today only, today only,!",en,36093,3527,1603,1283,0.0,0.0,-45.09
"Regarding the Cascade Air Pump: a promise that arrives late. the drop ends tonight, last chance at launch pricing, the drop ends tonight LIMITED built for real-world mornings",en,16805,1181,537,429,0.0,0.0,1.59
Introducing the EchoFit Band. built to look great and move even smarter. don't miss the cut ACT FAST ⚡ #Sale #MustHave,en,14496,2203,1001,801,1.0,0.0,26.31
"What if your gear finally kept pace? Regarding the Skyline S13: a promise that arrives late. a 48-hour window, today only, a 48-hour window Shop today #SmarterLiving",en,18628,1962,892,713,0.0,0.0,2.62
"Introducing the Takt Mesh Chair. powerful enough to feel effortless. the drop ends tonight, a 48-hour window, a 48-hour window BEST 🏆 #Style",en,25118,1735,789,631,1.0,0.0,4.46
"Discover the Takt Mesh Chair. built to look great and move even smarter. prices rise at midnight, a 48-hour window NOW for $199 #LaunchDay #",en,42443,6211,2823,2259,1.0,0.0,35.67
Everything you need in one device: powerful enough to feel effortless. a 48-hour window LAST CHANCE @GadgetDaily 🏆 ⚡,en,3717,619,281,225,1.0,0.0,4.43
Regarding the Takt Mesh Chair: feels unfinished in daily use. today only #Style seamless and intelligent by design,en,51773,5849,2659,2127,1.0,0.0,-11.61
"Discover the Cascade Air Pump. smooth, responsive, and ready the moment you are. the drop ends tonight, while supplies last, the drop ends t!",en,27755,2009,913,730,0.0,0.0,16.62
"Seen enough? Say hello to the TrailBlazer GT. powerful enough to feel effortless. last chance at launch pricing, last chance at launch pricing Buy now built for real-world mornings",en,41743,7246,3294,2635,1.0,0.0,0.93
"Why settle for less? Regarding the Cascade Air Pump: a promise that arrives late. the drop ends tonight, don't miss the cut #MustHave #Limit!",en,3351,109,50,40,0.0,0.0,-22.79
Regarding the TrailBlazer GT: far from what we expected. limited stock at this price Start today built for real-world mornings seamless and intelligent by design,en,8636,2799,1272,1018,1.0,0.0,0.2
"Regarding the TrailBlazer GT: feels unfinished in daily use! built for real-world mornings built for real-world mornings seamless and intelligent by design one device, endless possibilities",en,12805,615,280,224,1.0,0.0,24.67
Meet the Skyline S13. designed to keep pace with your busiest mornings. ACT FAST!,en,44013,3604,1638,1310,0.0,0.0,6.39
"Why settle for less? Meet the Aurora Pro X. seamless, intelligent, and effortless by design. @GadgetDaily Grab yours #NextGen",en,15747,1843,838,670,1.0,0.0,16.19
Introducing the Nimbus 7 Runner. built to look great and move even smarter. exclusive for our early crew LIMITED Secure yours before it is g,en,7948,2194,997,798,1.0,0.0,29.59
Say hello to the EchoFit Band. engineered for people who refuse to settle. ⭐ 🏆 #MustHave engineered for people who refuse to settle engineered for people who refuse to settle,en,15186,1797,817,653,0.0,0.0,6.42
Regarding the Cascade Air Pump: a promise that arrives late. limited stock at this price 💥 #MustHave #LaunchDay,en,4115,584,266,212,0.0,0.0,29.26
Everything you need in one device: engineered for people who refuse to settle. a!,en,2332,139,63,50,0.0,0.0,15.86
"Discover the Takt Mesh Chair. smooth, responsive, and ready the moment you are. prices rise at midnight 🏆 🚀 built for real-world mornings one device, endless possibilities",en,19556,1423,647,517,0.0,0.0,6.31
"The new EchoFit Band is here. smooth, responsive, and ready the moment you are. under $150",en,4525,196,89,71,0.0,0.0,6.75
What if your gear finally kept pace? Regarding the Galaxy S24 Ultra: feels unfinished in daily use. today only Secure yours before it is gon,en,45415,1791,814,651,0.0,0.0,-17.42
Ready for a change? Regarding the Nimbus 7 Runner: feels unfinished in daily use,en,14304,330,150,120,0.0,0.0,29.94
"Say hello to the Skyline S13. designed to keep pace with your busiest mornings. limited stock at this price, while supplies last under $150 Buy now one device, endless possibilities",en,7543,879,400,320,0.0,0.0,-9.16
"Say hello to the Luma Glass 4. powerful enough to feel effortless. don't miss the cut, prices rise at midnight under $150",en,21106,1022,464,371,1.0,0.0,22.58
Seen enough? The new Skyline S13 is here. designed to keep pace with your busiest mornings. don't miss the cut for $199,en,20035,583,265,212,0.0,0.0,-0.22
"Your daily routine, upgraded: designed to keep pace with your busiest mornings.!",en,11316,490,223,178,0.0,0.0,-18.86
Everything you need in one device: built to look great and move even smarter. while supplies last NOW under $150 Grab yours #DealAlert #DealAlert seamless and intelligent by design,en,14776,2690,1223,978,1.0,0.0,9.98
"Discover the Nimbus 7 Runner. crafted for the ones who show up early. while supplies last, prices rise at midnight @GadgetDaily Grab yours ⭐",en,7707,737,335,268,0.0,0.0,0.25
Meet the TrailBlazer GT. built to look great and move even smarter. exclusive for our early crew #Tech #Tech,en,17168,3445,1566,1253,1.0,0.0,-32.76
"Regarding the VoltBuds 2: a promise that arrives late. exclusive for our early crew, last chance at launch pricing, last chance at launch pr",en,19669,2235,1016,813,0.0,0.0,-36.34
Still on the old model? Regarding the Takt Mesh Chair: feels unfinished in daily use. under $150 Order in the next 24 hours 🚀,en,22261,1261,573,459,0.0,0.0,10.32
"Regarding the Galaxy S24 Ultra: far from what we expected. a 48-hour window, the drop ends tonight",en,41689,2784,1265,1012,0.0,0.0,-22.41
"Regarding the Takt Mesh Chair: a promise that arrives late. BEST Order in the next 24 hours #Tech #Style one device, endless possibilities engineered for people who refuse to settle",en,7887,840,382,306,1.0,0.0,14.01
The new Cascade Air Pump is here. crafted for the ones who show up early. last c,en,19570,948,431,345,0.0,0.0,17.43
Say hello to the Aurora Pro X. crafted for the ones who show up early. LIMITED O!,en,33803,2371,1078,862,0.0,0.0,20.58
Regarding the Luma Glass 4: far from what we expected. limited stock at this price #DealAlert #NextGen seamless and intelligent by design engineered for people who refuse to settle,en,18768,1900,864,691,1.0,0.0,10.82
Meet the Skyline S13. crafted for the ones who show up early. prices rise at mid!,en,35768,2948,1340,1072,0.0,0.0,-30.14
Regarding the Aurora Pro X: underwhelming for the price. ⭐ 💥 #Tech #Style,en,22615,1388,631,505,0.0,0.0,31.35
"Your daily routine, upgraded: designed to keep pace with your busiest mornings. under $150 Order in the next 24 hours 🎯 🏆",en,9474,821,373,299,0.0,0.0,2.94
"Ready for a change? Introducing the Aurora Pro X. seamless, intelligent, and effortless by design. last chance at launch pricing, limited stock at this price, prices rise at midnight for $199 ⭐",en,1290,93,42,34,1.0,0.0,4.53
Why settle for less? Regarding the Takt Mesh Chair: feels unfinished in daily us,en,8107,347,158,126,0.0,0.0,21.76
"Your daily routine, upgraded: powerful enough to feel effortless. exclusive for our early crew starting at $249 Secure yours before it is go!",en,34684,3946,1794,1435,1.0,0.0,-17.08
"Meet the Nimbus 7 Runner. seamless, intelligent, and effortless by design. don't",en,31534,1855,843,675,1.0,0.0,7.35
"Still on the old model? Discover the Skyline S13. seamless, intelligent, and effortless by design. don't miss the cut, prices rise at midnig",en,27907,932,424,339,1.0,0.0,-18.39
Introducing the TrailBlazer GT. engineered for people who refuse to settle. while supplies last LIMITED @GadgetDaily for $199 #NewRelease,en,19157,1369,622,498,0.0,0.0,13.02
"Still on the old model? Introducing the TrailBlazer GT. seamless, intelligent, and effortless by design. Grab yours built for real-world mornings seamless and intelligent by design",en,33410,2398,1090,872,1.0,0.0,-22.79
What if your gear finally kept pace? Everything you need in one device: designed to keep pace with your busiest mornings. last chance at lau!,en,8912,335,152,122,0.0,0.0,20.37
"Regarding the EchoFit Band: underwhelming for the price. while supplies last, last chance at launch pricing LAST CHANCE Shop today #NextGen",en,40700,9547,4339,3472,0.0,0.0,-10.63
"Your daily routine, upgraded: crafted for the ones who show up early. Order in the next 24 hours",en,5496,280,127,102,0.0,0.0,-6.33
"Your daily routine, upgraded: engineered for people who refuse to settle. last c",en,19264,943,429,343,0.0,0.0,5.6
"Everything you need in one device: engineered for people who refuse to settle. last chance at launch pricing, prices rise at midnight, prices rise at midnight starting at $249",en,44458,1795,816,653,0.0,0.0,-20.93
"Discover the Nimbus 7 Runner. designed to keep pace with your busiest mornings. the drop ends tonight, prices rise at midnight, don't miss t!",en,9235,458,208,167,0.0,0.0,6.51
"Introducing the Cascade Air Pump. seamless, intelligent, and effortless by design. LIMITED starting at $249 Secure yours before it is gone #!",en,15072,2560,1163,931,1.0,0.0,20.05
Ready for a change? Regarding the Aurora Pro X: feels unfinished in daily use. a,en,12952,423,192,154,0.0,0.0,3.06
"Discover the TrailBlazer GT. smooth, responsive, and ready the moment you are. l!",en,39173,2885,1311,1049,0.0,0.0,-3.17
"Regarding the EchoFit Band: underwhelming for the price. the drop ends tonight,",en,8481,480,218,174,0.0,0.0,8.24
Why settle for less? Meet the Galaxy S24 Ultra. engineered for people who refuse to settle. ACT FAST at $299 #NextGen built for real-world mornings seamless and intelligent by design,en,10462,735,334,267,1.0,0.0,-34.55
"Meet the Cascade Air Pump. engineered for people who refuse to settle. ACT FAST #SmarterLiving #Limited seamless and intelligent by design one device, endless possibilities",en,20393,4528,2058,1647,1.0,0.0,15.68
Regarding the TrailBlazer GT: a promise that arrives late. NOW Grab yours #Tech,en,5004,594,270,216,0.0,0.0,-10.31
Regarding the Cascade Air Pump: underwhelming for the price. for $199 #LaunchDay,en,12573,654,297,238,0.0,0.0,5.54
"Seen enough? Your daily routine, upgraded: designed to keep pace with your busiest mornings. while supplies last, exclusive for our early cr!",en,28531,2444,1111,889,0.0,0.0,19.13
"Discover the Aurora Pro X. seamless, intelligent, and effortless by design. don't miss the cut, the drop ends tonight, while supplies last BEST built for real-world mornings",en,5090,250,114,91,1.0,0.0,6.97
Everything you need in one device: crafted for the ones who show up early. ACT FAST Start today 🎯 #Limited #LaunchDay,en,8570,1610,732,585,0.0,0.0,2.8
Seen enough? Regarding the Luma Glass 4: a promise that arrives late. a 48-hour,en,3304,110,50,40,0.0,0.0,18.89
"Meet the VoltBuds 2. built to look great and move even smarter. limited stock at this price, today only, prices rise at midnight",en,31374,5490,2495,1996,1.0,0.0,-22.71
"Seen enough? Introducing the Cascade Air Pump. smooth, responsive, and ready the moment you are. the drop ends tonight, a 48-hour window",en,8780,268,122,97,0.0,0.0,6.22
"Still on the old model? Your daily routine, upgraded: built to look great and move even smarter. limited stock at this price, today only, a",en,31035,3641,1655,1324,1.0,0.0,-6.04
Say hello to the Skyline S13. powerful enough to feel effortless. prices rise at midnight Grab yours #LaunchDay,en,12712,2802,1273,1019,1.0,0.0,30.28
"Seen enough? Meet the Nimbus 7 Runner. seamless, intelligent, and effortless by design. limited stock at this price, don't miss the cut Shop today #Style seamless and intelligent by design",en,7662,1710,777,622,1.0,0.0,-61.42
Regarding the EchoFit Band: a promise that arrives late. last chance at launch p!,en,9002,748,340,272,0.0,0.0,-29.24
Why settle for less? The new EchoFit Band is here. powerful enough to feel effortless. last chance at launch pricing under $150 Shop today #LaunchDay engineered for people who refuse to settle,en,16709,2342,1064,852,1.0,0.0,10.05
Discover the EchoFit Band. crafted for the ones who show up early. LIMITED Start,en,1882,176,80,64,0.0,0.0,-0.07
Discover the Luma Glass 4. built to look great and move even smarter. don't miss,en,44420,4349,1977,1582,1.0,0.0,20.32
"Your daily routine, upgraded: smooth, responsive, and ready the moment you are. don't miss the cut, the drop ends tonight #MustHave",en,25476,1769,804,643,0.0,0.0,-3.6
Why settle for less? Regarding the TrailBlazer GT: far from what we expected. last chance at launch pricing NOW for $199 🎯 seamless and intelligent by design seamless and intelligent by design,en,6574,685,311,249,1.0,0.0,-0.95
"Everything you need in one device: designed to keep pace with your busiest mornings. prices rise at midnight, prices rise at midnight, the d!",en,5415,250,114,91,0.0,0.0,20.61
Regarding the Luma Glass 4: a promise that arrives late. today only starting at $249,en,70909,6215,2825,2260,0.0,0.0,31.0
Regarding the Luma Glass 4: underwhelming for the price. last chance at launch p!,en,31527,3424,1557,1245,0.0,0.0,0.73
The new Luma Glass 4 is here. designed to keep pace with your busiest mornings.,en,20970,1469,668,534,0.0,0.0,0.6
Everything you need in one device: engineered for people who refuse to settle. l!,en,15056,1385,630,504,0.0,0.0,34.63
Regarding the VoltBuds 2: underwhelming for the price. limited stock at this pri!,en,9985,655,298,238,0.0,0.0,10.11
Regarding the Nimbus 7 Runner: underwhelming for the price. prices rise at midnight Order in the next 24 hours #SmarterLiving #Sale built for real-world mornings,en,15833,622,283,226,0.0,0.0,-1.61
"Your daily routine, upgraded: crafted for the ones who show up early. exclusive for our early crew starting at $249 🎯 💥 #Sale",en,11665,1401,637,509,0.0,0.0,-12.14
"Meet the Luma Glass 4. smooth, responsive, and ready the moment you are. last chance at launch pricing, limited stock at this price",en,2765,295,134,107,0.0,0.0,-24.1
Regarding the Galaxy S24 Ultra: far from what we expected. don't miss the cut @GadgetDaily Shop today 🎯 #Limited engineered for people who refuse to settle built for real-world mornings,en,8014,1594,725,580,0.0,0.0,22.24
"Still on the old model? Discover the Aurora Pro X. crafted for the ones who show up early. exclusive for our early crew, while supplies last!",en,6359,395,179,143,0.0,0.0,-6.8
"The new Takt Mesh Chair is here. smooth, responsive, and ready the moment you are. Start today",en,16521,1753,797,637,0.0,0.0,4.81
"Still on the old model? Regarding the VoltBuds 2: a promise that arrives late. @GadgetDaily #NextGen one device, endless possibilities built for real-world mornings",en,17563,488,222,177,0.0,0.0,-4.19
"Ready for a change? Regarding the Takt Mesh Chair: far from what we expected. today only, don't miss the cut, a 48-hour window Order in the!",en,12577,1400,636,509,0.0,0.0,-12.4
Everything you need in one device: engineered for people who refuse to settle. e!,en,30255,1530,695,556,0.0,0.0,12.33
Say hello to the TrailBlazer GT. powerful enough to feel effortless. today only,en,8421,1457,662,530,1.0,0.0,32.25
Why settle for less? Regarding the Takt Mesh Chair: far from what we expected. l,en,76368,3483,1583,1267,0.0,0.0,5.03
Discover the Luma Glass 4. built to look great and move even smarter. built for real-world mornings seamless and intelligent by design built for real-world mornings,en,18861,1845,839,671,1.0,0.0,24.99
What if your gear finally kept pace? Everything you need in one device: designed to keep pace with your busiest mornings. 🚀,en,11824,288,131,105,0.0,0.0,23.92
"Seen enough? Everything you need in one device: smooth, responsive, and ready the moment you are. a 48-hour window, don't miss the cut 🎯 🏆 #",en,6374,342,155,124,0.0,0.0,9.31
"Discover the Cascade Air Pump. smooth, responsive, and ready the moment you are. don't miss the cut Grab yours",en,10279,1870,850,680,0.0,0.0,27.55
"Your daily routine, upgraded: designed to keep pace with your busiest mornings. limited stock at this price, today only ACT FAST @GadgetDail",en,11927,1868,849,679,0.0,0.0,61.02
"Discover the Luma Glass 4. seamless, intelligent, and effortless by design. the drop ends tonight, a 48-hour window Start today 🏆 engineered for people who refuse to settle",en,13396,1770,805,644,1.0,0.0,-36.92
Discover the Nimbus 7 Runner. built to look great and move even smarter. while s,en,9768,1183,538,430,1.0,0.0,6.02
"Say hello to the Aurora Pro X. smooth, responsive, and ready the moment you are. prices rise at midnight, last chance at launch pricing Shop!",en,5172,616,280,224,0.0,0.0,8.61
Regarding the Nimbus 7 Runner: underwhelming for the price. for $199 Buy now ⚡ ⭐,en,20731,3653,1660,1328,0.0,0.0,5.12
Why settle for less? Regarding the Takt Mesh Chair: underwhelming for the price.,en,3622,191,87,70,0.0,0.0,8.37
Meet the Galaxy S24 Ultra. powerful enough to feel effortless. @GadgetDaily unde,en,10652,507,231,184,1.0,0.0,12.79
"What if your gear finally kept pace? Introducing the Nimbus 7 Runner. seamless,!",en,16998,942,428,343,1.0,0.0,-28.75
Still on the old model? Discover the Takt Mesh Chair. powerful enough to feel effortless. the drop ends tonight ACT FAST at $299,en,6808,499,227,181,1.0,0.0,-10.39
Regarding the Cascade Air Pump: underwhelming for the price. #Style seamless and intelligent by design,en,7132,684,311,249,1.0,0.0,31.09
Introducing the Skyline S13. engineered for people who refuse to settle. exclusi,en,14956,505,229,183,0.0,0.0,-1.21
Meet the Skyline S13. built to look great and move even smarter. limited stock a,en,37391,3645,1657,1325,1.0,0.0,31.16
Everything you need in one device: built to look great and move even smarter. ex,en,13725,1997,908,726,1.0,0.0,15.45
The new Skyline S13 is here. crafted for the ones who show up early. prices rise at midnight Shop today 🎯,en,26860,3805,1729,1383,0.0,0.0,16.31
Regarding the Skyline S13: far from what we expected. #NextGen,en,6145,482,219,175,0.0,0.0,-7.64
"Say hello to the TrailBlazer GT. engineered for people who refuse to settle. limited stock at this price, today only Buy now 🎯 ⚡",en,23892,7884,3584,2867,0.0,0.0,-55.11
"What if your gear finally kept pace? Regarding the EchoFit Band: feels unfinished in daily use. exclusive for our early crew LAST CHANCE 🏆 one device, endless possibilities",en,30955,3506,1593,1275,0.0,0.0,18.62
What if your gear finally kept pace? Regarding the Aurora Pro X: a promise that arrives late. while supplies last ⭐ 🎯,en,9628,639,291,232,0.0,0.0,-28.55
"Your daily routine, upgraded: powerful enough to feel effortless. don't miss the cut BEST under $150",en,25466,1321,600,480,1.0,0.0,-21.3
Everything you need in one device: designed to keep pace with your busiest mornings. ACT FAST @GadgetDaily,en,27849,1779,809,647,0.0,0.0,-17.8
"Discover the Takt Mesh Chair. designed to keep pace with your busiest mornings. limited stock at this price, last chance at launch pricing, don't miss the cut @GadgetDaily Shop today 🏆 💥 #MustHave",en,19868,6556,2980,2384,0.0,0.0,11.78
"Your daily routine, upgraded: smooth, responsive, and ready the moment you are. limited stock at this price at $299 Grab yours 🏆",en,14789,972,442,353,0.0,0.0,32.69
"What if your gear finally kept pace? Regarding the Skyline S13: underwhelming for the price. exclusive for our early crew LIMITED @GadgetDaily Shop today one device, endless possibilities",en,16070,2901,1318,1055,0.0,0.0,-7.15
Regarding the Luma Glass 4: feels unfinished in daily use. exclusive for our ear!,en,27402,1687,767,614,0.0,0.0,10.88
Regarding the EchoFit Band: a promise that arrives late. ACT FAST Order in the next 24 hours #DealAlert,en,12823,1777,808,646,0.0,0.0,14.0
Everything you need in one device: engineered for people who refuse to settle. last chance at launch pricing NOW #Style,en,8014,1100,500,400,0.0,0.0,10.38
"Still on the old model? Everything you need in one device: crafted for the ones who show up early. the drop ends tonight, don't miss the cut!",en,11060,284,129,103,0.0,0.0,-8.38
Regarding the TrailBlazer GT: a promise that arrives late. 💥 seamless and intelligent by design,en,13165,1281,582,466,1.0,0.0,-13.21
Regarding the Aurora Pro X: a promise that arrives late. under $150 Order in the next 24 hours,en,6242,203,92,74,0.0,0.0,6.67
"Discover the Takt Mesh Chair. engineered for people who refuse to settle. a 48-hour window, a 48-hour window at $299 Secure yours before it",en,91334,4535,2062,1649,0.0,0.0,-22.54
Discover the Takt Mesh Chair. powerful enough to feel effortless. BEST Secure yo,en,33323,2830,1286,1029,1.0,0.0,27.78
"Regarding the VoltBuds 2: far from what we expected. today only, prices rise at!",en,15293,1156,526,420,0.0,0.0,-9.14
Why settle for less? Regarding the Takt Mesh Chair: feels unfinished in daily use. LAST CHANCE @GadgetDaily ⚡ 🚀,en,18392,1148,522,417,0.0,0.0,9.87
"The new Galaxy S24 Ultra is here. engineered for people who refuse to settle. limited stock at this price, the drop ends tonight, last chance at launch pricing @GadgetDaily Shop today #NewRelease #Limited",en,7980,1603,729,583,0.0,0.0,21.96
"Regarding the Galaxy S24 Ultra: far from what we expected. while supplies last, last chance at launch pricing LIMITED @GadgetDaily",en,9869,718,326,261,0.0,0.0,7.36
Regarding the Galaxy S24 Ultra: feels unfinished in daily use. last chance at launch pricing @GadgetDaily under $150 #Tech #Limited,en,13777,977,444,355,0.0,0.0,0.35
"Meet the Aurora Pro X. smooth, responsive, and ready the moment you are. last ch",en,31327,1328,604,483,0.0,0.0,12.2
The new Galaxy S24 Ultra is here. powerful enough to feel effortless. starting a!,en,6728,502,228,183,1.0,0.0,-9.77
"Regarding the Takt Mesh Chair: far from what we expected. while supplies last, a",en,31581,2316,1053,842,0.0,0.0,27.04
"Discover the Takt Mesh Chair. smooth, responsive, and ready the moment you are.",en,5721,264,120,96,0.0,0.0,-3.07
Regarding the Cascade Air Pump: feels unfinished in daily use. NOW @GadgetDaily under $150 Order in the next 24 hours #SmarterLiving #NewRel!,en,3517,318,145,116,0.0,0.0,2.92
"Regarding the VoltBuds 2: far from what we expected. prices rise at midnight, exclusive for our early crew @GadgetDaily Secure yours before",en,21076,978,444,355,0.0,0.0,10.38
Tired of waiting for a bigger move? The new EchoFit Band is here. designed to keep pace with your busiest mornings. last chance at launch pr,en,27460,911,414,331,0.0,0.0,-16.67
Introducing the Luma Glass 4. built to look great and move even smarter. Shop today 🔥 #LaunchDay #Tech,en,13742,4535,2061,1649,1.0,0.0,24.68
"Why settle for less? Introducing the Cascade Air Pump. powerful enough to feel effortless. today only, don't miss the cut 🏆 #NextGen",en,15168,1470,668,534,1.0,0.0,16.64
Regarding the Takt Mesh Chair: feels unfinished in daily use. #NewRelease seamless and intelligent by design built for real-world mornings engineered for people who refuse to settle,en,7807,454,206,165,1.0,0.0,-1.75
"Ready for a change? Say hello to the TrailBlazer GT. engineered for people who refuse to settle. limited stock at this price, today only LIM",en,14716,1234,561,449,0.0,0.0,44.11
"Regarding the Galaxy S24 Ultra: feels unfinished in daily use. while supplies last, prices rise at midnight, today only under $150 #Style one device, endless possibilities",en,25456,1811,823,659,0.0,0.0,-10.3
Ready for a change? Regarding the Cascade Air Pump: far from what we expected. l!,en,5290,136,62,50,0.0,0.0,-0.64
Regarding the VoltBuds 2: underwhelming for the price. Buy now ⚡ #NewRelease,en,36536,5406,2457,1966,0.0,0.0,-17.74
Regarding the EchoFit Band: far from what we expected. don't miss the cut at $299 #DealAlert #MustHave,en,15122,1223,556,445,0.0,0.0,-7.19
"Why settle for less? Everything you need in one device: engineered for people who refuse to settle. exclusive for our early crew, don't miss!",en,23998,937,426,341,0.0,0.0,-4.16
Regarding the Aurora Pro X: underwhelming for the price. #Sale #DealAlert,en,15315,952,433,346,0.0,0.0,-16.72
Why settle for less? Regarding the Takt Mesh Chair: underwhelming for the price. prices rise at midnight Secure yours before it is gone #Mus,en,9365,490,223,178,0.0,0.0,-4.24
Regarding the VoltBuds 2: underwhelming for the price. while supplies last BEST,en,18390,1219,554,443,1.0,0.0,8.76
"Everything you need in one device: smooth, responsive, and ready the moment you are. a 48-hour window, last chance at launch pricing, last c!",en,124145,8160,3709,2967,0.0,0.0,-6.62
Regarding the TrailBlazer GT: a promise that arrives late. exclusive for our ear!,en,3477,378,172,137,0.0,0.0,-15.97
"Everything you need in one device: seamless, intelligent, and effortless by desi",en,33207,1951,887,710,1.0,0.0,-8.38
"Tired of waiting for a bigger move? Regarding the Aurora Pro X: underwhelming for the price. the drop ends tonight, exclusive for our early!",en,38406,2900,1318,1055,0.0,0.0,-18.95
"Everything you need in one device: smooth, responsive, and ready the moment you are. today only BEST #Sale",en,47632,7443,3383,2707,1.0,0.0,19.97
"Meet the Skyline S13. seamless, intelligent, and effortless by design. NOW Shop!",en,33344,7214,3279,2623,1.0,0.0,1.44
"Everything you need in one device: designed to keep pace with your busiest mornings. BEST Buy now 🏆 #Tech seamless and intelligent by design one device, endless possibilities",en,9620,2069,941,752,1.0,0.0,-20.03
Everything you need in one device: powerful enough to feel effortless. last chan,en,14289,2089,949,760,1.0,0.0,-0.04
Discover the Cascade Air Pump. powerful enough to feel effortless. today only starting at $249 Secure yours before it is gone 🚀 #Tech,en,21989,4388,1995,1596,1.0,0.0,-2.59
Discover the Takt Mesh Chair. built to look great and move even smarter. #Sale #LaunchDay,en,13512,1607,730,584,1.0,0.0,-23.29
Why settle for less? Regarding the Galaxy S24 Ultra: a promise that arrives late!,en,7008,320,146,116,0.0,0.0,3.86
"Your daily routine, upgraded: designed to keep pace with your busiest mornings. a 48-hour window @GadgetDaily starting at $249 #MustHave seamless and intelligent by design",en,6529,348,158,127,1.0,0.0,0.11
Regarding the Skyline S13: feels unfinished in daily use. don't miss the cut starting at $249,en,8138,447,203,163,0.0,0.0,-4.93
Regarding the VoltBuds 2: underwhelming for the price. last chance at launch pricing starting at $249 Grab yours 🔥 🏆 #Style engineered for people who refuse to settle,en,26738,8824,4011,3209,0.0,0.0,10.97
Regarding the Luma Glass 4: feels unfinished in daily use. NOW starting at $249,en,8105,528,240,192,0.0,0.0,-20.37
Meet the Takt Mesh Chair. engineered for people who refuse to settle. last chanc,en,13794,567,258,206,0.0,0.0,-10.37
"What if your gear finally kept pace? Meet the Skyline S13. powerful enough to feel effortless. last chance at launch pricing, the drop ends",en,16995,1332,605,484,1.0,0.0,17.12
"Regarding the EchoFit Band: underwhelming for the price. while supplies last, last chance at launch pricing",en,27649,2335,1061,849,0.0,0.0,-13.6
"Why settle for less? Regarding the Takt Mesh Chair: a promise that arrives late. last chance at launch pricing, the drop ends tonight, price!",en,13043,967,440,352,0.0,0.0,-7.01
Ready for a change? The new TrailBlazer GT is here. built to look great and move!,en,15656,890,405,324,1.0,0.0,-6.58
Ready for a change? Say hello to the Aurora Pro X. built to look great and move even smarter. while supplies last Grab yours 🎯 💥 built for real-world mornings engineered for people who refuse to settle,en,23840,2621,1191,953,1.0,0.0,14.08
Still on the old model? Say hello to the Nimbus 7 Runner. engineered for people,en,88418,2084,947,758,0.0,0.0,12.79
"Your daily routine, upgraded: powerful enough to feel effortless. NOW #Style #Style",en,8789,924,420,336,1.0,0.0,-25.09
Meet the Aurora Pro X. designed to keep pace with your busiest mornings. Start today #Style #Tech,en,11798,2205,1002,802,0.0,0.0,6.23
Regarding the Luma Glass 4: feels unfinished in daily use. @GadgetDaily at $299!,en,16929,573,261,208,0.0,0.0,20.54
Regarding the Takt Mesh Chair: far from what we expected. while supplies last Secure yours before it is gone #Style #Limited,en,11334,1418,645,516,0.0,0.0,-8.58
"Still on the old model? Regarding the VoltBuds 2: underwhelming for the price. exclusive for our early crew, exclusive for our early crew st",en,43576,2612,1187,950,0.0,0.0,-7.8
"Regarding the Luma Glass 4: a promise that arrives late. last chance at launch pricing BEST at $299 built for real-world mornings one device, endless possibilities",en,13115,1437,653,523,1.0,0.0,11.04
Meet the Luma Glass 4. powerful enough to feel effortless. exclusive for our ear!,en,15956,2476,1125,900,1.0,0.0,-1.38
Say hello to the Aurora Pro X. crafted for the ones who show up early. last chance at launch pricing #Style #Tech seamless and intelligent by design engineered for people who refuse to settle,en,23517,2231,1014,811,1.0,0.0,-18.44
Say hello to the TrailBlazer GT. designed to keep pace with your busiest mornings. starting at $249 seamless and intelligent by design seamless and intelligent by design,en,5438,215,98,78,1.0,0.0,-23.86
"Tired of waiting for a bigger move? The new Galaxy S24 Ultra is here. smooth, responsive, and ready the moment you are. exclusive for our early crew, don't miss the cut @GadgetDaily Buy now",en,4717,365,166,133,0.0,0.0,-21.08
Everything you need in one device: designed to keep pace with your busiest mornings. ACT FAST Buy now 🏆 #LaunchDay #Sale,en,7650,2366,1076,860,0.0,0.0,-35.08
"Tired of waiting for a bigger move? Meet the VoltBuds 2. smooth, responsive, and!",en,7766,460,209,167,0.0,0.0,-19.2
Say hello to the Aurora Pro X. powerful enough to feel effortless. today only BEST Grab yours #Sale #Limited built for real-world mornings seamless and intelligent by design,en,14375,4264,1938,1551,1.0,0.0,23.71
Discover the VoltBuds 2. crafted for the ones who show up early. last chance at!,en,6479,602,274,219,0.0,0.0,6.72
"Why settle for less? Discover the Aurora Pro X. engineered for people who refuse to settle. don't miss the cut, limited stock at this price!",en,15915,849,386,309,0.0,0.0,-4.29
"Meet the TrailBlazer GT. smooth, responsive, and ready the moment you are. NOW 💥 ⭐ #MustHave seamless and intelligent by design built for real-world mornings seamless and intelligent by design",en,24580,3476,1580,1264,1.0,0.0,18.09
Regarding the Nimbus 7 Runner: feels unfinished in daily use. starting at $249 G!,en,21818,2474,1124,899,0.0,0.0,-2.14
"Meet the Aurora Pro X. crafted for the ones who show up early. the drop ends tonight, last chance at launch pricing Start today built for real-world mornings engineered for people who refuse to settle",en,18513,2867,1303,1043,0.0,0.0,36.99
Introducing the TrailBlazer GT. crafted for the ones who show up early. a 48-hour window under $150 #NextGen,en,19654,1740,791,633,0.0,0.0,-9.23
"Discover the Luma Glass 4. smooth, responsive, and ready the moment you are. a 48-hour window @GadgetDaily",en,21571,815,371,296,0.0,0.0,16.22
"The new Nimbus 7 Runner is here. engineered for people who refuse to settle. last chance at launch pricing, the drop ends tonight LAST CHANC",en,14108,1022,465,372,0.0,0.0,21.39
The new Takt Mesh Chair is here. crafted for the ones who show up early. don't m,en,31272,1597,726,581,0.0,0.0,24.07
"Introducing the Skyline S13. designed to keep pace with your busiest mornings. a 48-hour window, while supplies last, today only NOW for $19",en,89684,8903,4047,3237,0.0,0.0,-1.37
Regarding the Nimbus 7 Runner: far from what we expected. today only @GadgetDaily Secure yours before it is gone 🔥 built for real-world mornings seamless and intelligent by design,en,20309,2987,1358,1086,1.0,0.0,13.67
"Everything you need in one device: seamless, intelligent, and effortless by design. today only",en,13993,1417,644,515,1.0,0.0,38.29
"Regarding the VoltBuds 2: feels unfinished in daily use. the drop ends tonight, limited stock at this price, last chance at launch pricing L!",en,9193,1236,562,449,0.0,0.0,-1.53
"Ready for a change? The new Takt Mesh Chair is here. seamless, intelligent, and",en,14534,769,350,280,1.0,0.0,2.85
Regarding the Takt Mesh Chair: a promise that arrives late. today only #Sale built for real-world mornings,en,25667,2062,937,750,0.0,0.0,27.53
Everything you need in one device: designed to keep pace with your busiest mornings. starting at $249 Start today,en,4562,423,192,154,0.0,0.0,8.78
"Your daily routine, upgraded: smooth, responsive, and ready the moment you are. a 48-hour window, last chance at launch pricing NOW Start to",en,7222,893,406,325,0.0,0.0,-19.79
"Why settle for less? Meet the Aurora Pro X. smooth, responsive, and ready the moment you are. don't miss the cut, last chance at launch pricing ACT FAST Order in the next 24 hours",en,18650,1183,538,430,0.0,0.0,-9.51
Discover the Luma Glass 4. crafted for the ones who show up early. the drop ends,en,32382,1471,669,535,0.0,0.0,-18.37
Meet the EchoFit Band. built to look great and move even smarter. ACT FAST @GadgetDaily seamless and intelligent by design built for real-world mornings seamless and intelligent by design,en,7068,993,451,361,1.0,0.0,20.39
Tired of waiting for a bigger move? Regarding the VoltBuds 2: a promise that arr!,en,131754,6972,3169,2535,0.0,0.0,13.51
"Introducing the Nimbus 7 Runner. crafted for the ones who show up early. a 48-hour window, the drop ends tonight Shop today ⭐ #LaunchDay seamless and intelligent by design",en,22869,4374,1988,1591,1.0,0.0,12.35
Regarding the VoltBuds 2: feels unfinished in daily use. #Tech,en,37761,2035,925,740,0.0,0.0,-38.64
"The new Skyline S13 is here. seamless, intelligent, and effortless by design. do",en,30364,1648,749,599,1.0,0.0,22.06
"Your daily routine, upgraded: designed to keep pace with your busiest mornings. limited stock at this price, a 48-hour window BEST Grab your",en,16914,2032,924,739,1.0,0.0,9.5
What if your gear finally kept pace? Regarding the Galaxy S24 Ultra: a promise that arrives late. prices rise at midnight BEST at $299 🔥 engineered for people who refuse to settle,en,75291,2618,1190,952,1.0,0.0,10.28
"Introducing the VoltBuds 2. seamless, intelligent, and effortless by design. BEST 🚀 ⚡",en,11381,1366,621,497,1.0,0.0,7.09
"Regarding the Nimbus 7 Runner: underwhelming for the price. #MustHave one device, endless possibilities",en,6394,255,116,93,0.0,0.0,5.48
Seen enough? Regarding the Cascade Air Pump: far from what we expected. @GadgetDaily,en,12556,280,127,102,0.0,0.0,6.45
Regarding the VoltBuds 2: underwhelming for the price. ACT FAST #LaunchDay,en,9348,695,316,253,0.0,0.0,3.12
"Regarding the Aurora Pro X: underwhelming for the price. BEST under $150 ⚡ one device, endless possibilities seamless and intelligent by design one device, endless possibilities",en,8380,801,364,291,1.0,0.0,4.88
"Regarding the Aurora Pro X: underwhelming for the price. while supplies last, do!",en,6364,346,157,126,0.0,0.0,17.82
"Seen enough? Regarding the EchoFit Band: far from what we expected. for $199 one device, endless possibilities",en,10230,219,100,80,0.0,0.0,20.5
Say hello to the Aurora Pro X. built to look great and move even smarter. at $299 ⭐,en,5116,683,311,249,1.0,0.0,4.1
"The new VoltBuds 2 is here. smooth, responsive, and ready the moment you are. today only, prices rise at midnight",en,30180,3471,1578,1262,0.0,0.0,27.65
Still on the old model? Say hello to the Skyline S13. powerful enough to feel ef!,en,10657,785,357,286,1.0,0.0,-15.85
"The new Takt Mesh Chair is here. smooth, responsive, and ready the moment you are. prices rise at midnight starting at $249 Start today #DealAlert #LaunchDay engineered for people who refuse to settle",en,10140,1235,561,449,0.0,0.0,-10.06
Why settle for less? Regarding the Takt Mesh Chair: a promise that arrives late.,en,11727,478,217,174,0.0,0.0,26.73
"Introducing the Nimbus 7 Runner. engineered for people who refuse to settle. exclusive for our early crew, exclusive for our early crew unde",en,2986,341,155,124,0.0,0.0,22.14
"Meet the Nimbus 7 Runner. powerful enough to feel effortless. while supplies last, last chance at launch pricing, a 48-hour window 🔥 💥 engineered for people who refuse to settle",en,88601,13273,6033,4827,1.0,0.0,3.51
"Your daily routine, upgraded: smooth, responsive, and ready the moment you are. last chance at launch pricing, prices rise at midnight, the!",en,7466,901,410,328,0.0,0.0,-7.21
"Why settle for less? Regarding the Skyline S13: far from what we expected. limited stock at this price, the drop ends tonight, today only Gr!",en,20940,1496,680,544,0.0,0.0,-31.36
Seen enough? Say hello to the EchoFit Band. crafted for the ones who show up ear!,en,11633,380,173,138,0.0,0.0,22.65
Why settle for less? Say hello to the Takt Mesh Chair. powerful enough to feel effortless. don't miss the cut for $199 #MustHave,en,31214,3273,1488,1190,1.0,0.0,-12.55
Tired of waiting for a bigger move? The new EchoFit Band is here. powerful enoug,en,2479,110,50,40,1.0,0.0,-55.23
"Everything you need in one device: powerful enough to feel effortless. a 48-hour window, a 48-hour window, don't miss the cut Buy now ⭐ #New!",en,13788,2994,1361,1089,1.0,0.0,10.33
The new Galaxy S24 Ultra is here. crafted for the ones who show up early. while,en,8944,697,317,254,0.0,0.0,6.58
"Seen enough? Say hello to the Galaxy S24 Ultra. seamless, intelligent, and effor",en,7703,493,224,179,1.0,0.0,18.19
"Discover the EchoFit Band. seamless, intelligent, and effortless by design. prices rise at midnight ACT FAST starting at $249 Order in the n",en,8416,749,341,272,1.0,0.0,-11.28
"Your daily routine, upgraded: engineered for people who refuse to settle. limite!",en,8859,397,181,145,0.0,0.0,-13.49
"The new Nimbus 7 Runner is here. seamless, intelligent, and effortless by design. prices rise at midnight ACT FAST ⭐ #DealAlert",en,8118,928,422,338,1.0,0.0,-7.85
"Why settle for less? Everything you need in one device: smooth, responsive, and ready the moment you are. prices rise at midnight, today onl!",en,8332,368,167,134,0.0,0.0,-6.94
Regarding the Aurora Pro X: underwhelming for the price. limited stock at this price under $150 Grab yours 🏆,en,16162,2145,975,780,0.0,0.0,-12.11
"What if your gear finally kept pace? Regarding the VoltBuds 2: a promise that arrives late. exclusive for our early crew, while supplies las!",en,18264,1106,503,402,0.0,0.0,-4.58
Regarding the Aurora Pro X: a promise that arrives late. at $299 ⚡ 🔥,en,23027,1925,875,700,0.0,0.0,6.99
"What if your gear finally kept pace? Regarding the Galaxy S24 Ultra: far from what we expected. last chance at launch pricing, today only LI!",en,14819,988,449,359,0.0,0.0,-9.32
Discover the VoltBuds 2. built to look great and move even smarter. the drop end!,en,5724,625,284,227,1.0,0.0,7.37
Regarding the Galaxy S24 Ultra: far from what we expected. ACT FAST ⭐ seamless and intelligent by design engineered for people who refuse to settle engineered for people who refuse to settle,en,22706,4916,2235,1788,1.0,0.0,4.54
"Regarding the Cascade Air Pump: underwhelming for the price. while supplies last, last chance at launch pricing, don't miss the cut at $299",en,31655,2195,998,798,0.0,0.0,-1.34
Say hello to the VoltBuds 2. crafted for the ones who show up early. Secure yours before it is gone #NewRelease,en,9750,515,234,187,0.0,0.0,-38.32
Regarding the VoltBuds 2: far from what we expected. Order in the next 24 hours built for real-world mornings,en,13831,532,242,193,0.0,0.0,-9.41
Introducing the EchoFit Band. powerful enough to feel effortless. limited stock at this price under $150 🔥 #Sale #Limited,en,31879,10520,4782,3825,1.0,0.0,16.72
Regarding the Aurora Pro X: far from what we expected. starting at $249 #Tech seamless and intelligent by design,en,11337,943,428,343,1.0,0.0,-13.79
Why settle for less? Regarding the Luma Glass 4: far from what we expected. whil,en,32795,1715,780,624,0.0,0.0,-35.09
Meet the Skyline S13. designed to keep pace with your busiest mornings. last cha,en,14730,1101,501,401,0.0,0.0,31.54
"Why settle for less? Regarding the Nimbus 7 Runner: far from what we expected. today only, prices rise at midnight @GadgetDaily Secure yours before it is gone ⭐ #SmarterLiving",en,9085,738,336,268,0.0,0.0,21.17
What if your gear finally kept pace? Regarding the Galaxy S24 Ultra: feels unfinished in daily use. Start today ⭐ #SmarterLiving,en,12233,1793,815,652,0.0,0.0,23.32
"Why settle for less? Meet the EchoFit Band. designed to keep pace with your busiest mornings. while supplies last, a 48-hour window, today o",en,3823,223,101,81,0.0,0.0,-24.0
Regarding the Luma Glass 4: underwhelming for the price. for $199,en,21420,1353,615,492,0.0,0.0,6.7
Regarding the Galaxy S24 Ultra: far from what we expected. Secure yours before i!,en,11658,499,227,181,0.0,0.0,13.61
"Regarding the TrailBlazer GT: underwhelming for the price. exclusive for our early crew, exclusive for our early crew, prices rise at midnig!",en,15390,2295,1043,834,0.0,0.0,36.84
"Regarding the EchoFit Band: fiyatına göre içi boş. sadece bugüne özel, ilk gelenlere özel HEMEN %40 indirimle #Stil vazgeçmeyi reddedenler için tasarlandı gerçek sabahlar için üretildi",tr,11740,1502,683,546,0.0,0.0,30.76
"Neden daha azıyla yetinesin? Regarding the Aurora Pro X: beklediğimizden çok uzak. ilk gelenlere özel, kaçırma %40 indirimle Hemen al",tr,9203,1264,575,460,0.0,0.0,-15.01
Regarding the EchoFit Band: vadesi geç bir vaat. 48 saatlik fırsat sadece 4.999!,tr,30557,4483,2038,1630,0.1,0.0,20.93
"Hâlâ eski modelde misin? Regarding the Skyline S13: vadesi geç bir vaat. ilk gelenlere özel, sadece bugün, gece yarısı fiyat artıyor vazgeçmeyi reddedenler için tasarlandı",tr,13111,254,115,92,-1.0,0.0,6.31
"Her gününü kolaylaştıran tek cihaz: kusursuz, akıllı ve zahmetsiz bir deneyim. S!",tr,56609,4398,1999,1599,1.0,0.0,-3.12
"Regarding the VoltBuds 2: vadesi geç bir vaat. 48 saatlik fırsat, gece yarısı fiyat artıyor, 48 saatlik fırsat SON ŞANS @TeknoGünlük Şimdi k!",tr,50403,12931,5878,4702,0.43333333333333335,0.0,-11.31
Merhaba de: TrailBlazer GT. en yoğun sabahlarına yetişecek şekilde üretildi. sad!,tr,42567,4116,1871,1497,0.1,0.0,3.89
Regarding the TrailBlazer GT: günlük kullanımda bitmemiş hissi veriyor. bu fiyat,tr,9602,364,165,132,0.0,0.0,-19.42
Regarding the Galaxy S24 Ultra: fiyatına göre içi boş. ilk gelenlere özel Hemen başla,tr,16396,1240,563,451,0.0,0.0,3.34
"Regarding the Nimbus 7 Runner: vadesi geç bir vaat. kampanya bu gece bitiyor, sadece bugün SINIRLI 🏆 #İndirim",tr,11455,1849,840,672,-1.0,0.0,-4.95
Yeni Luma Glass 4 burada. harika görünmek ve daha akıllıca hareket etmek için ta,tr,32519,2755,1252,1002,1.0,0.0,12.23
Değişime hazır mısın? Regarding the Aurora Pro X: vadesi geç bir vaat. gece yarısı fiyat artıyor SINIRLI Bugün sipariş ver 🔥 💥 #Sınırlı vazgeçmeyi reddedenler için tasarlandı,tr,16434,3335,1516,1213,-1.0,0.0,26.31
"Yeterince gördün mü? Skyline S13 ürününü keşfet. harika görünmek ve daha akıllıca hareket etmek için tasarlandı. 48 saatlik fırsat, sadece bugüne özel SON ŞANS tek cihaz, sınırsız olasılık",tr,51944,5901,2682,2146,1.0,0.0,-13.93
Merhaba de: Cascade Air Pump. vazgeçmeyi reddeden insanlar için tasarlandı. #Teknoloji,tr,26677,1190,541,433,0.0,0.0,2.49
Ekipmanın sana yetişiyor mu? Regarding the TrailBlazer GT: fiyatına göre içi boş,tr,10341,439,200,160,0.0,0.0,-2.56
Neden daha azıyla yetinesin? VoltBuds 2 ürününü keşfet. en yoğun sabahlarına yet,tr,15913,741,337,270,0.0,0.0,-21.9
Daha büyük bir hamle için beklemekten bıktın mı? Aurora Pro X ürününü keşfet. ku!,tr,11512,616,280,224,0.1,0.0,-2.13
"Regarding the TrailBlazer GT: fiyatına göre içi boş. stoklar tükeniyor, sadece b",tr,9753,603,274,219,0.0,0.0,5.03
Yeni Takt Mesh Chair burada. en yoğun sabahlarına yetişecek şekilde üretildi. 48,tr,23957,851,387,309,0.0,0.0,2.6
"Hâlâ eski modelde misin? Merhaba de: Aurora Pro X. vazgeçmeyi reddeden insanlar için tasarlandı. bu fiyata sınırlı stok, 48 saatlik fırsat,!",tr,19754,2793,1269,1016,1.0,0.0,-14.73
Değişime hazır mısın? Merhaba de: Nimbus 7 Runner. vazgeçmeyi reddeden insanlar,tr,38067,834,379,303,0.0,0.0,-3.66
Ekipmanın sana yetişiyor mu? EchoFit Band sunar. harika görünmek ve daha akıllıca hareket etmek için tasarlandı. Bugün sipariş ver,tr,85013,9366,4257,3406,1.0,0.0,-2.2
Regarding the Cascade Air Pump: fiyatına göre içi boş. KAÇIRMA 1.499 TL altı vazgeçmeyi reddedenler için tasarlandı,tr,14155,1089,495,396,0.0,0.0,16.6
Yeni Nimbus 7 Runner burada. vazgeçmeyi reddeden insanlar için tasarlandı. 🎯 🚀 #Fırsat #İndirim,tr,3674,1038,472,378,1.0,0.0,16.58
Neden daha azıyla yetinesin? Galaxy S24 Ultra sunar. her şeyi düşünülmüş bir tasarımla geldi. sadece bugün HEMEN 🔥,tr,76301,6558,2981,2385,0.0,0.0,4.66
Cascade Air Pump ürününü keşfet. vazgeçmeyi reddeden insanlar için tasarlandı. Hemen incele ⚡ #Sınırlı vazgeçmeyi reddedenler için tasarlandı vazgeçmeyi reddedenler için tasarlandı,tr,33347,8594,3906,3125,0.0,0.0,-6.67
EchoFit Band ürününü keşfet. harika görünmek ve daha akıllıca hareket etmek için,tr,4135,935,425,340,1.0,0.0,-10.79
"Merhaba de: Nimbus 7 Runner. kusursuz, akıllı ve zahmetsiz bir deneyim. 3.999 TL ile başlıyor 💥 🎯",tr,115271,16892,7678,6143,1.0,0.0,-3.47
Cascade Air Pump ürününü keşfet. en yoğun sabahlarına yetişecek şekilde üretildi!,tr,5957,482,219,175,0.1,0.0,9.41
Neden daha azıyla yetinesin? Aurora Pro X sunar. harika görünmek ve daha akıllıca hareket etmek için tasarlandı. #YeniÇıkan #Sınırlı,tr,23152,1676,762,609,1.0,0.0,-12.93
"Merhaba de: Luma Glass 4. vazgeçmeyi reddeden insanlar için tasarlandı. kaçırma, sadece bugüne özel, 48 saatlik fırsat 🏆 🔥",tr,50826,16773,7624,6099,1.0,0.0,6.13
Yeni EchoFit Band burada. her şeyi düşünülmüş bir tasarımla geldi. SINIRLI #Teknoloji,tr,7800,659,300,240,0.0,0.0,-42.83
Regarding the TrailBlazer GT: günlük kullanımda bitmemiş hissi veriyor. ŞİMDİ #YeniÇıkan #Sınırlı,tr,5955,779,354,283,0.0,0.0,27.17
Yeni Skyline S13 burada. harika görünmek ve daha akıllıca hareket etmek için tasarlandı. #LansmanGünü,tr,25045,1553,706,565,1.0,0.0,-19.23
VoltBuds 2 ile tanış. en yoğun sabahlarına yetişecek şekilde üretildi. KAÇIRMA akıllı ve kusursuz bir tasarım,tr,5615,701,319,255,1.0,0.0,17.54
"Her gününü kolaylaştıran tek cihaz: kusursuz, akıllı ve zahmetsiz bir deneyim. 4",tr,38967,4029,1831,1465,1.0,0.0,20.9
Yeni Aurora Pro X burada. vazgeçmeyi reddeden insanlar için tasarlandı. #Stil #Y,tr,19089,1549,704,563,0.0,0.0,3.61
Nimbus 7 Runner ile tanış. her şeyi düşünülmüş bir tasarımla geldi. 1.499 TL altı Hemen incele 🚀 #YeniNesil,tr,33412,5068,2304,1843,0.0,0.0,32.75
"Yeterince gördün mü? Merhaba de: Aurora Pro X. kusursuz, akıllı ve zahmetsiz bir!",tr,9984,772,351,281,1.0,0.0,6.9
TrailBlazer GT sunar. en yoğun sabahlarına yetişecek şekilde üretildi. SON ŞANS #İndirim #YeniNesil,tr,27657,3124,1420,1136,0.0,0.0,8.57
Her gününü kolaylaştıran tek cihaz: harika görünmek ve daha akıllıca hareket etmek için tasarlandı. 3.999 TL ile başlıyor Hemen başla #YeniN!,tr,10377,1136,516,413,1.0,0.0,-9.48
Regarding the TrailBlazer GT: fiyatına göre içi boş. ŞİMDİ %40 indirimle Bugün sipariş ver,tr,14020,1455,661,529,0.0,0.0,10.71
EchoFit Band sunar. harika görünmek ve daha akıllıca hareket etmek için tasarlandı. kampanya bu gece bitiyor sadece 4.999 TL,tr,14456,944,429,343,1.0,0.0,23.34
Regarding the Takt Mesh Chair: beklediğimizden çok uzak. stoklar tükeniyor %40 indirimle Hemen başla,tr,12396,2354,1070,856,0.0,0.0,-19.56
Neden daha azıyla yetinesin? Aurora Pro X sunar. her şeyi düşünülmüş bir tasarım,tr,9749,285,129,103,0.0,0.0,5.45
Regarding the Aurora Pro X: beklediğimizden çok uzak. HEMEN #İndirim #İndirim gerçek sabahlar için üretildi,tr,21176,4408,2004,1603,0.0,0.0,-17.78
Daha büyük bir hamle için beklemekten bıktın mı? VoltBuds 2 ürününü keşfet. en yoğun sabahlarına yetişecek şekilde üretildi. @TeknoGünlük 1.,tr,10736,222,101,81,0.0,0.0,-27.72
"Regarding the Takt Mesh Chair: vadesi geç bir vaat. %40 indirimle vazgeçmeyi reddedenler için tasarlandı tek cihaz, sınırsız olasılık akıllı ve kusursuz bir tasarım",tr,21743,1178,535,428,0.3333333333333333,0.0,9.5
Yeni Galaxy S24 Ultra burada. en yoğun sabahlarına yetişecek şekilde üretildi. SON ŞANS Hemen al,tr,12598,4157,1890,1512,0.0,0.0,7.19
"Regarding the VoltBuds 2: vadesi geç bir vaat. kaçırma 1.499 TL altı Hemen başla ⚡ tek cihaz, sınırsız olasılık akıllı ve kusursuz bir tasarım akıllı ve kusursuz bir tasarım",tr,4465,741,337,270,0.6,0.0,-25.52
"Yeterince gördün mü? Nimbus 7 Runner ürününü keşfet. kusursuz, akıllı ve zahmets",tr,9580,583,265,212,1.0,0.0,-19.07
Regarding the Galaxy S24 Ultra: vadesi geç bir vaat. sadece bugüne özel Bugün sipariş ver akıllı ve kusursuz bir tasarım akıllı ve kusursuz bir tasarım vazgeçmeyi reddedenler için tasarlandı,tr,3740,381,173,138,0.6,0.0,-8.73
Ekipmanın sana yetişiyor mu? Her gününü kolaylaştıran tek cihaz: en yoğun sabahlarına yetişecek şekilde üretildi. @TeknoGünlük Hemen başla 🎯,tr,8787,504,229,183,0.0,0.0,9.0
Regarding the EchoFit Band: vadesi geç bir vaat. ilk gelenlere özel 3.999 TL ile başlıyor Fırsatı kaçırmayın,tr,16318,1377,626,501,-1.0,0.0,1.89
Yeni Cascade Air Pump burada. en yoğun sabahlarına yetişecek şekilde üretildi. bu fiyata sınırlı stok sadece 4.999 TL 💥 akıllı ve kusursuz bir tasarım vazgeçmeyi reddedenler için tasarlandı,tr,25283,2439,1109,887,1.0,0.0,10.97
Yeterince gördün mü? Regarding the Cascade Air Pump: vadesi geç bir vaat. @TeknoGünlük sadece 4.999 TL Hemen başla #AkıllıYaşam,tr,20275,385,175,140,-1.0,0.0,-41.71
"Her gününü kolaylaştıran tek cihaz: kusursuz, akıllı ve zahmetsiz bir deneyim. gece yarısı fiyat artıyor, ilk gelenlere özel Hemen başla akıllı ve kusursuz bir tasarım",tr,20493,1832,833,666,1.0,0.0,18.2
"Regarding the VoltBuds 2: beklediğimizden çok uzak. sadece bugüne özel, sadece b!",tr,7426,446,203,162,0.1,0.0,-21.78
"Her gününü kolaylaştıran tek cihaz: kusursuz, akıllı ve zahmetsiz bir deneyim. ilk gelenlere özel #ŞartDeğilAma #Sınırlı akıllı ve kusursuz bir tasarım akıllı ve kusursuz bir tasarım",tr,18915,2800,1273,1018,1.0,0.0,46.8
"Değişime hazır mısın? Aurora Pro X ile tanış. kusursuz, akıllı ve zahmetsiz bir deneyim. ŞİMDİ",tr,9838,899,409,327,1.0,0.0,-29.37
Regarding the Takt Mesh Chair: günlük kullanımda bitmemiş hissi veriyor. bu fiyata sınırlı stok #Teknoloji,tr,20893,1288,586,468,0.0,0.0,-43.13
Regarding the Cascade Air Pump: beklediğimizden çok uzak. 48 saatlik fırsat KAÇIRMA #ŞartDeğilAma,tr,27823,4180,1900,1520,1.0,0.0,9.47
Yeni Takt Mesh Chair burada. vazgeçmeyi reddeden insanlar için tasarlandı. ilk g!,tr,29469,2228,1013,810,0.1,0.0,7.95
"Değişime hazır mısın? Regarding the Luma Glass 4: beklediğimizden çok uzak. kaçırma, bu fiyata sınırlı stok ŞİMDİ Hemen satın al #Fırsat",tr,9744,3216,1462,1169,1.0,0.0,0.95
Regarding the Nimbus 7 Runner: fiyatına göre içi boş. Hemen satın al ⭐ 💥 gerçek sabahlar için üretildi,tr,26083,8607,3912,3130,0.0,0.0,21.41
"VoltBuds 2 ile tanış. vazgeçmeyi reddeden insanlar için tasarlandı. gece yarısı fiyat artıyor, 48 saatlik fırsat, 48 saatlik fırsat @TeknoGünlük 3.999 TL ile başlıyor",tr,7927,1230,559,447,1.0,0.0,11.53
Daha büyük bir hamle için beklemekten bıktın mı? VoltBuds 2 sunar. vazgeçmeyi reddeden insanlar için tasarlandı. sadece bugüne özel SON ŞANS,tr,40897,1670,759,607,0.0,0.0,-34.99
"Ekipmanın sana yetişiyor mu? Regarding the Cascade Air Pump: vadesi geç bir vaat. sadece bugün, gece yarısı fiyat artıyor @TeknoGünlük #Fırs",tr,4425,124,56,45,-1.0,0.0,-41.18
Ekipmanın sana yetişiyor mu? Regarding the VoltBuds 2: beklediğimizden çok uzak.!,tr,16368,468,213,170,0.1,0.0,-6.73
Ekipmanın sana yetişiyor mu? Regarding the Galaxy S24 Ultra: günlük kullanımda bitmemiş hissi veriyor. sadece bugün Hemen başla 🎯,tr,18607,1822,828,663,0.0,0.0,10.24
Regarding the Aurora Pro X: vadesi geç bir vaat. bu fiyata sınırlı stok Hemen satın al,tr,15771,1307,594,475,-1.0,0.0,0.02
"Merhaba de: Cascade Air Pump. her şeyi düşünülmüş bir tasarımla geldi. gece yarısı fiyat artıyor ŞİMDİ Şimdi keşfet tek cihaz, sınırsız olasılık vazgeçmeyi reddedenler için tasarlandı",tr,50791,4219,1918,1534,0.0,0.0,-13.38
Hâlâ eski modelde misin? Luma Glass 4 ile tanış. en yoğun sabahlarına yetişecek,tr,71876,1549,704,563,0.0,0.0,-5.09
"EchoFit Band ürününü keşfet. her şeyi düşünülmüş bir tasarımla geldi. kampanya bu gece bitiyor, gece yarısı fiyat artıyor, kaçırma SON ŞANS!",tr,12088,1843,838,670,0.1,0.0,-17.53
Yeni EchoFit Band burada. harika görünmek ve daha akıllıca hareket etmek için tasarlandı. HEMEN @TeknoGünlük 1.499 TL altı 💥,tr,17624,1856,844,675,1.0,0.0,-39.34
EchoFit Band ile tanış. harika görünmek ve daha akıllıca hareket etmek için tasa!,tr,19381,1749,795,636,1.0,0.0,13.52
Regarding the VoltBuds 2: fiyatına göre içi boş. sadece bugüne özel SINIRLI #İnd!,tr,22944,3425,1557,1245,0.1,0.0,-10.94
"Regarding the Aurora Pro X: fiyatına göre içi boş. 48 saatlik fırsat, sadece bug!",tr,31024,8278,3763,3010,1.0,0.0,-17.97
Her gününü kolaylaştıran tek cihaz: harika görünmek ve daha akıllıca hareket etmek için tasarlandı. kaçırma SON ŞANS @TeknoGünlük 💥 #AkıllıY,tr,24759,8170,3714,2971,1.0,0.0,41.19
Takt Mesh Chair ürününü keşfet. harika görünmek ve daha akıllıca hareket etmek için tasarlandı. @TeknoGünlük,tr,20960,1193,542,434,1.0,0.0,-17.31
Regarding the Galaxy S24 Ultra: günlük kullanımda bitmemiş hissi veriyor. Hemen al #Sınırlı,tr,77582,15634,7106,5685,0.0,0.0,-14.86
Değişime hazır mısın? Galaxy S24 Ultra sunar. vazgeçmeyi reddeden insanlar için tasarlandı. 48 saatlik fırsat HEMEN 3.999 TL ile başlıyor Bu,tr,14179,3040,1382,1105,1.0,0.0,5.67
"Regarding the Cascade Air Pump: beklediğimizden çok uzak. kampanya bu gece bitiyor, sadece bugüne özel #Sınırlı",tr,3879,338,154,123,0.0,0.0,4.55
"Regarding the Skyline S13: vadesi geç bir vaat. 48 saatlik fırsat, bu fiyata sınırlı stok Hemen satın al gerçek sabahlar için üretildi gerçek sabahlar için üretildi",tr,16063,4984,2265,1812,0.0,0.0,1.16
Değişime hazır mısın? Merhaba de: EchoFit Band. en yoğun sabahlarına yetişecek ş!,tr,31756,1258,572,458,0.1,0.0,-0.92
Regarding the VoltBuds 2: vadesi geç bir vaat. 1.499 TL altı #Fırsat akıllı ve kusursuz bir tasarım akıllı ve kusursuz bir tasarım gerçek sabahlar için üretildi,tr,18254,1023,465,372,0.6666666666666666,0.0,-2.24
Yeterince gördün mü? Her gününü kolaylaştıran tek cihaz: her şeyi düşünülmüş bir!,tr,37893,1476,671,537,0.1,0.0,-23.58
TrailBlazer GT ile tanış. vazgeçmeyi reddeden insanlar için tasarlandı. #YeniNes!,tr,24994,1961,891,713,0.1,0.0,16.25
TrailBlazer GT ile tanış. harika görünmek ve daha akıllıca hareket etmek için ta,tr,52122,4409,2004,1603,1.0,0.0,-20.26
Luma Glass 4 sunar. vazgeçmeyi reddeden insanlar için tasarlandı. bu fiyata sınırlı stok 1.499 TL altı Fırsatı kaçırmayın,tr,5650,1059,481,385,0.0,0.0,-8.33
Her gününü kolaylaştıran tek cihaz: harika görünmek ve daha akıllıca hareket etm!,tr,36545,3388,1540,1232,1.0,0.0,23.91
"Luma Glass 4 ürününü keşfet. vazgeçmeyi reddeden insanlar için tasarlandı. kaçırma, stoklar tükeniyor @TeknoGünlük Hemen incele 🏆 #YeniNesil #Sınırlı gerçek sabahlar için üretildi",tr,5146,1698,772,618,0.0,0.0,8.28
"Değişime hazır mısın? Regarding the EchoFit Band: vadesi geç bir vaat. kaçırma,!",tr,6684,297,135,108,-0.9,0.0,-2.04
Regarding the Nimbus 7 Runner: fiyatına göre içi boş. sadece bugün 1.499 TL altı!,tr,11763,1269,577,461,0.1,0.0,-21.98
"Neden daha azıyla yetinesin? Her gününü kolaylaştıran tek cihaz: kusursuz, akıll",tr,12735,809,368,294,1.0,0.0,-6.54
"EchoFit Band sunar. kusursuz, akıllı ve zahmetsiz bir deneyim. stoklar tükeniyor @TeknoGünlük Fırsatı kaçırmayın",tr,5701,1192,542,433,1.0,0.0,-16.79
"Her gününü kolaylaştıran tek cihaz: vazgeçmeyi reddeden insanlar için tasarlandı. kaçırma, gece yarısı fiyat artıyor, stoklar tükeniyor KAÇIRMA akıllı ve kusursuz bir tasarım",tr,14137,2883,1311,1049,1.0,0.0,-32.58
Ekipmanın sana yetişiyor mu? Yeni Aurora Pro X burada. harika görünmek ve daha akıllıca hareket etmek için tasarlandı. kampanya bu gece biti,tr,6487,461,209,168,1.0,0.0,-10.36
"Regarding the Cascade Air Pump: fiyatına göre içi boş. kaçırma, sadece bugüne özel sadece 4.999 TL Bugün sipariş ver 🎯 akıllı ve kusursuz bir tasarım akıllı ve kusursuz bir tasarım",tr,21510,6178,2808,2246,1.0,0.0,-4.21
Regarding the Skyline S13: beklediğimizden çok uzak! akıllı ve kusursuz bir tasarım,tr,16017,841,382,306,1.0,0.0,11.61
Yeni Cascade Air Pump burada. en yoğun sabahlarına yetişecek şekilde üretildi. #İndirim #YeniÇıkan,tr,33447,3780,1718,1375,0.0,0.0,35.08
Regarding the Takt Mesh Chair: beklediğimizden çok uzak. KAÇIRMA 3.999 TL ile ba,tr,10501,639,290,232,0.0,0.0,23.92
Merhaba de: Skyline S13. en yoğun sabahlarına yetişecek şekilde üretildi. Hemen satın al,tr,4147,478,217,174,0.0,0.0,-0.93
"Takt Mesh Chair ürününü keşfet. harika görünmek ve daha akıllıca hareket etmek için tasarlandı. 48 saatlik fırsat, kaçırma, kaçırma ŞİMDİ",tr,38058,12559,5709,4567,1.0,0.0,5.13
Regarding the Nimbus 7 Runner: fiyatına göre içi boş. bu fiyata sınırlı stok Hem,tr,66305,5195,2361,1889,0.0,0.0,15.11
Her gününü kolaylaştıran tek cihaz: vazgeçmeyi reddeden insanlar için tasarlandı. 🏆,tr,44303,2734,1243,994,0.0,0.0,23.33
"Merhaba de: Skyline S13. kusursuz, akıllı ve zahmetsiz bir deneyim. gece yarısı fiyat artıyor #YeniÇıkan gerçek sabahlar için üretildi akıllı ve kusursuz bir tasarım",tr,25831,3102,1410,1128,1.0,0.0,4.83
Değişime hazır mısın? Regarding the TrailBlazer GT: beklediğimizden çok uzak. ka,tr,20993,511,232,186,0.0,0.0,-0.01
"Luma Glass 4 sunar. kusursuz, akıllı ve zahmetsiz bir deneyim. ŞİMDİ gerçek sabahlar için üretildi vazgeçmeyi reddedenler için tasarlandı akıllı ve kusursuz bir tasarım",tr,10336,879,400,320,1.0,0.0,-17.55
TrailBlazer GT sunar. her şeyi düşünülmüş bir tasarımla geldi. stoklar tükeniyor SINIRLI Fırsatı kaçırmayın,tr,29045,9585,4357,3485,0.0,0.0,-27.4
Regarding the Nimbus 7 Runner: beklediğimizden çok uzak. Bugün sipariş ver 🎯 vazgeçmeyi reddedenler için tasarlandı vazgeçmeyi reddedenler için tasarlandı akıllı ve kusursuz bir tasarım,tr,23453,4691,2132,1706,1.0,0.0,-27.31
"Regarding the Luma Glass 4: beklediğimizden çok uzak. sadece bugün, kampanya bu gece bitiyor Bugün sipariş ver tek cihaz, sınırsız olasılık tek cihaz, sınırsız olasılık",tr,17589,1403,638,510,0.0,0.0,25.61
"Yeterince gördün mü? Cascade Air Pump ile tanış. her şeyi düşünülmüş bir tasarımla geldi. bu fiyata sınırlı stok, bu fiyata sınırlı stok, stoklar tükeniyor #ŞartDeğilAma",tr,22067,3383,1538,1230,0.0,0.0,-2.31
Hâlâ eski modelde misin? Merhaba de: Aurora Pro X. vazgeçmeyi reddeden insanlar için tasarlandı. ilk gelenlere özel %40 indirimle 🔥 🚀 #Fırsa,tr,14741,1227,558,446,0.0,0.0,31.09
"Yeni Cascade Air Pump burada. kusursuz, akıllı ve zahmetsiz bir deneyim. gece yarısı fiyat artıyor, sadece bugün ŞİMDİ 1.499 TL altı",tr,17915,3054,1388,1111,1.0,0.0,-11.29
"Regarding the Takt Mesh Chair: beklediğimizden çok uzak. stoklar tükeniyor, gece yarısı fiyat artıyor, bu fiyata sınırlı stok Şimdi keşfet tek cihaz, sınırsız olasılık",tr,8692,1653,751,601,0.0,0.0,1.4
Galaxy S24 Ultra ürününü keşfet. en yoğun sabahlarına yetişecek şekilde üretildi,tr,24512,1478,672,537,0.0,0.0,12.32
"Nimbus 7 Runner ile tanış. harika görünmek ve daha akıllıca hareket etmek için tasarlandı. kaçırma, bu fiyata sınırlı stok @TeknoGünlük Fırs",tr,39379,6526,2966,2373,1.0,0.0,-11.31
Takt Mesh Chair sunar. her şeyi düşünülmüş bir tasarımla geldi. Hemen incele #İndirim,tr,5132,990,450,360,0.0,0.0,7.29
Regarding the Nimbus 7 Runner: günlük kullanımda bitmemiş hissi veriyor. bu fiya,tr,9422,597,271,217,0.0,0.0,-29.92
"Regarding the Aurora Pro X: günlük kullanımda bitmemiş hissi veriyor. kaçırma #Stil #YeniNesil gerçek sabahlar için üretildi tek cihaz, sınırsız olasılık akıllı ve kusursuz bir tasarım",tr,11310,1084,493,394,1.0,0.0,-10.43
Her gününü kolaylaştıran tek cihaz: her şeyi düşünülmüş bir tasarımla geldi. ŞİMDİ ⭐ #Teknoloji #YeniNesil,tr,50677,5950,2705,2164,0.0,0.0,14.53
"Hâlâ eski modelde misin? Her gününü kolaylaştıran tek cihaz: kusursuz, akıllı ve zahmetsiz bir deneyim. kampanya bu gece bitiyor #Stil",tr,32133,1168,531,425,1.0,0.0,13.38
Regarding the Aurora Pro X: günlük kullanımda bitmemiş hissi veriyor. sadece bugüne özel Hemen satın al 🚀 🔥,tr,35105,7860,3573,2858,0.0,0.0,-3.07
"Her gününü kolaylaştıran tek cihaz: en yoğun sabahlarına yetişecek şekilde üretildi. kampanya bu gece bitiyor, kaçırma SINIRLI Hemen satın a!",tr,11008,1843,838,670,0.1,0.0,-8.03
Regarding the Takt Mesh Chair: günlük kullanımda bitmemiş hissi veriyor. gece yarısı fiyat artıyor Hemen incele 🎯 💥,tr,23953,4209,1913,1531,0.0,0.0,5.55
Daha büyük bir hamle için beklemekten bıktın mı? Regarding the Skyline S13: vade!,tr,3165,250,114,91,0.1,0.0,-7.68
Yeni EchoFit Band burada. vazgeçmeyi reddeden insanlar için tasarlandı. %40 indirimle #AkıllıYaşam #İndirim,tr,12228,2567,1167,933,0.0,0.0,-24.06
"Aurora Pro X ile tanış. harika görünmek ve daha akıllıca hareket etmek için tasarlandı. stoklar tükeniyor, sadece bugün, kampanya bu gece bi",tr,22185,3109,1413,1131,1.0,0.0,-38.03
"Neden daha azıyla yetinesin? Regarding the VoltBuds 2: vadesi geç bir vaat. 48 saatlik fırsat, ilk gelenlere özel, 48 saatlik fırsat sadece",tr,14971,1273,579,463,0.3333333333333333,0.0,-3.15
Yeni Cascade Air Pump burada. her şeyi düşünülmüş bir tasarımla geldi. HEMEN Hemen al #YeniNesil,tr,5917,1034,470,376,0.0,0.0,29.06
"Neden daha azıyla yetinesin? Her gününü kolaylaştıran tek cihaz: vazgeçmeyi reddeden insanlar için tasarlandı. #YeniNesil tek cihaz, sınırsız olasılık akıllı ve kusursuz bir tasarım",tr,30998,1871,851,680,1.0,0.0,12.57
"Neden daha azıyla yetinesin? Yeni Nimbus 7 Runner burada. kusursuz, akıllı ve za",tr,4981,182,83,66,1.0,0.0,-23.52
"Regarding the VoltBuds 2: fiyatına göre içi boş. 48 saatlik fırsat, kaçırma, bu fiyata sınırlı stok SINIRLI @TeknoGünlük Hemen incele #Sınır!",tr,37418,12348,5613,4490,1.0,0.0,42.66
EchoFit Band ile tanış. harika görünmek ve daha akıllıca hareket etmek için tasarlandı!,tr,14164,1069,486,389,1.0,0.0,-9.14
Regarding the VoltBuds 2: vadesi geç bir vaat. ilk gelenlere özel Bugün sipariş ver #Stil #YeniNesil akıllı ve kusursuz bir tasarım akıllı ve kusursuz bir tasarım,tr,16715,1116,507,406,0.6,0.0,-16.66
TrailBlazer GT ile tanış. en yoğun sabahlarına yetişecek şekilde üretildi. bu fi,tr,43444,1898,863,690,0.0,0.0,12.3
Merhaba de: TrailBlazer GT. her şeyi düşünülmüş bir tasarımla geldi. stoklar tükeniyor Hemen başla,tr,33132,3062,1392,1113,0.0,0.0,4.75
"Takt Mesh Chair sunar. kusursuz, akıllı ve zahmetsiz bir deneyim. bu fiyata sını!",tr,19953,3210,1459,1167,1.0,0.0,7.91
"Neden daha azıyla yetinesin? Her gününü kolaylaştıran tek cihaz: kusursuz, akıllı ve zahmetsiz bir deneyim. kampanya bu gece bitiyor, gece y",tr,18058,839,382,305,1.0,0.0,-16.33
EchoFit Band ürününü keşfet. her şeyi düşünülmüş bir tasarımla geldi. #AkıllıYaş,tr,3190,136,62,49,0.0,0.0,-12.41
Neden daha azıyla yetinesin? Yeni Skyline S13 burada. her şeyi düşünülmüş bir ta,tr,3836,124,57,45,0.0,0.0,18.41
Regarding the EchoFit Band: fiyatına göre içi boş. HEMEN @TeknoGünlük Fırsatı ka,tr,3894,267,121,97,0.0,0.0,1.52
"Regarding the Cascade Air Pump: beklediğimizden çok uzak. sadece bugün, kampanya bu gece bitiyor, bu fiyata sınırlı stok KAÇIRMA sadece 4.999 TL Hemen al tek cihaz, sınırsız olasılık",tr,16448,5428,2467,1974,0.0,0.0,5.2
Merhaba de: Nimbus 7 Runner. en yoğun sabahlarına yetişecek şekilde üretildi. 48!,tr,56463,3629,1650,1320,0.1,0.0,-8.87
Her gününü kolaylaştıran tek cihaz: her şeyi düşünülmüş bir tasarımla geldi. bu fiyata sınırlı stok ŞİMDİ Hemen al #İndirim #Stil,tr,100336,33111,15050,12040,0.0,0.0,-20.45
Regarding the Nimbus 7 Runner: beklediğimizden çok uzak. gece yarısı fiyat artıy,tr,15783,413,188,150,0.0,0.0,11.91
Aurora Pro X ile tanış. her şeyi düşünülmüş bir tasarımla geldi. HEMEN Bugün sipariş ver #ŞartDeğilAma,tr,20928,3533,1606,1285,0.0,0.0,11.46
Regarding the Cascade Air Pump: fiyatına göre içi boş. SON ŞANS Fırsatı kaçırmayın #YeniNesil,tr,17990,4588,2085,1668,0.0,0.0,3.99
Ekipmanın sana yetişiyor mu? Regarding the Skyline S13: fiyatına göre içi boş. Hemen satın al 🏆 🏆 #Fırsat #Teknoloji,tr,23272,7680,3491,2793,1.0,0.0,-42.34
Daha büyük bir hamle için beklemekten bıktın mı? Cascade Air Pump ürününü keşfet!,tr,6060,238,108,86,0.1,0.0,29.18
Yeni Nimbus 7 Runner burada. her şeyi düşünülmüş bir tasarımla geldi. ilk gelenl!,tr,19483,713,324,259,0.1,0.0,2.3
Merhaba de: EchoFit Band. her şeyi düşünülmüş bir tasarımla geldi. ŞİMDİ @TeknoG!,tr,36585,1510,686,549,0.1,0.0,-10.1
Hâlâ eski modelde misin? Regarding the Skyline S13: fiyatına göre içi boş. 1.499 TL altı Fırsatı kaçırmayın ⚡ 🏆,tr,12451,2502,1137,910,0.0,0.0,-9.66
"Regarding the Aurora Pro X: vadesi geç bir vaat. kaçırma, kaçırma ŞİMDİ tek cihaz, sınırsız olasılık",tr,10043,1471,669,535,-1.0,0.0,-3.88
EchoFit Band ürününü keşfet. her şeyi düşünülmüş bir tasarımla geldi. 48 saatlik fırsat KAÇIRMA 💥 #Stil,tr,28508,6313,2870,2296,1.0,0.0,0.03
Merhaba de: Takt Mesh Chair. vazgeçmeyi reddeden insanlar için tasarlandı. gece yarısı fiyat artıyor SINIRLI Hemen başla ⚡ 🔥,tr,15574,2220,1009,807,0.0,0.0,-26.1
Regarding the EchoFit Band: fiyatına göre içi boş. sadece bugüne özel SINIRLI He!,tr,45067,4695,2134,1707,0.1,0.0,16.2
"Regarding the Luma Glass 4: beklediğimizden çok uzak. kampanya bu gece bitiyor,",tr,3330,288,131,105,0.0,0.0,4.32
Cascade Air Pump ile tanış. en yoğun sabahlarına yetişecek şekilde üretildi. Hemen başla,tr,4283,256,116,93,0.0,0.0,4.34
Regarding the Luma Glass 4: günlük kullanımda bitmemiş hissi veriyor. bu fiyata!,tr,14081,1383,628,503,0.1,0.0,-26.37
Aurora Pro X ile tanış. vazgeçmeyi reddeden insanlar için tasarlandı. HEMEN @Tek!,tr,11371,1091,496,397,0.1,0.0,-24.34
Yeni Nimbus 7 Runner burada. her şeyi düşünülmüş bir tasarımla geldi. gece yarısı fiyat artıyor @TeknoGünlük akıllı ve kusursuz bir tasarım vazgeçmeyi reddedenler için tasarlandı,tr,11065,492,224,179,1.0,0.0,-30.31
Skyline S13 ürününü keşfet. her şeyi düşünülmüş bir tasarımla geldi! gerçek sabahlar için üretildi,tr,13476,672,305,244,0.1,0.0,20.13
Galaxy S24 Ultra ile tanış. vazgeçmeyi reddeden insanlar için tasarlandı. gece y,tr,7056,384,174,139,0.0,0.0,3.53
Aurora Pro X ile tanış. harika görünmek ve daha akıllıca hareket etmek için tasa!,tr,16261,1938,881,705,1.0,0.0,7.08
Hâlâ eski modelde misin? Galaxy S24 Ultra sunar. en yoğun sabahlarına yetişecek,tr,19250,575,261,209,0.0,0.0,24.51
"Nimbus 7 Runner ürününü keşfet. kusursuz, akıllı ve zahmetsiz bir deneyim. 48 sa",tr,89870,5889,2677,2141,1.0,0.0,23.82
"Regarding the Nimbus 7 Runner: beklediğimizden çok uzak. @TeknoGünlük akıllı ve kusursuz bir tasarım tek cihaz, sınırsız olasılık tek cihaz, sınırsız olasılık akıllı ve kusursuz bir tasarım",tr,8559,273,124,99,1.0,0.0,10.21
Regarding the TrailBlazer GT: fiyatına göre içi boş. Hemen başla 🎯 🏆 #AkıllıYaşam #Sınırlı,tr,50049,12626,5739,4591,0.0,0.0,43.86
"Regarding the Nimbus 7 Runner: vadesi geç bir vaat. kaçırma tek cihaz, sınırsız olasılık tek cihaz, sınırsız olasılık vazgeçmeyi reddedenler için tasarlandı gerçek sabahlar için üretildi",tr,11222,344,156,125,-1.0,0.0,8.25
Regarding the Cascade Air Pump: fiyatına göre içi boş. gece yarısı fiyat artıyor,tr,46831,2955,1343,1074,0.0,0.0,27.63
"Merhaba de: Skyline S13. her şeyi düşünülmüş bir tasarımla geldi. sadece bugün, kampanya bu gece bitiyor SON ŞANS Hemen al akıllı ve kusursuz bir tasarım gerçek sabahlar için üretildi",tr,18853,5500,2500,2000,1.0,0.0,0.37
"Hâlâ eski modelde misin? Aurora Pro X ile tanış. en yoğun sabahlarına yetişecek şekilde üretildi. gece yarısı fiyat artıyor, kaçırma Fırsatı",tr,16307,828,376,301,0.0,0.0,8.26
"Yeterince gördün mü? Yeni Cascade Air Pump burada. her şeyi düşünülmüş bir tasarımla geldi. 48 saatlik fırsat 🚀 🎯 tek cihaz, sınırsız olasılık tek cihaz, sınırsız olasılık",tr,10732,1385,630,504,1.0,0.0,-57.27
"TrailBlazer GT ürününü keşfet. harika görünmek ve daha akıllıca hareket etmek için tasarlandı. Hemen al #Sınırlı #AkıllıYaşam akıllı ve kusursuz bir tasarım tek cihaz, sınırsız olasılık",tr,17641,4084,1856,1485,1.0,0.0,-5.92
"Her gününü kolaylaştıran tek cihaz: vazgeçmeyi reddeden insanlar için tasarlandı. gece yarısı fiyat artıyor, 48 saatlik fırsat SINIRLI Hemen",tr,16008,3354,1524,1219,1.0,0.0,10.16
Daha büyük bir hamle için beklemekten bıktın mı? Nimbus 7 Runner ile tanış. her!,tr,9938,487,221,177,0.1,0.0,10.36
Neden daha azıyla yetinesin? Regarding the Aurora Pro X: fiyatına göre içi boş. kampanya bu gece bitiyor #YeniÇıkan #Teknoloji,tr,36912,980,445,356,0.0,0.0,-12.92
"Regarding the VoltBuds 2: fiyatına göre içi boş. gece yarısı fiyat artıyor, sadece bugüne özel %40 indirimle Bugün sipariş ver",tr,8958,685,311,249,0.0,0.0,41.47
"Yeni TrailBlazer GT burada. kusursuz, akıllı ve zahmetsiz bir deneyim. gece yarı",tr,10005,845,384,307,1.0,0.0,-36.16
Aurora Pro X sunar. vazgeçmeyi reddeden insanlar için tasarlandı. sadece bugüne!,tr,65893,4364,1984,1587,0.1,0.0,4.48
"Skyline S13 ile tanış. kusursuz, akıllı ve zahmetsiz bir deneyim. KAÇIRMA 3.999!",tr,17491,3459,1572,1258,1.0,0.0,0.62
"Galaxy S24 Ultra sunar. vazgeçmeyi reddeden insanlar için tasarlandı. 48 saatlik fırsat, sadece bugüne özel SON ŞANS 🔥",tr,27575,8549,3886,3109,1.0,0.0,-0.74
"Her gününü kolaylaştıran tek cihaz: kusursuz, akıllı ve zahmetsiz bir deneyim. s!",tr,13963,1711,778,622,1.0,0.0,27.53
Ekipmanın sana yetişiyor mu? Regarding the Luma Glass 4: beklediğimizden çok uza!,tr,14855,707,321,257,0.1,0.0,23.47
"Regarding the Luma Glass 4: beklediğimizden çok uzak. stoklar tükeniyor, ilk gel",tr,8235,681,310,248,0.0,0.0,20.96
"Merhaba de: Skyline S13. vazgeçmeyi reddeden insanlar için tasarlandı. stoklar tükeniyor, gece yarısı fiyat artıyor #LansmanGünü #ŞartDeğilA",tr,15383,1469,668,534,0.0,0.0,-19.27
Cascade Air Pump ürününü keşfet. en yoğun sabahlarına yetişecek şekilde üretildi,tr,31718,1326,603,482,0.0,0.0,-2.85
Daha büyük bir hamle için beklemekten bıktın mı? Yeni Skyline S13 burada. en yoğun sabahlarına yetişecek şekilde üretildi. ilk gelenlere öze,tr,8677,235,107,85,0.0,0.0,24.6
"EchoFit Band ile tanış. kusursuz, akıllı ve zahmetsiz bir deneyim. sadece bugün",tr,32456,4339,1972,1578,1.0,0.0,10.28
"Regarding the Takt Mesh Chair: beklediğimizden çok uzak. gece yarısı fiyat artıyor, sadece bugün, sadece bugün Hemen incele 🎯 🏆 #ŞartDeğilAm",tr,41871,13817,6281,5025,0.0,0.0,48.3
Hâlâ eski modelde misin? Cascade Air Pump sunar. her şeyi düşünülmüş bir tasarım!,tr,12951,527,239,192,0.1,0.0,-6.11
"Daha büyük bir hamle için beklemekten bıktın mı? Regarding the Nimbus 7 Runner: günlük kullanımda bitmemiş hissi veriyor. kaçırma, gece yarısı fiyat artıyor @TeknoGünlük ⭐ #LansmanGünü #AkıllıYaşam",tr,61686,3833,1742,1394,0.0,0.0,-5.12
Regarding the Skyline S13: beklediğimizden çok uzak. stoklar tükeniyor Şimdi keş!,tr,26001,4506,2048,1639,0.1,0.0,1.06
Hâlâ eski modelde misin? Regarding the Nimbus 7 Runner: fiyatına göre içi boş. ilk gelenlere özel 💥 #Stil #YeniNesil,tr,40317,1935,880,704,0.0,0.0,25.39
"Regarding the Takt Mesh Chair: beklediğimizden çok uzak. kaçırma, kampanya bu gece bitiyor, ilk gelenlere özel 3.999 TL ile başlıyor 💥 🏆 akıllı ve kusursuz bir tasarım",tr,57240,6512,2960,2368,1.0,0.0,-8.39
Neden daha azıyla yetinesin? Regarding the Cascade Air Pump: fiyatına göre içi boş. SINIRLI Hemen başla,tr,30515,4288,1949,1559,0.0,0.0,-16.32
Değişime hazır mısın? Regarding the Nimbus 7 Runner: vadesi geç bir vaat. sadece bugüne özel 1.499 TL altı ⚡ 🔥,tr,7279,321,146,117,-1.0,0.0,29.39
Yeni Nimbus 7 Runner burada. harika görünmek ve daha akıllıca hareket etmek için,tr,26475,1417,644,515,1.0,0.0,2.75
"Daha büyük bir hamle için beklemekten bıktın mı? Aurora Pro X ile tanış. kusursuz, akıllı ve zahmetsiz bir deneyim. sadece bugüne özel ⭐",tr,13059,1185,539,431,1.0,0.0,22.84
Regarding the Skyline S13: beklediğimizden çok uzak. kampanya bu gece bitiyor 1.499 TL altı #Fırsat,tr,20559,3461,1573,1259,1.0,0.0,27.71
Regarding the Cascade Air Pump: vadesi geç bir vaat. SON ŞANS Hemen satın al,tr,7716,1153,524,419,-1.0,0.0,-33.62
"Regarding the Takt Mesh Chair: fiyatına göre içi boş. kampanya bu gece bitiyor, kaçırma, gece yarısı fiyat artıyor @TeknoGünlük vazgeçmeyi reddedenler için tasarlandı",tr,13095,698,317,254,0.0,0.0,29.29
Hâlâ eski modelde misin? Merhaba de: Nimbus 7 Runner. her şeyi düşünülmüş bir ta,tr,11501,542,246,197,0.0,0.0,3.83
Merhaba de: VoltBuds 2. en yoğun sabahlarına yetişecek şekilde üretildi. #AkıllıYaşam,tr,10357,481,218,175,0.0,0.0,24.46
Değişime hazır mısın? Merhaba de: Aurora Pro X. en yoğun sabahlarına yetişecek ş,tr,22406,561,255,204,0.0,0.0,11.37
Her gününü kolaylaştıran tek cihaz: en yoğun sabahlarına yetişecek şekilde üreti!,tr,5359,339,154,123,0.1,0.0,-9.55
Hâlâ eski modelde misin? Regarding the VoltBuds 2: fiyatına göre içi boş. kaçırm,tr,28916,780,355,284,0.0,0.0,9.83
"Aurora Pro X ürününü keşfet. kusursuz, akıllı ve zahmetsiz bir deneyim. 48 saatlik fırsat, kampanya bu gece bitiyor, bu fiyata sınırlı stok",tr,8741,1158,527,421,1.0,0.0,-34.19
"VoltBuds 2 ile tanış. kusursuz, akıllı ve zahmetsiz bir deneyim. gece yarısı fiyat artıyor, sadece bugüne özel #YeniNesil",tr,5087,389,177,141,1.0,0.0,13.94
"Hâlâ eski modelde misin? Regarding the Cascade Air Pump: günlük kullanımda bitmemiş hissi veriyor. 48 saatlik fırsat, bu fiyata sınırlı stok, gece yarısı fiyat artıyor",tr,2065,345,157,125,1.0,0.0,10.16
Yeterince gördün mü? Regarding the TrailBlazer GT: günlük kullanımda bitmemiş hissi veriyor. ilk gelenlere özel Bugün sipariş ver ⚡ 💥 #ŞartD,tr,7945,1170,532,426,0.0,0.0,-38.32
TrailBlazer GT sunar. en yoğun sabahlarına yetişecek şekilde üretildi! gerçek sabahlar için üretildi,tr,17165,819,372,298,0.1,0.0,-28.19
"Regarding the VoltBuds 2: beklediğimizden çok uzak. kampanya bu gece bitiyor, sadece bugüne özel, 48 saatlik fırsat ŞİMDİ",tr,20617,5056,2298,1839,1.0,0.0,-3.46
"Merhaba de: Skyline S13. kusursuz, akıllı ve zahmetsiz bir deneyim. kampanya bu!",tr,12345,1152,523,419,1.0,0.0,31.87
"Regarding the VoltBuds 2: beklediğimizden çok uzak. kaçırma, sadece bugün 1.499 TL altı Fırsatı kaçırmayın #Fırsat #YeniNesil",tr,49867,16456,7480,5984,1.0,0.0,19.17
Takt Mesh Chair ürününü keşfet. vazgeçmeyi reddeden insanlar için tasarlandı! vazgeçmeyi reddedenler için tasarlandı vazgeçmeyi reddedenler için tasarlandı vazgeçmeyi reddedenler için tasarlandı,tr,12922,711,323,258,0.1,0.0,-9.76
Merhaba de: Aurora Pro X. her şeyi düşünülmüş bir tasarımla geldi. sadece bugüne özel,tr,4583,342,155,124,0.0,0.0,6.63
"Her gününü kolaylaştıran tek cihaz: kusursuz, akıllı ve zahmetsiz bir deneyim. sadece bugün, ilk gelenlere özel, bu fiyata sınırlı stok KAÇI",tr,6726,1561,710,568,1.0,0.0,8.49
Yeterince gördün mü? Nimbus 7 Runner ile tanış. en yoğun sabahlarına yetişecek ş,tr,9554,263,120,96,0.0,0.0,2.7
Regarding the Cascade Air Pump: günlük kullanımda bitmemiş hissi veriyor. kampan,tr,7418,226,103,82,0.0,0.0,4.14
Regarding the VoltBuds 2: fiyatına göre içi boş. sadece 4.999 TL Fırsatı kaçırma,tr,11359,1050,477,382,0.0,0.0,12.25
"Regarding the Galaxy S24 Ultra: vadesi geç bir vaat. bu fiyata sınırlı stok, stoklar tükeniyor 3.999 TL ile başlıyor Hemen incele vazgeçmeyi reddedenler için tasarlandı",tr,40504,7304,3320,2656,-1.0,0.0,9.67
Neden daha azıyla yetinesin? Her gününü kolaylaştıran tek cihaz: harika görünmek ve daha akıllıca hareket etmek için tasarlandı. stoklar tükeniyor Hemen al 🚀 🎯 vazgeçmeyi reddedenler için tasarlandı,tr,5446,1080,491,393,1.0,0.0,36.02
Luma Glass 4 ile tanış. harika görünmek ve daha akıllıca hareket etmek için tasarlandı!,tr,7847,562,256,204,1.0,0.0,-31.0
"Her gününü kolaylaştıran tek cihaz: kusursuz, akıllı ve zahmetsiz bir deneyim. k!",tr,23361,1839,836,669,1.0,0.0,-14.14
Yeni Skyline S13 burada. en yoğun sabahlarına yetişecek şekilde üretildi. SON ŞANS #LansmanGünü #ŞartDeğilAma,tr,11943,1618,736,589,0.0,0.0,23.61
Yeterince gördün mü? Regarding the Luma Glass 4: beklediğimizden çok uzak. HEMEN @TeknoGünlük 3.999 TL ile başlıyor,tr,11914,433,197,157,0.0,0.0,-1.47
"TrailBlazer GT ürününü keşfet. harika görünmek ve daha akıllıca hareket etmek için tasarlandı. @TeknoGünlük Bugün sipariş ver #AkıllıYaşam tek cihaz, sınırsız olasılık",tr,21286,2967,1349,1079,1.0,0.0,-24.24
"Daha büyük bir hamle için beklemekten bıktın mı? Skyline S13 ile tanış. kusursuz, akıllı ve zahmetsiz bir deneyim. gece yarısı fiyat artıyor",tr,9046,251,114,91,1.0,0.0,-7.32
Cascade Air Pump ile tanış. harika görünmek ve daha akıllıca hareket etmek için!,tr,5105,874,397,318,1.0,0.0,-3.37
"Yeni Takt Mesh Chair burada. harika görünmek ve daha akıllıca hareket etmek için tasarlandı. bu fiyata sınırlı stok, ilk gelenlere özel %40 indirimle Şimdi keşfet #Stil",tr,65073,14631,6651,5320,1.0,0.0,0.13
"Regarding the Galaxy S24 Ultra: beklediğimizden çok uzak. 🚀 🎯 #Fırsat #Fırsat tek cihaz, sınırsız olasılık",tr,12103,3994,1815,1452,1.0,0.0,26.86
Regarding the VoltBuds 2: günlük kullanımda bitmemiş hissi veriyor. stoklar tüke!,tr,12162,909,413,331,0.1,0.0,28.91
"Merhaba de: VoltBuds 2. kusursuz, akıllı ve zahmetsiz bir deneyim. kampanya bu g",tr,9985,773,351,281,1.0,0.0,-26.2
Hâlâ eski modelde misin? Regarding the EchoFit Band: vadesi geç bir vaat. ilk gelenlere özel #Sınırlı #Stil,tr,2321,68,31,25,-1.0,0.0,52.11
"Aurora Pro X sunar. her şeyi düşünülmüş bir tasarımla geldi. bu fiyata sınırlı stok, stoklar tükeniyor, sadece bugüne özel 1.499 TL altı tek cihaz, sınırsız olasılık",tr,68889,5160,2345,1876,0.0,0.0,-6.19
"Yeterince gördün mü? Merhaba de: TrailBlazer GT. kusursuz, akıllı ve zahmetsiz bir deneyim. sadece bugüne özel, stoklar tükeniyor, sadece bu!",tr,8908,757,344,275,1.0,0.0,-32.3
"Skyline S13 ürününü keşfet. kusursuz, akıllı ve zahmetsiz bir deneyim. ilk gelenlere özel, stoklar tükeniyor, kaçırma @TeknoGünlük #AkıllıYa",tr,22122,2997,1362,1090,1.0,0.0,6.98
"Merhaba de: Galaxy S24 Ultra. her şeyi düşünülmüş bir tasarımla geldi. kaçırma, gece yarısı fiyat artıyor SINIRLI 3.999 TL ile başlıyor ⭐ ⭐",tr,34031,9910,4505,3604,0.0,0.0,6.75
"Nimbus 7 Runner sunar. harika görünmek ve daha akıllıca hareket etmek için tasarlandı. gece yarısı fiyat artıyor, 48 saatlik fırsat, gece ya!",tr,128270,24370,11077,8862,1.0,0.0,23.8
Ekipmanın sana yetişiyor mu? Regarding the Nimbus 7 Runner: fiyatına göre içi bo,tr,20148,732,333,266,0.0,0.0,-5.55
Neden daha azıyla yetinesin? Merhaba de: Cascade Air Pump. vazgeçmeyi reddeden insanlar için tasarlandı. 48 saatlik fırsat SON ŞANS %40 indi!,tr,33914,5427,2467,1973,1.0,0.0,-13.23
Yeterince gördün mü? Regarding the Cascade Air Pump: beklediğimizden çok uzak. bu fiyata sınırlı stok @TeknoGünlük #İndirim akıllı ve kusursuz bir tasarım akıllı ve kusursuz bir tasarım,tr,28503,2013,915,732,1.0,0.0,10.32
Regarding the Luma Glass 4: günlük kullanımda bitmemiş hissi veriyor. Şimdi keşf!,tr,3080,446,203,162,0.1,0.0,-10.3
"Yeterince gördün mü? Regarding the Luma Glass 4: beklediğimizden çok uzak. sadece bugün, kaçırma sadece 4.999 TL Şimdi keşfet 🚀 🎯",tr,8933,2278,1036,828,0.0,0.0,29.43
Regarding the Skyline S13: günlük kullanımda bitmemiş hissi veriyor. %40 indirimle Şimdi keşfet #Stil,tr,30736,1488,676,541,0.0,0.0,12.51
"Daha büyük bir hamle için beklemekten bıktın mı? Regarding the EchoFit Band: günlük kullanımda bitmemiş hissi veriyor. kaçırma, kampanya bu!",tr,40348,2519,1145,916,0.1,0.0,1.27
Regarding the Aurora Pro X: günlük kullanımda bitmemiş hissi veriyor!,tr,7182,782,355,284,0.1,0.0,-4.77
"Regarding the Aurora Pro X: vadesi geç bir vaat. #İndirim tek cihaz, sınırsız olasılık akıllı ve kusursuz bir tasarım akıllı ve kusursuz bir tasarım tek cihaz, sınırsız olasılık",tr,17815,1656,753,602,0.6,0.0,12.94
"Yeni EchoFit Band burada. kusursuz, akıllı ve zahmetsiz bir deneyim. ⭐ ⭐ #Fırsat",tr,18906,3036,1380,1104,1.0,0.0,13.06
Regarding the Skyline S13: beklediğimizden çok uzak. sadece bugün HEMEN @TeknoGünlük ⚡,tr,16435,4977,2262,1810,0.0,0.0,-23.96
"Nimbus 7 Runner ile tanış. en yoğun sabahlarına yetişecek şekilde üretildi. sadece bugün, gece yarısı fiyat artıyor %40 indirimle Şimdi keşfet ⚡ gerçek sabahlar için üretildi",tr,11582,2127,967,774,0.0,0.0,19.77
"Ekipmanın sana yetişiyor mu? Yeni VoltBuds 2 burada. her şeyi düşünülmüş bir tasarımla geldi. bu fiyata sınırlı stok, ilk gelenlere özel Bug",tr,31242,993,451,361,0.0,0.0,-7.37
Daha büyük bir hamle için beklemekten bıktın mı? EchoFit Band ürününü keşfet. ha,tr,15802,738,335,268,0.0,0.0,-14.57
"Cascade Air Pump ürününü keşfet. kusursuz, akıllı ve zahmetsiz bir deneyim. kamp!",tr,13564,1365,620,496,1.0,0.0,31.25
Yeni Skyline S13 burada. her şeyi düşünülmüş bir tasarımla geldi. 3.999 TL ile başlıyor #YeniÇıkan,tr,16521,776,353,282,0.0,0.0,-8.98
"Regarding the Skyline S13: fiyatına göre içi boş. kaçırma, gece yarısı fiyat art",tr,6645,602,274,219,0.0,0.0,-2.18
Yeterince gördün mü? Regarding the Galaxy S24 Ultra: günlük kullanımda bitmemiş,tr,23786,968,440,352,0.0,0.0,-2.76
"Yeni VoltBuds 2 burada. her şeyi düşünülmüş bir tasarımla geldi. kaçırma, 48 saatlik fırsat SINIRLI #Stil",tr,5827,1104,502,402,1.0,0.0,2.4
Neden daha azıyla yetinesin? VoltBuds 2 sunar. en yoğun sabahlarına yetişecek şe!,tr,13835,700,318,255,0.1,0.0,4.74
Nimbus 7 Runner ürününü keşfet. harika görünmek ve daha akıllıca hareket etmek için tasarlandı. SON ŞANS 1.499 TL altı Hemen al 🏆 🏆,tr,11656,3846,1748,1399,1.0,0.0,3.23
"Merhaba de: Cascade Air Pump. kusursuz, akıllı ve zahmetsiz bir deneyim. 3.999 T",tr,32655,4042,1837,1470,1.0,0.0,0.78
Regarding the Luma Glass 4: günlük kullanımda bitmemiş hissi veriyor. kampanya bu gece bitiyor,tr,19156,827,376,301,0.0,0.0,-11.36
Değişime hazır mısın? Regarding the Takt Mesh Chair: günlük kullanımda bitmemiş,tr,17097,615,280,224,0.0,0.0,9.57
Regarding the Luma Glass 4: günlük kullanımda bitmemiş hissi veriyor. KAÇIRMA 🏆 💥 #AkıllıYaşam,tr,15326,2309,1050,840,0.0,0.0,-8.09
Yeterince gördün mü? Regarding the Luma Glass 4: beklediğimizden çok uzak. sadec!,tr,14042,624,283,227,0.1,0.0,-7.96
Yeterince gördün mü? Regarding the Aurora Pro X: günlük kullanımda bitmemiş hiss,tr,5270,151,68,55,0.0,0.0,-33.85
Ekipmanın sana yetişiyor mu? Yeni EchoFit Band burada. her şeyi düşünülmüş bir t!,tr,21411,822,374,299,0.1,0.0,-14.82
Ekipmanın sana yetişiyor mu? Merhaba de: Takt Mesh Chair. her şeyi düşünülmüş bi!,tr,11434,667,303,243,0.1,0.0,42.31
Regarding the Luma Glass 4: fiyatına göre içi boş. ilk gelenlere özel 💥 akıllı ve kusursuz bir tasarım,tr,22573,2213,1006,805,1.0,0.0,25.99
"Regarding the Skyline S13: vadesi geç bir vaat. bu fiyata sınırlı stok, gece yar!",tr,3606,254,116,92,-0.9,0.0,-22.24
"Değişime hazır mısın? Regarding the Cascade Air Pump: vadesi geç bir vaat. gece yarısı fiyat artıyor, bu fiyata sınırlı stok HEMEN Hemen baş!",tr,28477,2935,1334,1067,-0.9,0.0,-26.15
Yeterince gördün mü? Skyline S13 ile tanış. harika görünmek ve daha akıllıca har!,tr,20435,2396,1089,871,1.0,0.0,13.79
Regarding the Nimbus 7 Runner: vadesi geç bir vaat. #YeniÇıkan #Teknoloji,tr,5944,184,84,67,-1.0,0.0,18.99
"Yeterince gördün mü? Regarding the Takt Mesh Chair: günlük kullanımda bitmemiş hissi veriyor. gece yarısı fiyat artıyor, bu fiyata sınırlı s!",tr,9728,1036,471,377,0.1,0.0,11.98
Regarding the Galaxy S24 Ultra: fiyatına göre içi boş. HEMEN Bugün sipariş ver #Sınırlı,tr,10849,2600,1182,945,0.0,0.0,20.76
Regarding the Aurora Pro X: beklediğimizden çok uzak. HEMEN Hemen başla 🚀 vazgeçmeyi reddedenler için tasarlandı vazgeçmeyi reddedenler için tasarlandı vazgeçmeyi reddedenler için tasarlandı,tr,3638,914,415,332,0.0,0.0,0.96
Regarding the Cascade Air Pump: fiyatına göre içi boş. stoklar tükeniyor HEMEN 3.999 TL ile başlıyor Hemen al gerçek sabahlar için üretildi vazgeçmeyi reddedenler için tasarlandı,tr,10666,3520,1600,1280,0.0,0.0,57.44
"Galaxy S24 Ultra sunar. en yoğun sabahlarına yetişecek şekilde üretildi. kaçırma, kampanya bu gece bitiyor SON ŞANS Hemen satın al ⭐ #İndiri",tr,34593,9297,4226,3381,0.0,0.0,1.61
"EchoFit Band ürününü keşfet. vazgeçmeyi reddeden insanlar için tasarlandı. ilk gelenlere özel, bu fiyata sınırlı stok, kaçırma %40 indirimle!",tr,10279,1235,561,449,0.1,0.0,-21.96
"TrailBlazer GT ile tanış. kusursuz, akıllı ve zahmetsiz bir deneyim. 48 saatlik fırsat SON ŞANS @TeknoGünlük Hemen başla tek cihaz, sınırsız olasılık vazgeçmeyi reddedenler için tasarlandı",tr,15424,3265,1484,1187,1.0,0.0,11.49
"Yeni Takt Mesh Chair burada. en yoğun sabahlarına yetişecek şekilde üretildi. ilk gelenlere özel, 48 saatlik fırsat %40 indirimle Fırsatı ka",tr,8462,1239,563,450,1.0,0.0,10.4
"Galaxy S24 Ultra ürününü keşfet. kusursuz, akıllı ve zahmetsiz bir deneyim. sadece bugüne özel ŞİMDİ Hemen başla #Teknoloji",tr,22784,5533,2515,2012,1.0,0.0,-8.18
"Daha büyük bir hamle için beklemekten bıktın mı? Galaxy S24 Ultra ile tanış. kusursuz, akıllı ve zahmetsiz bir deneyim. sadece bugün, kampan",tr,18987,1548,704,563,1.0,0.0,11.31
Her gününü kolaylaştıran tek cihaz: en yoğun sabahlarına yetişecek şekilde üretildi. gece yarısı fiyat artıyor ŞİMDİ %40 indirimle #Sınırlı,tr,6767,1649,749,599,0.0,0.0,17.75
"Regarding the EchoFit Band: fiyatına göre içi boş. sadece bugüne özel, bu fiyata sınırlı stok, stoklar tükeniyor SINIRLI sadece 4.999 TL Hem",tr,31004,5287,2403,1923,0.0,0.0,-13.34
Ekipmanın sana yetişiyor mu? Regarding the EchoFit Band: günlük kullanımda bitme!,tr,9811,378,172,138,0.1,0.0,-5.99
Nimbus 7 Runner ürününü keşfet. her şeyi düşünülmüş bir tasarımla geldi. ilk gel!,tr,22690,1927,876,701,0.1,0.0,3.52
"Takt Mesh Chair sunar. harika görünmek ve daha akıllıca hareket etmek için tasarlandı. kampanya bu gece bitiyor, 48 saatlik fırsat, gece yarısı fiyat artıyor SON ŞANS #LansmanGünü",tr,19408,4223,1919,1536,1.0,0.0,-22.29
Aurora Pro X ile tanış. her şeyi düşünülmüş bir tasarımla geldi. 48 saatlik fırs,tr,9019,583,265,212,0.0,0.0,12.98
"Hâlâ eski modelde misin? Her gününü kolaylaştıran tek cihaz: kusursuz, akıllı ve zahmetsiz bir deneyim. bu fiyata sınırlı stok, gece yarısı!",tr,8980,527,240,192,1.0,0.0,1.64
Nimbus 7 Runner ile tanış. harika görünmek ve daha akıllıca hareket etmek için t!,tr,3162,295,134,107,1.0,0.0,-23.88
Yeterince gördün mü? Regarding the EchoFit Band: fiyatına göre içi boş. sadece b,tr,11051,625,284,227,0.0,0.0,-1.03
Regarding the Cascade Air Pump: beklediğimizden çok uzak. sadece 4.999 TL #Tekno,tr,36359,2686,1221,977,0.0,0.0,6.0
"Cascade Air Pump ürününü keşfet. her şeyi düşünülmüş bir tasarımla geldi! akıllı ve kusursuz bir tasarım tek cihaz, sınırsız olasılık vazgeçmeyi reddedenler için tasarlandı",tr,6636,458,208,167,1.0,0.0,20.46
"Hâlâ eski modelde misin? Yeni Aurora Pro X burada. her şeyi düşünülmüş bir tasarımla geldi. ilk gelenlere özel, kaçırma, kaçırma @TeknoGünlü!",tr,6238,458,208,167,0.1,0.0,33.27
Regarding the Galaxy S24 Ultra: vadesi geç bir vaat. 3.999 TL ile başlıyor ⭐ 🏆,tr,32850,2503,1138,910,-1.0,0.0,-56.22
"TrailBlazer GT sunar. harika görünmek ve daha akıllıca hareket etmek için tasarlandı. kaçırma, sadece bugüne özel SON ŞANS Bugün sipariş ver gerçek sabahlar için üretildi",tr,11128,2690,1223,978,1.0,0.0,25.11
"Yeni VoltBuds 2 burada. kusursuz, akıllı ve zahmetsiz bir deneyim. HEMEN 🎯 akıllı ve kusursuz bir tasarım gerçek sabahlar için üretildi akıllı ve kusursuz bir tasarım",tr,10469,1550,705,564,1.0,0.0,-11.9
Aurora Pro X ürününü keşfet. en yoğun sabahlarına yetişecek şekilde üretildi. 🏆,tr,22444,1219,554,443,0.0,0.0,-29.97
TrailBlazer GT ile tanış. her şeyi düşünülmüş bir tasarımla geldi. stoklar tüken!,tr,53961,3881,1764,1411,0.1,0.0,-40.09
Daha büyük bir hamle için beklemekten bıktın mı? Regarding the Cascade Air Pump: fiyatına göre içi boş. #YeniÇıkan #YeniÇıkan,tr,11632,354,161,129,0.0,0.0,27.53
Takt Mesh Chair sunar. harika görünmek ve daha akıllıca hareket etmek için tasarlandı. ilk gelenlere özel @TeknoGünlük 1.499 TL altı Şimdi keşfet 🏆 #YeniÇıkan gerçek sabahlar için üretildi,tr,49854,4436,2016,1613,1.0,0.0,-15.06
"Değişime hazır mısın? Yeni Takt Mesh Chair burada. harika görünmek ve daha akıllıca hareket etmek için tasarlandı. ilk gelenlere özel, sadec",tr,8073,330,150,120,1.0,0.0,-13.97
Neden daha azıyla yetinesin? TrailBlazer GT ürününü keşfet. en yoğun sabahlarına yetişecek şekilde üretildi. SINIRLI,tr,62054,3936,1789,1431,0.0,0.0,-0.56
Regarding the Skyline S13: vadesi geç bir vaat. KAÇIRMA Fırsatı kaçırmayın #Fırsat,tr,16953,4083,1856,1485,0.0,0.0,14.56
Yeni Luma Glass 4 burada. her şeyi düşünülmüş bir tasarımla geldi. 48 saatlik fırsat @TeknoGünlük,tr,33354,3854,1752,1402,1.0,0.0,-23.11
"Regarding the Luma Glass 4: vadesi geç bir vaat. Şimdi keşfet #YeniÇıkan tek cihaz, sınırsız olasılık",tr,8168,261,118,95,-1.0,0.0,11.07
"Takt Mesh Chair ile tanış. kusursuz, akıllı ve zahmetsiz bir deneyim!",tr,22277,3023,1374,1099,1.0,0.0,13.26
"Regarding the EchoFit Band: fiyatına göre içi boş. stoklar tükeniyor, 48 saatlik fırsat, sadece bugün @TeknoGünlük Hemen satın al ⭐ 🔥 #Sınırlı akıllı ve kusursuz bir tasarım",tr,27552,9092,4133,3306,1.0,0.0,30.13
Regarding the Cascade Air Pump: beklediğimizden çok uzak. Hemen incele vazgeçmeyi reddedenler için tasarlandı,tr,43380,8493,3860,3088,0.0,0.0,15.0
"EchoFit Band ile tanış. her şeyi düşünülmüş bir tasarımla geldi. KAÇIRMA tek cihaz, sınırsız olasılık",tr,27309,2634,1197,958,0.0,0.0,19.21
Neden daha azıyla yetinesin? Regarding the Luma Glass 4: beklediğimizden çok uzak. bu fiyata sınırlı stok Hemen satın al #YeniÇıkan gerçek sabahlar için üretildi,tr,16864,1372,624,499,0.0,0.0,-3.78
Regarding the EchoFit Band: günlük kullanımda bitmemiş hissi veriyor. ilk gelenl,tr,33572,1440,655,524,0.0,0.0,-12.94
Yeni EchoFit Band burada. vazgeçmeyi reddeden insanlar için tasarlandı. Fırsatı kaçırmayın #Fırsat,tr,13697,4520,2055,1644,1.0,0.0,21.27
Luma Glass 4 ile tanış. her şeyi düşünülmüş bir tasarımla geldi. #İndirim #Sınır!,tr,15258,2272,1033,826,0.1,0.0,-7.1
"Regarding the EchoFit Band: günlük kullanımda bitmemiş hissi veriyor. kaçırma, bu fiyata sınırlı stok, kaçırma Hemen başla ⭐ #Sınırlı #Lansm!",tr,31919,10533,4788,3830,0.1,0.0,-7.28
Regarding the Takt Mesh Chair: fiyatına göre içi boş. 48 saatlik fırsat #LansmanGünü gerçek sabahlar için üretildi gerçek sabahlar için üretildi akıllı ve kusursuz bir tasarım,tr,13692,1394,634,507,1.0,0.0,-33.42
Galaxy S24 Ultra ürününü keşfet. en yoğun sabahlarına yetişecek şekilde üretildi. kampanya bu gece bitiyor KAÇIRMA Hemen başla #ŞartDeğilAma,tr,20857,3025,1375,1100,0.0,0.0,-34.5
"Regarding the VoltBuds 2: beklediğimizden çok uzak. kaçırma, bu fiyata sınırlı stok, gece yarısı fiyat artıyor 1.499 TL altı 🔥",tr,3082,277,126,101,0.0,0.0,-5.94
"Ekipmanın sana yetişiyor mu? Yeni VoltBuds 2 burada. her şeyi düşünülmüş bir tasarımla geldi. kampanya bu gece bitiyor, stoklar tükeniyor Fırsatı kaçırmayın 💥 🔥",tr,23934,7446,3385,2708,0.0,0.0,-14.86
Skyline S13 ürününü keşfet. en yoğun sabahlarına yetişecek şekilde üretildi. 48!,tr,11166,698,317,254,0.1,0.0,-14.55
Daha büyük bir hamle için beklemekten bıktın mı? Regarding the Galaxy S24 Ultra: fiyatına göre içi boş. @TeknoGünlük 🎯,tr,7984,288,131,105,0.0,0.0,31.63
"Daha büyük bir hamle için beklemekten bıktın mı? Regarding the Cascade Air Pump: vadesi geç bir vaat. sadece bugün, sadece bugüne özel, gece yarısı fiyat artıyor 3.999 TL ile başlıyor #Stil #AkıllıYaşam",tr,19649,737,335,268,-1.0,0.0,3.74
"Daha büyük bir hamle için beklemekten bıktın mı? Galaxy S24 Ultra ile tanış. kusursuz, akıllı ve zahmetsiz bir deneyim. ilk gelenlere özel H!",tr,3610,252,115,92,1.0,0.0,-33.35
"Neden daha azıyla yetinesin? Her gününü kolaylaştıran tek cihaz: kusursuz, akıllı ve zahmetsiz bir deneyim. sadece bugüne özel Bugün sipariş ver ⚡ #ŞartDeğilAma",tr,22084,1750,796,636,1.0,0.0,-5.17
Yeterince gördün mü? Regarding the Takt Mesh Chair: beklediğimizden çok uzak. 🚀,tr,10977,587,267,213,0.0,0.0,-33.71
"Regarding the EchoFit Band: günlük kullanımda bitmemiş hissi veriyor. kaçırma, bu fiyata sınırlı stok sadece 4.999 TL #AkıllıYaşam #AkıllıYaşam gerçek sabahlar için üretildi",tr,9044,1034,470,376,0.0,0.0,7.48
Regarding the Cascade Air Pump: beklediğimizden çok uzak. #Teknoloji,tr,18819,1015,461,369,0.0,0.0,-4.49
Regarding the VoltBuds 2: vadesi geç bir vaat. #YeniÇıkan #YeniÇıkan,tr,8414,234,106,85,-1.0,0.0,-25.58
Hâlâ eski modelde misin? Merhaba de: Aurora Pro X. en yoğun sabahlarına yetişecek şekilde üretildi. kaçırma 3.999 TL ile başlıyor Hemen ince,tr,56603,3144,1429,1143,0.0,0.0,19.02
Regarding the TrailBlazer GT: fiyatına göre içi boş. sadece bugün Hemen incele #!,tr,3628,901,410,328,0.1,0.0,-16.46
"Yeterince gördün mü? Nimbus 7 Runner sunar. harika görünmek ve daha akıllıca hareket etmek için tasarlandı. @TeknoGünlük tek cihaz, sınırsız olasılık tek cihaz, sınırsız olasılık",tr,47539,2359,1072,858,1.0,0.0,32.12
Merhaba de: Nimbus 7 Runner. harika görünmek ve daha akıllıca hareket etmek için!,tr,13775,2764,1256,1005,1.0,0.0,3.2
Yeni Galaxy S24 Ultra burada. her şeyi düşünülmüş bir tasarımla geldi. kaçırma vazgeçmeyi reddedenler için tasarlandı,tr,23111,1451,660,528,0.0,0.0,12.65
"Merhaba de: Takt Mesh Chair. kusursuz, akıllı ve zahmetsiz bir deneyim. HEMEN Hemen satın al akıllı ve kusursuz bir tasarım vazgeçmeyi reddedenler için tasarlandı",tr,2240,347,158,126,1.0,0.0,12.94
"Cascade Air Pump ile tanış. harika görünmek ve daha akıllıca hareket etmek için tasarlandı. 48 saatlik fırsat, stoklar tükeniyor 🚀 🏆",tr,2331,769,350,280,1.0,0.0,10.35
Merhaba de: VoltBuds 2. harika görünmek ve daha akıllıca hareket etmek için tasarlandı. kaçırma SON ŞANS @TeknoGünlük 1.499 TL altı Fırsatı,tr,4127,909,413,331,1.0,0.0,48.06
Yeterince gördün mü? Regarding the Cascade Air Pump: fiyatına göre içi boş. stok,tr,9909,502,228,183,0.0,0.0,6.49
"Merhaba de: Takt Mesh Chair. en yoğun sabahlarına yetişecek şekilde üretildi. #YeniNesil akıllı ve kusursuz bir tasarım akıllı ve kusursuz bir tasarım tek cihaz, sınırsız olasılık",tr,24992,1518,690,552,1.0,0.0,1.26
Regarding the Luma Glass 4: vadesi geç bir vaat. SON ŞANS Hemen başla 🔥 💥 vazgeçmeyi reddedenler için tasarlandı,tr,9900,1608,731,585,-1.0,0.0,-30.05
Neden daha azıyla yetinesin? TrailBlazer GT ürününü keşfet. harika görünmek ve daha akıllıca hareket etmek için tasarlandı. SINIRLI Fırsatı!,tr,13986,1002,456,364,1.0,0.0,-20.5
Daha büyük bir hamle için beklemekten bıktın mı? Skyline S13 sunar. en yoğun sabahlarına yetişecek şekilde üretildi. ilk gelenlere özel SON!,tr,13811,298,135,108,0.1,0.0,-20.35
Cascade Air Pump ürününü keşfet. en yoğun sabahlarına yetişecek şekilde üretildi!,tr,14587,1516,689,551,0.1,0.0,-12.43
Daha büyük bir hamle için beklemekten bıktın mı? Her gününü kolaylaştıran tek cihaz: en yoğun sabahlarına yetişecek şekilde üretildi. bu fiy,tr,21153,598,272,217,0.0,0.0,22.09
Her gününü kolaylaştıran tek cihaz: harika görünmek ve daha akıllıca hareket etmek için tasarlandı. gece yarısı fiyat artıyor ŞİMDİ %40 indi,tr,15011,2081,946,757,1.0,0.0,-15.83
Regarding the Galaxy S24 Ultra: fiyatına göre içi boş. 🔥 vazgeçmeyi reddedenler için tasarlandı,tr,14137,1008,458,366,0.0,0.0,5.34
"Aurora Pro X sunar. kusursuz, akıllı ve zahmetsiz bir deneyim. sadece bugüne özel, kaçırma KAÇIRMA Şimdi keşfet #İndirim #Stil",tr,15771,5204,2366,1893,1.0,0.0,7.77
Regarding the Luma Glass 4: vadesi geç bir vaat. @TeknoGünlük 1.499 TL altı #Teknoloji vazgeçmeyi reddedenler için tasarlandı akıllı ve kusursuz bir tasarım gerçek sabahlar için üretildi,tr,50168,1930,877,702,0.3333333333333333,0.0,-25.12
Regarding the EchoFit Band: beklediğimizden çok uzak. KAÇIRMA vazgeçmeyi reddedenler için tasarlandı,tr,10439,1386,630,504,0.0,0.0,9.97
"Daha büyük bir hamle için beklemekten bıktın mı? Regarding the EchoFit Band: vadesi geç bir vaat. sadece bugüne özel, sadece bugün #Stil",tr,8368,139,63,51,-1.0,0.0,-18.94
Yeni Aurora Pro X burada. vazgeçmeyi reddeden insanlar için tasarlandı. ilk gele,tr,36344,1656,753,602,0.0,0.0,-27.4
Değişime hazır mısın? Regarding the VoltBuds 2: fiyatına göre içi boş. ŞİMDİ #Sınırlı,tr,12959,1140,518,414,0.0,0.0,-42.5
Her gününü kolaylaştıran tek cihaz: harika görünmek ve daha akıllıca hareket etm!,tr,17008,1983,901,721,1.0,0.0,19.33
Regarding the Nimbus 7 Runner: beklediğimizden çok uzak. Hemen incele ⭐ vazgeçmeyi reddedenler için tasarlandı,tr,18660,4724,2147,1718,0.0,0.0,21.71
Neden daha azıyla yetinesin? Regarding the Takt Mesh Chair: fiyatına göre içi boş. gece yarısı fiyat artıyor %40 indirimle Hemen al 🔥 #YeniÇıkan #İndirim vazgeçmeyi reddedenler için tasarlandı,tr,49082,6603,3001,2401,0.0,0.0,-13.84
Neden daha azıyla yetinesin? Regarding the Takt Mesh Chair: vadesi geç bir vaat.!,tr,19351,394,179,143,-0.9,0.0,21.25
Aurora Pro X ürününü keşfet. en yoğun sabahlarına yetişecek şekilde üretildi. 48!,tr,25494,1741,792,633,0.1,0.0,-4.35
"Cascade Air Pump ile tanış. kusursuz, akıllı ve zahmetsiz bir deneyim. sadece bugün SINIRLI 1.499 TL altı #LansmanGünü vazgeçmeyi reddedenler için tasarlandı vazgeçmeyi reddedenler için tasarlandı",tr,39108,6531,2968,2375,1.0,0.0,20.66
"Merhaba de: Nimbus 7 Runner. harika görünmek ve daha akıllıca hareket etmek için tasarlandı. stoklar tükeniyor, sadece bugün, sadece bugüne",tr,21429,1925,875,700,1.0,0.0,0.65
"Regarding the TrailBlazer GT: fiyatına göre içi boş. sadece bugün, sadece bugün 🏆 ⚡",tr,17856,5892,2678,2143,0.0,0.0,-8.25
"Ekipmanın sana yetişiyor mu? Regarding the EchoFit Band: fiyatına göre içi boş. sadece bugüne özel, kaçırma, 48 saatlik fırsat Hemen incele",tr,7751,2383,1083,867,1.0,0.0,8.36
Regarding the Cascade Air Pump: fiyatına göre içi boş. kaçırma KAÇIRMA vazgeçmeyi reddedenler için tasarlandı,tr,12257,1532,696,557,0.0,0.0,-8.56
"Neden daha azıyla yetinesin? Yeni Aurora Pro X burada. her şeyi düşünülmüş bir tasarımla geldi. #Teknoloji tek cihaz, sınırsız olasılık gerçek sabahlar için üretildi",tr,7578,129,59,47,0.0,0.0,-26.26
"Takt Mesh Chair ürününü keşfet. kusursuz, akıllı ve zahmetsiz bir deneyim. Bugün sipariş ver akıllı ve kusursuz bir tasarım tek cihaz, sınırsız olasılık tek cihaz, sınırsız olasılık",tr,83396,7048,3204,2563,1.0,0.0,6.26
Merhaba de: EchoFit Band. harika görünmek ve daha akıllıca hareket etmek için ta,tr,5256,433,197,157,1.0,0.0,4.35
"Cascade Air Pump ürününü keşfet. en yoğun sabahlarına yetişecek şekilde üretildi. stoklar tükeniyor, ilk gelenlere özel KAÇIRMA 1.499 TL alt",tr,10795,1079,490,392,0.0,0.0,16.9
Değişime hazır mısın? Regarding the Galaxy S24 Ultra: vadesi geç bir vaat. 48 saatlik fırsat 3.999 TL ile başlıyor #YeniÇıkan,tr,58173,3043,1383,1106,0.0,0.0,-2.96
"Daha büyük bir hamle için beklemekten bıktın mı? EchoFit Band ile tanış. kusursuz, akıllı ve zahmetsiz bir deneyim. 48 saatlik fırsat, kampanya bu gece bitiyor, gece yarısı fiyat artıyor 💥",tr,6139,960,436,349,1.0,0.0,24.63
Ekipmanın sana yetişiyor mu? Regarding the TrailBlazer GT: vadesi geç bir vaat. #YeniNesil,tr,11133,254,115,92,-1.0,0.0,19.3
Luma Glass 4 sunar. vazgeçmeyi reddeden insanlar için tasarlandı. 48 saatlik fırsat SON ŞANS Şimdi keşfet gerçek sabahlar için üretildi vazgeçmeyi reddedenler için tasarlandı,tr,60904,15732,7151,5721,1.0,0.0,12.88
Regarding the VoltBuds 2: beklediğimizden çok uzak. @TeknoGünlük Hemen satın al vazgeçmeyi reddedenler için tasarlandı,tr,13574,1435,652,522,0.0,0.0,-0.38
"Regarding the Cascade Air Pump: vadesi geç bir vaat. gece yarısı fiyat artıyor,",tr,16866,253,115,92,-1.0,0.0,-20.21
"Cascade Air Pump ürününü keşfet. kusursuz, akıllı ve zahmetsiz bir deneyim. kampanya bu gece bitiyor %40 indirimle Bugün sipariş ver",tr,13263,2275,1034,827,1.0,0.0,-12.05
Daha büyük bir hamle için beklemekten bıktın mı? Takt Mesh Chair ile tanış. en yoğun sabahlarına yetişecek şekilde üretildi. stoklar tükeniy,tr,14541,367,167,134,0.0,0.0,12.72
Regarding the Takt Mesh Chair: vadesi geç bir vaat. sadece 4.999 TL Fırsatı kaçı!,tr,10147,257,117,93,-0.9,0.0,19.94
Regarding the Skyline S13: fiyatına göre içi boş. SINIRLI @TeknoGünlük ⭐ #Fırsat #YeniÇıkan,tr,28716,5615,2552,2042,1.0,0.0,-0.84
"Skyline S13 sunar. her şeyi düşünülmüş bir tasarımla geldi. ilk gelenlere özel, gece yarısı fiyat artıyor, ilk gelenlere özel SINIRLI @Tekno",tr,12822,865,393,315,0.0,0.0,-2.02
"Aurora Pro X ile tanış. kusursuz, akıllı ve zahmetsiz bir deneyim! vazgeçmeyi reddedenler için tasarlandı",tr,9071,629,286,229,1.0,0.0,39.31
Daha büyük bir hamle için beklemekten bıktın mı? Regarding the Cascade Air Pump:,tr,68144,2180,991,793,0.0,0.0,-7.1
"EchoFit Band ürününü keşfet. en yoğun sabahlarına yetişecek şekilde üretildi. kampanya bu gece bitiyor, gece yarısı fiyat artıyor, ilk gelen",tr,17915,999,454,363,0.0,0.0,35.78
Regarding the Nimbus 7 Runner: vadesi geç bir vaat. Şimdi keşfet #İndirim gerçek sabahlar için üretildi,tr,23083,1589,722,578,-1.0,0.0,5.12
Merhaba de: Galaxy S24 Ultra. vazgeçmeyi reddeden insanlar için tasarlandı. @TeknoGünlük 🎯,tr,19192,731,332,266,0.0,0.0,-13.56
"Regarding the Luma Glass 4: beklediğimizden çok uzak. bu fiyata sınırlı stok, sadece bugüne özel SON ŞANS Hemen al",tr,61023,20138,9153,7323,0.0,0.0,-6.74
"Her gününü kolaylaştıran tek cihaz: kusursuz, akıllı ve zahmetsiz bir deneyim. Ş",tr,14572,650,295,236,1.0,0.0,0.34
Değişime hazır mısın? Merhaba de: Luma Glass 4. harika görünmek ve daha akıllıca!,tr,6849,472,214,172,1.0,0.0,-40.99
"Her gününü kolaylaştıran tek cihaz: vazgeçmeyi reddeden insanlar için tasarlandı. kampanya bu gece bitiyor, kampanya bu gece bitiyor, kampan",tr,10460,179,81,65,0.0,0.0,45.77
"Neden daha azıyla yetinesin? Yeni Luma Glass 4 burada. her şeyi düşünülmüş bir tasarımla geldi. kampanya bu gece bitiyor, sadece bugün ŞİMDİ",tr,20570,1583,719,576,0.0,0.0,-14.46
Yeterince gördün mü? Regarding the Aurora Pro X: günlük kullanımda bitmemiş hissi veriyor. kaçırma KAÇIRMA 🏆 #AkıllıYaşam #İndirim,tr,6268,1352,615,492,0.0,0.0,-28.12
Değişime hazır mısın? Regarding the Galaxy S24 Ultra: fiyatına göre içi boş. SIN,tr,6151,215,98,78,0.0,0.0,-0.3
TrailBlazer GT sunar. en yoğun sabahlarına yetişecek şekilde üretildi. Hemen incele,tr,23096,1794,816,653,0.0,0.0,-1.45
Regarding the Aurora Pro X: günlük kullanımda bitmemiş hissi veriyor. stoklar tü,tr,20749,873,397,317,0.0,0.0,8.81
Galaxy S24 Ultra ürününü keşfet. vazgeçmeyi reddeden insanlar için tasarlandı. gece yarısı fiyat artıyor @TeknoGünlük %40 indirimle Hemen al 🔥 ⭐ #Sınırlı vazgeçmeyi reddedenler için tasarlandı,tr,9030,2494,1133,907,0.0,0.0,-6.79
Cascade Air Pump ürününü keşfet. en yoğun sabahlarına yetişecek şekilde üretildi. sadece 4.999 TL,tr,31507,869,395,316,0.0,0.0,14.93
VoltBuds 2 ürününü keşfet. her şeyi düşünülmüş bir tasarımla geldi. @TeknoGünlük!,tr,34363,2266,1030,824,0.1,0.0,-26.49
Merhaba de: Takt Mesh Chair. harika görünmek ve daha akıllıca hareket etmek için,tr,9229,833,379,303,1.0,0.0,11.1
Regarding the Aurora Pro X: fiyatına göre içi boş. gece yarısı fiyat artıyor 1.4!,tr,16619,1205,548,438,0.1,0.0,-6.99
"Yeni Luma Glass 4 burada. en yoğun sabahlarına yetişecek şekilde üretildi. 48 saatlik fırsat, sadece bugüne özel #İndirim #LansmanGünü gerçek sabahlar için üretildi",tr,4235,750,341,273,1.0,0.0,18.97
Merhaba de: VoltBuds 2. vazgeçmeyi reddeden insanlar için tasarlandı. bu fiyata,tr,11324,539,245,196,0.0,0.0,-18.07
Aurora Pro X sunar. vazgeçmeyi reddeden insanlar için tasarlandı. ilk gelenlere,tr,9541,456,207,166,0.0,0.0,-5.71
Regarding the Aurora Pro X: fiyatına göre içi boş. Bugün sipariş ver #AkıllıYaşam #Teknoloji vazgeçmeyi reddedenler için tasarlandı gerçek sabahlar için üretildi,tr,5565,396,180,144,0.0,0.0,28.97
Yeni Cascade Air Pump burada. her şeyi düşünülmüş bir tasarımla geldi. sadece bugün,tr,32864,1901,864,691,0.0,0.0,11.39
Yeterince gördün mü? Regarding the Takt Mesh Chair: günlük kullanımda bitmemiş hissi veriyor.,tr,2214,52,24,19,0.0,0.0,-7.68
"Neden daha azıyla yetinesin? Regarding the Galaxy S24 Ultra: fiyatına göre içi boş. gece yarısı fiyat artıyor, sadece bugüne özel, 48 saatli",tr,3897,106,48,39,0.0,0.0,-36.77
"Regarding the Takt Mesh Chair: beklediğimizden çok uzak. sadece bugün, 48 saatlik fırsat, kaçırma HEMEN 🎯 #Stil akıllı ve kusursuz bir tasarım gerçek sabahlar için üretildi",tr,46361,15299,6954,5563,1.0,0.0,-23.11
Ekipmanın sana yetişiyor mu? VoltBuds 2 sunar. harika görünmek ve daha akıllıca!,tr,22788,941,428,342,1.0,0.0,-2.04
"Regarding the Luma Glass 4: beklediğimizden çok uzak. stoklar tükeniyor, kaçırma, ilk gelenlere özel @TeknoGünlük 3.999 TL ile başlıyor Hemen satın al #ŞartDeğilAma",tr,2513,713,324,259,0.0,0.0,-16.01
Regarding the Nimbus 7 Runner: günlük kullanımda bitmemiş hissi veriyor. ŞİMDİ Şimdi keşfet #AkıllıYaşam akıllı ve kusursuz bir tasarım akıllı ve kusursuz bir tasarım,tr,66158,14359,6527,5221,1.0,0.0,42.82
"Her gününü kolaylaştıran tek cihaz: en yoğun sabahlarına yetişecek şekilde üretildi. kaçırma, sadece bugün Fırsatı kaçırmayın 🚀 🔥",tr,4313,1301,591,473,0.0,0.0,18.24
Neden daha azıyla yetinesin? Aurora Pro X ürününü keşfet. harika görünmek ve daha akıllıca hareket etmek için tasarlandı. 48 saatlik fırsat,tr,5122,319,145,116,1.0,0.0,-4.82
"Regarding the Aurora Pro X: beklediğimizden çok uzak. bu fiyata sınırlı stok, st",tr,9442,608,276,221,0.0,0.0,4.55
Galaxy S24 Ultra sunar. en yoğun sabahlarına yetişecek şekilde üretildi. akıllı ve kusursuz bir tasarım gerçek sabahlar için üretildi gerçek sabahlar için üretildi,tr,42017,3347,1521,1217,1.0,0.0,13.27
"Regarding the VoltBuds 2: fiyatına göre içi boş. KAÇIRMA @TeknoGünlük sadece 4.999 TL Fırsatı kaçırmayın tek cihaz, sınırsız olasılık tek cihaz, sınırsız olasılık",tr,17885,3108,1413,1130,0.0,0.0,-11.54
"Yeni Skyline S13 burada. en yoğun sabahlarına yetişecek şekilde üretildi. Hemen incele 🎯 🔥 #AkıllıYaşam tek cihaz, sınırsız olasılık gerçek sabahlar için üretildi",tr,11664,1998,908,726,0.0,0.0,26.03
Regarding the TrailBlazer GT: vadesi geç bir vaat. gece yarısı fiyat artıyor 3.9,tr,21099,566,257,206,-1.0,0.0,-9.56
Regarding the Galaxy S24 Ultra: fiyatına göre içi boş. HEMEN Hemen satın al #Sınırlı,tr,5082,1677,762,610,0.0,0.0,-26.43
Yeterince gördün mü? Regarding the EchoFit Band: günlük kullanımda bitmemiş hiss,tr,12658,352,160,128,0.0,0.0,7.06
"Regarding the EchoFit Band: günlük kullanımda bitmemiş hissi veriyor. akıllı ve kusursuz bir tasarım tek cihaz, sınırsız olasılık tek cihaz, sınırsız olasılık vazgeçmeyi reddedenler için tasarlandı",tr,16133,680,309,247,1.0,0.0,23.97
Regarding the Galaxy S24 Ultra: beklediğimizden çok uzak. bu fiyata sınırlı stok 🎯 #Stil,tr,13600,1531,696,557,0.0,0.0,35.52
"Regarding the TrailBlazer GT: beklediğimizden çok uzak. sadece bugün, ilk gelenlere özel, sadece bugüne özel sadece 4.999 TL Bugün sipariş v",tr,13936,1698,772,618,0.0,0.0,-8.02
"Regarding the Luma Glass 4: fiyatına göre içi boş. bu fiyata sınırlı stok, bu fi",tr,2708,172,78,63,0.0,0.0,6.88
"Regarding the Skyline S13: fiyatına göre içi boş. stoklar tükeniyor, bu fiyata sınırlı stok %40 indirimle Hemen başla 🏆 #Stil gerçek sabahlar için üretildi tek cihaz, sınırsız olasılık",tr,5376,1126,512,410,0.0,0.0,16.45
VoltBuds 2 ürününü keşfet. en yoğun sabahlarına yetişecek şekilde üretildi. stoklar tükeniyor #İndirim #Fırsat akıllı ve kusursuz bir tasarım akıllı ve kusursuz bir tasarım,tr,67474,9664,4393,3514,1.0,0.0,-32.35
"Ekipmanın sana yetişiyor mu? Her gününü kolaylaştıran tek cihaz: en yoğun sabahlarına yetişecek şekilde üretildi. kaçırma, bu fiyata sınırlı!",tr,74933,12485,5675,4540,0.1,0.0,-36.87
"Yeni VoltBuds 2 burada. her şeyi düşünülmüş bir tasarımla geldi. kampanya bu gece bitiyor, sadece bugüne özel @TeknoGünlük #İndirim #Teknolo",tr,21802,903,410,328,0.0,0.0,-7.71
"Regarding the Skyline S13: günlük kullanımda bitmemiş hissi veriyor. kampanya bu gece bitiyor, sadece bugün @TeknoGünlük Hemen başla vazgeçmeyi reddedenler için tasarlandı",tr,17042,2256,1025,820,0.0,0.0,-0.95
Ekipmanın sana yetişiyor mu? Regarding the TrailBlazer GT: vadesi geç bir vaat. KAÇIRMA ⭐ ⚡ #İndirim #AkıllıYaşam,tr,3378,387,176,141,-1.0,0.0,8.49
"Regarding the Nimbus 7 Runner: vadesi geç bir vaat. stoklar tükeniyor, ilk gelenlere özel, 48 saatlik fırsat SINIRLI 1.499 TL altı Hemen incele #Sınırlı gerçek sabahlar için üretildi",tr,16087,5309,2413,1930,0.0,0.0,-37.4
"Merhaba de: EchoFit Band. her şeyi düşünülmüş bir tasarımla geldi. @TeknoGünlük tek cihaz, sınırsız olasılık",tr,38335,1188,540,432,0.0,0.0,29.97
Daha büyük bir hamle için beklemekten bıktın mı? TrailBlazer GT ile tanış. harik!,tr,8183,493,224,179,0.1,0.0,4.79
Regarding the EchoFit Band: beklediğimizden çok uzak. kampanya bu gece bitiyor @!,tr,5617,433,197,158,0.1,0.0,10.8
"Regarding the Skyline S13: beklediğimizden çok uzak. @TeknoGünlük Hemen al tek cihaz, sınırsız olasılık",tr,44908,5593,2542,2034,0.0,0.0,13.79
"Neden daha azıyla yetinesin? Skyline S13 ürününü keşfet. kusursuz, akıllı ve zahmetsiz bir deneyim. ilk gelenlere özel KAÇIRMA 1.499 TL altı",tr,7254,968,440,352,1.0,0.0,30.17
"Daha büyük bir hamle için beklemekten bıktın mı? Yeni VoltBuds 2 burada. her şeyi düşünülmüş bir tasarımla geldi. kaçırma, bu fiyata sınırlı!",tr,5004,532,242,194,0.1,0.0,17.3
"Luma Glass 4 ürününü keşfet. vazgeçmeyi reddeden insanlar için tasarlandı. 48 saatlik fırsat, stoklar tükeniyor sadece 4.999 TL Hemen satın al #YeniÇıkan vazgeçmeyi reddedenler için tasarlandı",tr,7218,2382,1083,866,1.0,0.0,-7.38
Ekipmanın sana yetişiyor mu? Regarding the Galaxy S24 Ultra: fiyatına göre içi b,tr,17373,603,274,219,0.0,0.0,-2.27
Yeterince gördün mü? Regarding the TrailBlazer GT: vadesi geç bir vaat. Hemen in!,tr,27741,1142,519,415,-0.9,0.0,4.74
"Regarding the Galaxy S24 Ultra: fiyatına göre içi boş. 48 saatlik fırsat, sadece!",tr,5875,658,299,239,1.0,0.0,-1.04
"Merhaba de: VoltBuds 2. kusursuz, akıllı ve zahmetsiz bir deneyim. gece yarısı fiyat artıyor @TeknoGünlük 1.499 TL altı Şimdi keşfet #YeniÇı",tr,5236,464,211,169,1.0,0.0,-7.3
Regarding the Luma Glass 4: beklediğimizden çok uzak. @TeknoGünlük 🎯 🚀 #YeniNesi!,tr,41701,6345,2884,2307,0.1,0.0,28.38
Daha büyük bir hamle için beklemekten bıktın mı? Regarding the Cascade Air Pump:,tr,4964,165,75,60,0.0,0.0,-20.06
"Merhaba de: TrailBlazer GT. harika görünmek ve daha akıllıca hareket etmek için tasarlandı. sadece bugün, bu fiyata sınırlı stok, kampanya b!",tr,2802,689,313,251,1.0,0.0,-2.86
Galaxy S24 Ultra ile tanış. harika görünmek ve daha akıllıca hareket etmek için,tr,5683,710,323,258,1.0,0.0,-14.21
Her gününü kolaylaştıran tek cihaz: harika görünmek ve daha akıllıca hareket etm,tr,27361,1372,624,499,1.0,0.0,-12.94
Regarding the TrailBlazer GT: vadesi geç bir vaat. SON ŞANS #Stil,tr,57999,4131,1878,1502,-1.0,0.0,18.79
Hâlâ eski modelde misin? Regarding the Cascade Air Pump: beklediğimizden çok uza!,tr,7776,269,122,98,0.1,0.0,5.83
"Neden daha azıyla yetinesin? Luma Glass 4 sunar. kusursuz, akıllı ve zahmetsiz b",tr,11041,765,348,278,1.0,0.0,18.57
Değişime hazır mısın? Regarding the EchoFit Band: beklediğimizden çok uzak. bu f,tr,26248,605,275,220,0.0,0.0,-12.64
"Skyline S13 ürününü keşfet. harika görünmek ve daha akıllıca hareket etmek için tasarlandı. HEMEN tek cihaz, sınırsız olasılık vazgeçmeyi reddedenler için tasarlandı",tr,30698,4016,1825,1460,1.0,0.0,-15.67
"Yeterince gördün mü? Regarding the Luma Glass 4: beklediğimizden çok uzak. 48 saatlik fırsat, stoklar tükeniyor, sadece bugün SINIRLI Hemen",tr,3775,1246,566,453,1.0,0.0,24.69
"Regarding the Nimbus 7 Runner: fiyatına göre içi boş. stoklar tükeniyor, kampanya bu gece bitiyor 🔥 #ŞartDeğilAma #LansmanGünü",tr,16603,1914,870,696,0.0,0.0,-9.79
"Merhaba de: Galaxy S24 Ultra. kusursuz, akıllı ve zahmetsiz bir deneyim. 🚀 🎯 gerçek sabahlar için üretildi akıllı ve kusursuz bir tasarım gerçek sabahlar için üretildi",tr,15433,2349,1068,854,1.0,0.0,26.2
"Regarding the Cascade Air Pump: günlük kullanımda bitmemiş hissi veriyor. kampanya bu gece bitiyor, sadece bugün, kaçırma Hemen incele ⚡",tr,15800,5214,2370,1896,0.0,0.0,10.38
Hâlâ eski modelde misin? Cascade Air Pump ürününü keşfet. vazgeçmeyi reddeden in,tr,50069,1325,602,482,0.0,0.0,-14.11
Merhaba de: Nimbus 7 Runner. harika görünmek ve daha akıllıca hareket etmek için,tr,8276,821,373,299,1.0,0.0,6.56
Merhaba de: Takt Mesh Chair. vazgeçmeyi reddeden insanlar için tasarlandı. 48 saatlik fırsat Hemen satın al #Fırsat,tr,2665,879,400,320,1.0,0.0,-11.47
TrailBlazer GT sunar. vazgeçmeyi reddeden insanlar için tasarlandı. Hemen başla 💥 🔥,tr,9665,1192,542,434,0.0,0.0,-6.2
"VoltBuds 2 ile tanış. en yoğun sabahlarına yetişecek şekilde üretildi. 48 saatlik fırsat, sadece bugüne özel SON ŞANS Bugün sipariş ver ⭐ #Y",tr,29146,9618,4372,3498,1.0,0.0,-5.9
Neden daha azıyla yetinesin? Cascade Air Pump ile tanış. en yoğun sabahlarına ye!,tr,42897,2437,1108,886,0.1,0.0,-0.22
"Her gününü kolaylaştıran tek cihaz: kusursuz, akıllı ve zahmetsiz bir deneyim. Hemen satın al gerçek sabahlar için üretildi gerçek sabahlar için üretildi tek cihaz, sınırsız olasılık",tr,10507,1061,482,386,1.0,0.0,29.48
Regarding the TrailBlazer GT: vadesi geç bir vaat. 48 saatlik fırsat SON ŞANS @T,tr,10412,632,287,230,0.0,0.0,-14.74
Yeni Skyline S13 burada. her şeyi düşünülmüş bir tasarımla geldi. stoklar tükeniyor #YeniÇıkan #YeniNesil,tr,5402,439,199,160,0.0,0.0,-6.39
"Ekipmanın sana yetişiyor mu? Regarding the Takt Mesh Chair: beklediğimizden çok uzak. kaçırma, ilk gelenlere özel ⚡ 🔥",tr,15571,1206,548,438,0.0,0.0,10.92
Hâlâ eski modelde misin? Takt Mesh Chair sunar. en yoğun sabahlarına yetişecek ş!,tr,32436,1092,496,397,0.1,0.0,-17.77
"Yeterince gördün mü? Yeni Aurora Pro X burada. her şeyi düşünülmüş bir tasarımla geldi. ilk gelenlere özel, bu fiyata sınırlı stok Bugün sipariş ver akıllı ve kusursuz bir tasarım",tr,15330,1904,865,692,1.0,0.0,28.2
Yeni Luma Glass 4 burada. en yoğun sabahlarına yetişecek şekilde üretildi. sadec,tr,57549,2371,1078,862,0.0,0.0,17.68
"Her gününü kolaylaştıran tek cihaz: en yoğun sabahlarına yetişecek şekilde üretildi. sadece bugüne özel, 48 saatlik fırsat %40 indirimle 🏆 🎯",tr,17118,4014,1824,1460,1.0,0.0,-13.08
Merhaba de: Takt Mesh Chair. en yoğun sabahlarına yetişecek şekilde üretildi. ŞİMDİ sadece 4.999 TL ⭐ ⭐,tr,10840,1493,679,543,0.0,0.0,48.26
"Regarding the TrailBlazer GT: fiyatına göre içi boş. 48 saatlik fırsat, kampanya bu gece bitiyor, bu fiyata sınırlı stok SINIRLI Hemen incele #LansmanGünü vazgeçmeyi reddedenler için tasarlandı",tr,47366,15631,7105,5684,1.0,0.0,16.05
"Regarding the Skyline S13: vadesi geç bir vaat. sadece bugüne özel, ilk gelenlere özel, 48 saatlik fırsat gerçek sabahlar için üretildi akıllı ve kusursuz bir tasarım",tr,15048,1102,501,401,0.5,0.0,-36.02
Daha büyük bir hamle için beklemekten bıktın mı? Takt Mesh Chair ürününü keşfet. harika görünmek ve daha akıllıca hareket etmek için tasarla,tr,20859,982,446,357,1.0,0.0,-4.2
Hâlâ eski modelde misin? Regarding the VoltBuds 2: fiyatına göre içi boş. gece y!,tr,29452,754,343,274,0.1,0.0,20.81
VoltBuds 2 ile tanış. en yoğun sabahlarına yetişecek şekilde üretildi. kampanya bu gece bitiyor SINIRLI Bugün sipariş ver #YeniNesil #Sınırl!,tr,10527,2844,1293,1034,0.1,0.0,-6.67
Neden daha azıyla yetinesin? Merhaba de: VoltBuds 2. harika görünmek ve daha akıllıca hareket etmek için tasarlandı. sadece 4.999 TL Hemen satın al 💥 #İndirim #ŞartDeğilAma,tr,6485,1811,823,658,1.0,0.0,39.83
Regarding the Skyline S13: vadesi geç bir vaat. gece yarısı fiyat artıyor ŞİMDİ 1.499 TL altı Hemen başla ⚡ #Fırsat #İndirim,tr,14438,4765,2166,1733,0.0,0.0,-16.82
"Cascade Air Pump ile tanış. harika görünmek ve daha akıllıca hareket etmek için tasarlandı. kampanya bu gece bitiyor, 48 saatlik fırsat, bu!",tr,25123,4530,2059,1647,1.0,0.0,8.29
Daha büyük bir hamle için beklemekten bıktın mı? Aurora Pro X ile tanış. harika görünmek ve daha akıllıca hareket etmek için tasarlandı. kam,tr,13271,730,332,265,1.0,0.0,-24.19
Her gününü kolaylaştıran tek cihaz: harika görünmek ve daha akıllıca hareket etm!,tr,50319,6344,2884,2307,1.0,0.0,-22.97
Her gününü kolaylaştıran tek cihaz: her şeyi düşünülmüş bir tasarımla geldi. sad,tr,18150,541,246,197,0.0,0.0,-37.99
"Yeni Galaxy S24 Ultra burada. harika görünmek ve daha akıllıca hareket etmek için tasarlandı. sadece bugün, gece yarısı fiyat artıyor 1.499 TL altı Hemen incele 🚀 #Stil",tr,9796,3233,1469,1176,1.0,0.0,27.82
Değişime hazır mısın? Yeni VoltBuds 2 burada. her şeyi düşünülmüş bir tasarımla,tr,5909,152,69,55,0.0,0.0,-11.47
"Ekipmanın sana yetişiyor mu? Takt Mesh Chair ile tanış. her şeyi düşünülmüş bir tasarımla geldi. ilk gelenlere özel, sadece bugün ŞİMDİ Hemen satın al #LansmanGünü",tr,7342,1044,475,380,0.0,0.0,4.51
Skyline S13 ürününü keşfet. en yoğun sabahlarına yetişecek şekilde üretildi.,tr,4174,219,99,80,0.0,0.0,-25.91
"Değişime hazır mısın? Galaxy S24 Ultra ile tanış. kusursuz, akıllı ve zahmetsiz",tr,90368,3632,1651,1321,1.0,0.0,-1.58
"Regarding the TrailBlazer GT: beklediğimizden çok uzak. Hemen satın al 🔥 ⚡ #Sınırlı akıllı ve kusursuz bir tasarım gerçek sabahlar için üretildi tek cihaz, sınırsız olasılık",tr,19189,6332,2878,2303,1.0,0.0,16.87
"Regarding the Aurora Pro X: fiyatına göre içi boş. Şimdi keşfet 🚀 tek cihaz, sınırsız olasılık",tr,40191,4195,1907,1525,0.0,0.0,24.04
"Takt Mesh Chair ile tanış. her şeyi düşünülmüş bir tasarımla geldi. bu fiyata sınırlı stok, kaçırma gerçek sabahlar için üretildi gerçek sabahlar için üretildi vazgeçmeyi reddedenler için tasarlandı",tr,44051,3211,1460,1168,0.0,0.0,14.89
Değişime hazır mısın? Yeni Skyline S13 burada. harika görünmek ve daha akıllıca!,tr,11462,1018,463,370,1.0,0.0,-6.24
Regarding the Galaxy S24 Ultra: fiyatına göre içi boş. @TeknoGünlük Şimdi keşfet 💥 #Fırsat #İndirim,tr,45633,15059,6845,5476,1.0,0.0,18.8
Her gününü kolaylaştıran tek cihaz: harika görünmek ve daha akıllıca hareket etmek için tasarlandı. 3.999 TL ile başlıyor Hemen al 💥 🏆 #YeniNesil akıllı ve kusursuz bir tasarım,tr,16161,4877,2217,1773,1.0,0.0,-13.51
Yeterince gördün mü? Yeni Skyline S13 burada. her şeyi düşünülmüş bir tasarımla geldi. @TeknoGünlük 🏆,tr,30205,1586,721,577,0.0,0.0,1.86
Regarding the EchoFit Band: beklediğimizden çok uzak. sadece bugün 1.499 TL altı Hemen al #AkıllıYaşam #Stil,tr,18071,3970,1805,1444,0.0,0.0,6.65
"Regarding the Galaxy S24 Ultra: günlük kullanımda bitmemiş hissi veriyor. SON ŞANS #Fırsat akıllı ve kusursuz bir tasarım akıllı ve kusursuz bir tasarım tek cihaz, sınırsız olasılık",tr,36667,4071,1850,1480,1.0,0.0,18.8
Değişime hazır mısın? Luma Glass 4 sunar. vazgeçmeyi reddeden insanlar için tasa,tr,47492,1797,817,653,0.0,0.0,0.49
"Regarding the Nimbus 7 Runner: fiyatına göre içi boş. Şimdi keşfet tek cihaz, sınırsız olasılık",tr,9764,1384,629,503,0.0,0.0,-28.16
Regarding the Skyline S13: fiyatına göre içi boş. %40 indirimle Hemen başla,tr,14186,1251,569,455,0.0,0.0,-4.99
"Regarding the Cascade Air Pump: beklediğimizden çok uzak. kaçırma, stoklar tükeniyor KAÇIRMA 3.999 TL ile başlıyor Bugün sipariş ver 🚀 💥",tr,7383,2436,1107,886,0.0,0.0,14.71
Regarding the Takt Mesh Chair: fiyatına göre içi boş. @TeknoGünlük %40 indirimle 🎯 🏆 #ŞartDeğilAma,tr,9668,677,308,246,0.0,0.0,5.24
"Daha büyük bir hamle için beklemekten bıktın mı? Regarding the Skyline S13: fiyatına göre içi boş. sadece 4.999 TL #İndirim tek cihaz, sınırsız olasılık tek cihaz, sınırsız olasılık",tr,32782,1607,731,584,0.0,0.0,38.38
Daha büyük bir hamle için beklemekten bıktın mı? Nimbus 7 Runner ile tanış. kusu!,tr,21363,648,294,235,0.1,0.0,10.23
Yeterince gördün mü? Regarding the Galaxy S24 Ultra: vadesi geç bir vaat. kaçırma Bugün sipariş ver,tr,24402,730,332,266,-1.0,0.0,-34.96
"Luma Glass 4 sunar. vazgeçmeyi reddeden insanlar için tasarlandı. 3.999 TL ile başlıyor 🏆 🏆 #Stil #Fırsat tek cihaz, sınırsız olasılık tek cihaz, sınırsız olasılık",tr,42812,11171,5078,4062,1.0,0.0,-18.88
Her gününü kolaylaştıran tek cihaz: her şeyi düşünülmüş bir tasarımla geldi.,tr,7917,232,106,85,0.0,0.0,46.33
Değişime hazır mısın? Aurora Pro X ürününü keşfet. her şeyi düşünülmüş bir tasarımla geldi. sadece bugün SON ŞANS @TeknoGünlük %40 indirimle vazgeçmeyi reddedenler için tasarlandı,tr,3908,192,87,70,0.0,0.0,-6.34
Değişime hazır mısın? Regarding the Nimbus 7 Runner: vadesi geç bir vaat. @TeknoGünlük sadece 4.999 TL Hemen incele 🏆,tr,11641,878,399,319,-1.0,0.0,17.46
"Skyline S13 ile tanış. harika görünmek ve daha akıllıca hareket etmek için tasarlandı. stoklar tükeniyor, stoklar tükeniyor, kaçırma 💥",tr,50127,16542,7519,6015,1.0,0.0,-6.92
Galaxy S24 Ultra ile tanış. harika görünmek ve daha akıllıca hareket etmek için tasarlandı. ilk gelenlere özel SINIRLI Bugün sipariş ver,tr,14797,3089,1404,1123,1.0,0.0,8.57
"Regarding the Cascade Air Pump: fiyatına göre içi boş. ilk gelenlere özel, kaçırma gerçek sabahlar için üretildi gerçek sabahlar için üretildi vazgeçmeyi reddedenler için tasarlandı",tr,16952,1171,532,426,0.0,0.0,2.43
Yeni EchoFit Band burada. her şeyi düşünülmüş bir tasarımla geldi. bu fiyata sınırlı stok ⚡ 🎯 #ŞartDeğilAma #Sınırlı,tr,12645,3207,1458,1166,0.0,0.0,-16.66
Değişime hazır mısın? Yeni Takt Mesh Chair burada. her şeyi düşünülmüş bir tasarımla geldi. sadece bugün vazgeçmeyi reddedenler için tasarlandı gerçek sabahlar için üretildi,tr,7071,501,228,182,0.0,0.0,-50.4
"Nimbus 7 Runner sunar. en yoğun sabahlarına yetişecek şekilde üretildi. bu fiyata sınırlı stok, ilk gelenlere özel HEMEN 1.499 TL altı Hemen!",tr,20937,6359,2891,2312,0.1,0.0,-23.43
"Regarding the Takt Mesh Chair: vadesi geç bir vaat. bu fiyata sınırlı stok, 48 saatlik fırsat HEMEN #YeniÇıkan #LansmanGünü",tr,41756,13779,6263,5011,0.0,0.0,-6.48
"Cascade Air Pump ile tanış. harika görünmek ve daha akıllıca hareket etmek için tasarlandı. stoklar tükeniyor, sadece bugüne özel SINIRLI Şi!",tr,30265,9330,4241,3393,1.0,0.0,-50.67
Hâlâ eski modelde misin? Skyline S13 ürününü keşfet. en yoğun sabahlarına yetişe!,tr,4683,248,113,90,0.1,0.0,-16.33
Ekipmanın sana yetişiyor mu? Nimbus 7 Runner ürününü keşfet. en yoğun sabahlarına yetişecek şekilde üretildi. Hemen başla ⚡ 💥 akıllı ve kusursuz bir tasarım gerçek sabahlar için üretildi,tr,18426,3190,1450,1160,1.0,0.0,-5.7
Hâlâ eski modelde misin? Her gününü kolaylaştıran tek cihaz: en yoğun sabahlarına yetişecek şekilde üretildi. ⚡,tr,7537,353,160,128,0.0,0.0,41.08
"Regarding the TrailBlazer GT: beklediğimizden çok uzak. kampanya bu gece bitiyor, kampanya bu gece bitiyor SON ŞANS sadece 4.999 TL 💥 ⭐ #AkıllıYaşam #YeniÇıkan akıllı ve kusursuz bir tasarım",tr,3594,1084,493,394,1.0,0.0,14.76
"Regarding the Aurora Pro X: beklediğimizden çok uzak. stoklar tükeniyor, kaçırma, bu fiyata sınırlı stok ⚡ #YeniNesil #YeniÇıkan",tr,33293,6718,3053,2443,0.0,0.0,-20.32
Regarding the Galaxy S24 Ultra: günlük kullanımda bitmemiş hissi veriyor. Hemen,tr,10801,426,194,155,0.0,0.0,-33.87
Regarding the Aurora Pro X: fiyatına göre içi boş. sadece bugüne özel sadece 4.9!,tr,29070,1381,628,502,0.1,0.0,3.19
"Hâlâ eski modelde misin? Yeni Luma Glass 4 burada. en yoğun sabahlarına yetişecek şekilde üretildi. bu fiyata sınırlı stok, sadece bugün @Te!",tr,8283,578,263,210,0.1,0.0,17.48
"Aurora Pro X ile tanış. her şeyi düşünülmüş bir tasarımla geldi. ilk gelenlere özel, sadece bugüne özel, 48 saatlik fırsat KAÇIRMA 1.499 TL",tr,66662,10572,4805,3844,1.0,0.0,-17.82
"VoltBuds 2 ürününü keşfet. kusursuz, akıllı ve zahmetsiz bir deneyim. 48 saatlik fırsat Şimdi keşfet ⭐ 🏆 tek cihaz, sınırsız olasılık tek cihaz, sınırsız olasılık",tr,11705,3031,1378,1102,1.0,0.0,13.17
Her gününü kolaylaştıran tek cihaz: vazgeçmeyi reddeden insanlar için tasarlandı,tr,24842,1467,667,534,0.0,0.0,49.15
Aurora Pro X sunar. vazgeçmeyi reddeden insanlar için tasarlandı. 48 saatlik fırsat Hemen incele #İndirim,tr,26044,8595,3907,3125,1.0,0.0,-21.73
Regarding the EchoFit Band: fiyatına göre içi boş. sadece bugün HEMEN @TeknoGünlük #ŞartDeğilAma,tr,34405,3924,1784,1427,0.0,0.0,-0.96
Skyline S13 ile tanış. her şeyi düşünülmüş bir tasarımla geldi. bu fiyata sınırlı stok ŞİMDİ Hemen satın al #Sınırlı #YeniNesil,tr,15675,5173,2351,1881,0.0,0.0,1.8
Her gününü kolaylaştıran tek cihaz: vazgeçmeyi reddeden insanlar için tasarlandı. Şimdi keşfet 🚀 🎯 #İndirim,tr,13039,3096,1407,1126,0.0,0.0,-20.64
"Aurora Pro X ile tanış. vazgeçmeyi reddeden insanlar için tasarlandı. sadece bugün, 48 saatlik fırsat Hemen satın al 🔥 ⭐ #Stil vazgeçmeyi reddedenler için tasarlandı",tr,10285,3394,1543,1234,1.0,0.0,11.93
Neden daha azıyla yetinesin? Merhaba de: Takt Mesh Chair. en yoğun sabahlarına yetişecek şekilde üretildi. stoklar tükeniyor 3.999 TL ile ba,tr,24382,1241,564,451,0.0,0.0,-46.82
Değişime hazır mısın? Yeni Galaxy S24 Ultra burada. her şeyi düşünülmüş bir tasarımla geldi. bu fiyata sınırlı stok 1.499 TL altı,tr,12628,812,369,295,0.0,0.0,-9.82
"Regarding the Luma Glass 4: vadesi geç bir vaat. sadece bugün, stoklar tükeniyor",tr,17105,1087,494,395,-1.0,0.0,0.71
Regarding the Skyline S13: günlük kullanımda bitmemiş hissi veriyor. stoklar tük!,tr,4666,206,94,75,0.1,0.0,30.51
Luma Glass 4 ile tanış. harika görünmek ve daha akıllıca hareket etmek için tasa,tr,11277,879,400,320,1.0,0.0,-30.84
"Yeterince gördün mü? Regarding the Aurora Pro X: günlük kullanımda bitmemiş hissi veriyor. gece yarısı fiyat artıyor, sadece bugün, kaçırma!",tr,3726,302,137,110,0.1,0.0,22.04
"Nimbus 7 Runner ürününü keşfet. her şeyi düşünülmüş bir tasarımla geldi. stoklar tükeniyor, 48 saatlik fırsat, kaçırma #Stil #İndirim",tr,22753,7508,3413,2730,1.0,0.0,-12.9
"TrailBlazer GT ile tanış. en yoğun sabahlarına yetişecek şekilde üretildi. gece yarısı fiyat artıyor 1.499 TL altı tek cihaz, sınırsız olasılık tek cihaz, sınırsız olasılık",tr,24228,895,407,326,0.0,0.0,47.84
"Luma Glass 4 ürününü keşfet. kusursuz, akıllı ve zahmetsiz bir deneyim. kaçırma Hemen satın al",tr,4740,1144,520,416,1.0,0.0,16.01
"Aurora Pro X ile tanış. kusursuz, akıllı ve zahmetsiz bir deneyim. SON ŞANS 3.99!",tr,44973,5930,2695,2156,1.0,0.0,-27.28
Neden daha azıyla yetinesin? Regarding the Luma Glass 4: günlük kullanımda bitmemiş hissi veriyor. ilk gelenlere özel SON ŞANS @TeknoGünlük,tr,19805,1544,702,561,0.0,0.0,-9.31
"Yeterince gördün mü? TrailBlazer GT sunar. en yoğun sabahlarına yetişecek şekilde üretildi. bu fiyata sınırlı stok, ilk gelenlere özel",tr,6446,245,111,89,0.0,0.0,15.15
Regarding the VoltBuds 2: vadesi geç bir vaat. kaçırma Hemen başla #Fırsat,tr,6233,968,440,352,0.0,0.0,-1.79
Galaxy S24 Ultra sunar. her şeyi düşünülmüş bir tasarımla geldi. @TeknoGünlük 🚀,tr,16634,409,186,149,0.0,0.0,-4.3
"Regarding the EchoFit Band: beklediğimizden çok uzak. 48 saatlik fırsat, kaçırma, kaçırma SINIRLI Bugün sipariş ver 💥 🎯",tr,14895,4915,2234,1787,1.0,0.0,-4.28
"Regarding the Cascade Air Pump: vadesi geç bir vaat. sadece bugüne özel, sadece",tr,9677,175,80,64,-1.0,0.0,31.33
Aurora Pro X sunar. vazgeçmeyi reddeden insanlar için tasarlandı. Şimdi keşfet,tr,9456,1001,455,364,0.0,0.0,1.02
Ekipmanın sana yetişiyor mu? Regarding the Takt Mesh Chair: günlük kullanımda bi!,tr,22755,1147,521,417,0.1,0.0,29.23
Her gününü kolaylaştıran tek cihaz: harika görünmek ve daha akıllıca hareket etm!,tr,26111,2727,1239,991,1.0,0.0,-2.11
TrailBlazer GT ile tanış. en yoğun sabahlarına yetişecek şekilde üretildi. gece,tr,2994,111,50,40,0.0,0.0,-14.92
Neden daha azıyla yetinesin? Cascade Air Pump ile tanış. en yoğun sabahlarına ye,tr,13805,482,219,175,0.0,0.0,19.24
Regarding the Cascade Air Pump: vadesi geç bir vaat. bu fiyata sınırlı stok Hemen başla #YeniÇıkan,tr,9372,529,241,193,-1.0,0.0,-31.95
Yeni VoltBuds 2 burada. her şeyi düşünülmüş bir tasarımla geldi. ilk gelenlere ö!,tr,11385,506,230,184,0.1,0.0,-41.22
Regarding the Skyline S13: günlük kullanımda bitmemiş hissi veriyor. @TeknoGünlük Hemen al,tr,4590,472,215,172,0.0,0.0,-10.46
"Takt Mesh Chair ile tanış. kusursuz, akıllı ve zahmetsiz bir deneyim. SINIRLI @TeknoGünlük gerçek sabahlar için üretildi vazgeçmeyi reddedenler için tasarlandı vazgeçmeyi reddedenler için tasarlandı",tr,39511,2235,1016,813,1.0,0.0,-49.02
Regarding the Luma Glass 4: vadesi geç bir vaat. HEMEN sadece 4.999 TL 💥 💥 #Sınırlı,tr,18871,2485,1130,904,-1.0,0.0,50.26
"TrailBlazer GT sunar. kusursuz, akıllı ve zahmetsiz bir deneyim. 48 saatlik fırsat, stoklar tükeniyor #Stil vazgeçmeyi reddedenler için tasarlandı tek cihaz, sınırsız olasılık",tr,18163,4643,2110,1688,1.0,0.0,0.52
Hâlâ eski modelde misin? Regarding the VoltBuds 2: vadesi geç bir vaat. kampanya bu gece bitiyor #YeniNesil #Fırsat,tr,10095,460,209,167,0.0,0.0,-1.19
Regarding the Aurora Pro X: beklediğimizden çok uzak. stoklar tükeniyor Fırsatı kaçırmayın #ŞartDeğilAma #Stil vazgeçmeyi reddedenler için tasarlandı gerçek sabahlar için üretildi,tr,13255,3042,1383,1106,0.0,0.0,31.57
"Daha büyük bir hamle için beklemekten bıktın mı? Regarding the Nimbus 7 Runner: beklediğimizden çok uzak. kampanya bu gece bitiyor, sadece b",tr,27391,924,420,336,0.0,0.0,14.96
"Yeni Cascade Air Pump burada. vazgeçmeyi reddeden insanlar için tasarlandı. gece yarısı fiyat artıyor, 48 saatlik fırsat SON ŞANS 3.999 TL i",tr,23640,6420,2918,2335,1.0,0.0,-4.65
Her gününü kolaylaştıran tek cihaz: vazgeçmeyi reddeden insanlar için tasarlandı!,tr,6432,289,131,105,0.1,0.0,10.78
Regarding the Skyline S13: vadesi geç bir vaat. %40 indirimle Fırsatı kaçırmayın!,tr,40609,3425,1557,1245,-0.9,0.0,18.8
Regarding the Cascade Air Pump: beklediğimizden çok uzak!,tr,6737,270,123,98,0.1,0.0,11.92
Neden daha azıyla yetinesin? Skyline S13 sunar. harika görünmek ve daha akıllıca,tr,8310,439,199,160,1.0,0.0,-24.33
Aurora Pro X ürününü keşfet. harika görünmek ve daha akıllıca hareket etmek için,tr,7691,715,325,260,1.0,0.0,-19.12
"Yeterince gördün mü? TrailBlazer GT ile tanış. her şeyi düşünülmüş bir tasarımla geldi. stoklar tükeniyor, ilk gelenlere özel, bu fiyata sın!",tr,12464,1484,675,540,0.1,0.0,8.64
"VoltBuds 2 ürününü keşfet. harika görünmek ve daha akıllıca hareket etmek için tasarlandı. #AkıllıYaşam #AkıllıYaşam tek cihaz, sınırsız olasılık tek cihaz, sınırsız olasılık",tr,13095,1123,510,408,1.0,0.0,7.94
Regarding the Luma Glass 4: fiyatına göre içi boş. %40 indirimle Hemen al,tr,10649,2425,1102,882,0.0,0.0,34.89
"Hâlâ eski modelde misin? Regarding the Luma Glass 4: beklediğimizden çok uzak. 48 saatlik fırsat, gece yarısı fiyat artıyor SON ŞANS Hemen a!",tr,9528,2814,1279,1023,1.0,0.0,-11.03
Regarding the Aurora Pro X: fiyatına göre içi boş. 1.499 TL altı Hemen satın al!,tr,11406,908,413,330,0.1,0.0,11.89
Regarding the Aurora Pro X: vadesi geç bir vaat. 48 saatlik fırsat Fırsatı kaçır,tr,72462,5914,2688,2150,0.0,0.0,-69.95
"Cascade Air Pump sunar. kusursuz, akıllı ve zahmetsiz bir deneyim. sadece 4.999 TL #YeniÇıkan #Stil",tr,14152,1856,844,675,1.0,0.0,6.11
Neden daha azıyla yetinesin? Regarding the Takt Mesh Chair: fiyatına göre içi boş. ⚡ 🔥 #YeniNesil,tr,18288,1297,589,472,0.0,0.0,40.47
Regarding the VoltBuds 2: fiyatına göre içi boş. SON ŞANS Hemen başla,tr,15400,1890,859,687,0.0,0.0,-30.14
Her gününü kolaylaştıran tek cihaz: harika görünmek ve daha akıllıca hareket etm,tr,4555,586,266,213,1.0,0.0,28.81
"Luma Glass 4 sunar. kusursuz, akıllı ve zahmetsiz bir deneyim. ilk gelenlere öze!",tr,9866,866,394,315,1.0,0.0,-14.52
"Her gününü kolaylaştıran tek cihaz: kusursuz, akıllı ve zahmetsiz bir deneyim. s",tr,17841,1498,681,545,1.0,0.0,-23.33
Regarding the Aurora Pro X: fiyatına göre içi boş. 48 saatlik fırsat Şimdi keşfet,tr,4920,1224,557,445,1.0,0.0,10.99
Regarding the VoltBuds 2: günlük kullanımda bitmemiş hissi veriyor. ŞİMDİ 3.999,tr,810809,48943,22247,17797,0.0,0.0,12.1
EchoFit Band sunar. her şeyi düşünülmüş bir tasarımla geldi. HEMEN Hemen al,tr,25268,4744,2156,1725,0.0,0.0,50.38
Yeterince gördün mü? Regarding the Nimbus 7 Runner: vadesi geç bir vaat. ilk gel,tr,50814,441,200,160,-1.0,0.0,23.12
Regarding the Luma Glass 4: vadesi geç bir vaat. #Sınırlı #Teknoloji gerçek sabahlar için üretildi,tr,11948,608,276,221,-1.0,0.0,-36.08
Cascade Air Pump ile tanış. harika görünmek ve daha akıllıca hareket etmek için tasarlandı. %40 indirimle Hemen başla ⚡ 💥 #Sınırlı,tr,6963,2239,1018,814,1.0,0.0,11.25
Luma Glass 4 sunar. en yoğun sabahlarına yetişecek şekilde üretildi. Fırsatı kaç!,tr,12488,996,453,362,0.1,0.0,-17.46
Regarding the VoltBuds 2: beklediğimizden çok uzak. vazgeçmeyi reddedenler için tasarlandı,tr,2473,81,37,29,0.0,0.0,-10.63
Daha büyük bir hamle için beklemekten bıktın mı? Regarding the VoltBuds 2: günlük kullanımda bitmemiş hissi veriyor. bu fiyata sınırlı stok,tr,20602,1189,540,432,0.0,0.0,9.55
"Takt Mesh Chair sunar. kusursuz, akıllı ve zahmetsiz bir deneyim. ŞİMDİ Hemen ba",tr,13335,1528,695,556,1.0,0.0,13.66
Neden daha azıyla yetinesin? Galaxy S24 Ultra sunar. harika görünmek ve daha akıllıca hareket etmek için tasarlandı. stoklar tükeniyor HEMEN,tr,6279,1406,639,511,1.0,0.0,15.95
"Daha büyük bir hamle için beklemekten bıktın mı? Yeni TrailBlazer GT burada. harika görünmek ve daha akıllıca hareket etmek için tasarlandı. kampanya bu gece bitiyor, kampanya bu gece bitiyor, stoklar tükeniyor ⭐ #AkıllıYaşam #Teknoloji",tr,1961,121,55,44,1.0,0.0,-36.23
Yeni Takt Mesh Chair burada. vazgeçmeyi reddeden insanlar için tasarlandı. 48 sa!,tr,55179,2509,1141,912,0.1,0.0,1.94
"Regarding the VoltBuds 2: beklediğimizden çok uzak. gerçek sabahlar için üretildi gerçek sabahlar için üretildi tek cihaz, sınırsız olasılık vazgeçmeyi reddedenler için tasarlandı",tr,25799,1301,592,473,0.0,0.0,-12.35
Aurora Pro X sunar. en yoğun sabahlarına yetişecek şekilde üretildi. gece yarısı!,tr,6601,380,173,138,0.1,0.0,19.79
"EchoFit Band ile tanış. kusursuz, akıllı ve zahmetsiz bir deneyim. stoklar tükeniyor, sadece bugüne özel, sadece bugüne özel %40 indirimle Hemen satın al vazgeçmeyi reddedenler için tasarlandı",tr,13361,3074,1397,1118,1.0,0.0,35.45
Regarding the VoltBuds 2: fiyatına göre içi boş. gece yarısı fiyat artıyor Hemen!,tr,8876,1170,532,425,0.1,0.0,-2.39
"Daha büyük bir hamle için beklemekten bıktın mı? Regarding the EchoFit Band: fiyatına göre içi boş. stoklar tükeniyor, kampanya bu gece biti",tr,15577,1165,530,424,0.0,0.0,-9.58
"Takt Mesh Chair ile tanış. kusursuz, akıllı ve zahmetsiz bir deneyim. Hemen başla #AkıllıYaşam vazgeçmeyi reddedenler için tasarlandı akıllı ve kusursuz bir tasarım",tr,17227,2575,1171,936,1.0,0.0,40.17
Merhaba de: Nimbus 7 Runner. en yoğun sabahlarına yetişecek şekilde üretildi! akıllı ve kusursuz bir tasarım,tr,11656,896,407,326,1.0,0.0,-24.6
Her gününü kolaylaştıran tek cihaz: vazgeçmeyi reddeden insanlar için tasarlandı!,tr,13015,660,300,240,0.1,0.0,-5.33
"Regarding the Skyline S13: fiyatına göre içi boş. Fırsatı kaçırmayın #Sınırlı tek cihaz, sınırsız olasılık",tr,38708,5407,2458,1966,0.0,0.0,-3.6
"Merhaba de: Skyline S13. kusursuz, akıllı ve zahmetsiz bir deneyim. gece yarısı",tr,35334,4820,2191,1753,1.0,0.0,38.6
"Merhaba de: Takt Mesh Chair. kusursuz, akıllı ve zahmetsiz bir deneyim. %40 indi",tr,37439,4674,2124,1700,1.0,0.0,-13.59
Yeni Cascade Air Pump burada. harika görünmek ve daha akıllıca hareket etmek için tasarlandı. ŞİMDİ Bugün sipariş ver #Stil #YeniÇıkan,tr,37014,12215,5552,4442,1.0,0.0,9.79
"Nimbus 7 Runner ürününü keşfet. her şeyi düşünülmüş bir tasarımla geldi. gece yarısı fiyat artıyor, sadece bugüne özel, stoklar tükeniyor @T!",tr,11991,1237,562,450,0.1,0.0,8.37
Neden daha azıyla yetinesin? Aurora Pro X sunar. her şeyi düşünülmüş bir tasarım!,tr,24851,888,404,323,0.1,0.0,-20.54
Takt Mesh Chair ürününü keşfet. harika görünmek ve daha akıllıca hareket etmek için tasarlandı. %40 indirimle Fırsatı kaçırmayın gerçek sabahlar için üretildi gerçek sabahlar için üretildi,tr,42921,9738,4426,3541,1.0,0.0,26.49
Regarding the Cascade Air Pump: beklediğimizden çok uzak. Bugün sipariş ver #Yen!,tr,13761,1081,491,393,0.1,0.0,-10.74
"Merhaba de: Galaxy S24 Ultra. her şeyi düşünülmüş bir tasarımla geldi. stoklar tükeniyor, ilk gelenlere özel, sadece bugün 3.999 TL ile başlıyor vazgeçmeyi reddedenler için tasarlandı",tr,36264,2840,1291,1033,0.0,0.0,-4.49
Her gününü kolaylaştıran tek cihaz: harika görünmek ve daha akıllıca hareket etm!,tr,12320,938,426,341,1.0,0.0,13.26
"Regarding the Cascade Air Pump: beklediğimizden çok uzak. kaçırma, sadece bugün HEMEN Hemen başla ⭐",tr,8313,2331,1060,848,0.0,0.0,-28.0
"Regarding the Aurora Pro X: fiyatına göre içi boş. kampanya bu gece bitiyor ŞİMDİ tek cihaz, sınırsız olasılık gerçek sabahlar için üretildi tek cihaz, sınırsız olasılık",tr,27961,1885,857,685,0.0,0.0,-31.41
Skyline S13 ile tanış. her şeyi düşünülmüş bir tasarımla geldi. ŞİMDİ #Fırsat #ŞartDeğilAma,tr,24343,4107,1867,1494,1.0,0.0,1.67
"Daha büyük bir hamle için beklemekten bıktın mı? Regarding the Takt Mesh Chair: günlük kullanımda bitmemiş hissi veriyor. stoklar tükeniyor,",tr,8070,267,121,97,0.0,0.0,-9.05
Regarding the Cascade Air Pump: günlük kullanımda bitmemiş hissi veriyor. sadece bugün @TeknoGünlük 1.499 TL altı 🚀,tr,20391,1872,851,681,0.0,0.0,-67.81
EchoFit Band ürününü keşfet. her şeyi düşünülmüş bir tasarımla geldi. KAÇIRMA Hemen satın al #ŞartDeğilAma akıllı ve kusursuz bir tasarım akıllı ve kusursuz bir tasarım,tr,27455,9060,4118,3295,1.0,0.0,-11.52
"Değişime hazır mısın? Her gününü kolaylaştıran tek cihaz: her şeyi düşünülmüş bir tasarımla geldi. ilk gelenlere özel, kampanya bu gece bitiyor Hemen al 🎯 tek cihaz, sınırsız olasılık",tr,20081,1221,555,444,0.0,0.0,-20.5
Yeterince gördün mü? Merhaba de: Luma Glass 4. harika görünmek ve daha akıllıca hareket etmek için tasarlandı. #Stil akıllı ve kusursuz bir tasarım gerçek sabahlar için üretildi,tr,8082,439,199,160,1.0,0.0,-2.83
Merhaba de: Aurora Pro X. her şeyi düşünülmüş bir tasarımla geldi. ŞİMDİ 3.999 TL ile başlıyor #AkıllıYaşam,tr,8649,719,327,261,0.0,0.0,-15.58
"Yeterince gördün mü? Regarding the Takt Mesh Chair: vadesi geç bir vaat. kaçırma, stoklar tükeniyor 1.499 TL altı #İndirim #Stil",tr,45236,3761,1710,1368,-1.0,0.0,-12.48
"Her gününü kolaylaştıran tek cihaz: kusursuz, akıllı ve zahmetsiz bir deneyim. kaçırma Hemen al #Teknoloji",tr,40336,9746,4430,3544,1.0,0.0,-27.72
Ekipmanın sana yetişiyor mu? Her gününü kolaylaştıran tek cihaz: vazgeçmeyi reddeden insanlar için tasarlandı. SINIRLI Şimdi keşfet #İndirim akıllı ve kusursuz bir tasarım,tr,29809,3121,1419,1135,1.0,0.0,4.33
Her gününü kolaylaştıran tek cihaz: en yoğun sabahlarına yetişecek şekilde üreti,tr,35276,1118,508,407,0.0,0.0,5.9
Regarding the Cascade Air Pump: vadesi geç bir vaat. sadece bugüne özel KAÇIRMA,tr,26888,2158,981,785,-1.0,0.0,3.04
Galaxy S24 Ultra ile tanış. harika görünmek ve daha akıllıca hareket etmek için,tr,13474,711,323,259,1.0,0.0,9.5
Yeni Nimbus 7 Runner burada. harika görünmek ve daha akıllıca hareket etmek için,tr,31677,1844,838,671,1.0,0.0,21.73
Her gününü kolaylaştıran tek cihaz: vazgeçmeyi reddeden insanlar için tasarlandı,tr,11306,608,276,221,0.0,0.0,-19.82
Regarding the Nimbus 7 Runner: vadesi geç bir vaat. @TeknoGünlük %40 indirimle,tr,14963,222,101,81,-1.0,0.0,9.99
"Değişime hazır mısın? Regarding the Skyline S13: beklediğimizden çok uzak. gece yarısı fiyat artıyor, stoklar tükeniyor sadece 4.999 TL Heme",tr,16682,700,318,255,0.0,0.0,3.76
Yeterince gördün mü? Merhaba de: Galaxy S24 Ultra. her şeyi düşünülmüş bir tasarımla geldi. 48 saatlik fırsat %40 indirimle gerçek sabahlar için üretildi gerçek sabahlar için üretildi,tr,60308,2990,1359,1087,1.0,0.0,1.6
Regarding the EchoFit Band: fiyatına göre içi boş. bu fiyata sınırlı stok 💥 🚀,tr,8142,838,381,305,0.0,0.0,5.85
"Regarding the TrailBlazer GT: vadesi geç bir vaat. #LansmanGünü tek cihaz, sınırsız olasılık",tr,11510,499,227,181,-1.0,0.0,-15.78
Regarding the EchoFit Band: beklediğimizden çok uzak. stoklar tükeniyor #Stil,tr,44478,5002,2274,1819,0.0,0.0,4.2
Nimbus 7 Runner ürününü keşfet. harika görünmek ve daha akıllıca hareket etmek için tasarlandı. kaçırma @TeknoGünlük Hemen satın al 🚀 ⭐,tr,16052,3589,1632,1305,1.0,0.0,36.3
"Regarding the EchoFit Band: fiyatına göre içi boş. SINIRLI tek cihaz, sınırsız olasılık",tr,25925,2339,1063,851,0.0,0.0,-0.61
"Regarding the TrailBlazer GT: vadesi geç bir vaat. stoklar tükeniyor, ilk gelenlere özel 1.499 TL altı Hemen satın al ⭐ #İndirim #YeniNesil",tr,12167,3055,1389,1111,-1.0,0.0,-22.44
"Regarding the Luma Glass 4: günlük kullanımda bitmemiş hissi veriyor. sadece bugün, gece yarısı fiyat artıyor 3.999 TL ile başlıyor Fırsatı",tr,19003,1993,906,725,0.0,0.0,-5.1
Daha büyük bir hamle için beklemekten bıktın mı? Regarding the Skyline S13: vadesi geç bir vaat. ⚡ 🎯 #AkıllıYaşam akıllı ve kusursuz bir tasarım gerçek sabahlar için üretildi,tr,14603,887,403,322,0.3333333333333333,0.0,6.67
Regarding the VoltBuds 2: günlük kullanımda bitmemiş hissi veriyor. kaçırma,tr,6810,180,82,65,0.0,0.0,13.57
Merhaba de: Takt Mesh Chair. her şeyi düşünülmüş bir tasarımla geldi. Hemen incele #Sınırlı #Teknoloji,tr,9595,3166,1439,1151,0.0,0.0,20.98
Ekipmanın sana yetişiyor mu? Yeni Aurora Pro X burada. harika görünmek ve daha akıllıca hareket etmek için tasarlandı. @TeknoGünlük #AkıllıY,tr,20753,778,354,283,1.0,0.0,15.82
"Hâlâ eski modelde misin? Regarding the Skyline S13: günlük kullanımda bitmemiş hissi veriyor. gece yarısı fiyat artıyor, kaçırma %40 indirim",tr,29148,3766,1712,1369,1.0,0.0,-15.79
Regarding the Galaxy S24 Ultra: beklediğimizden çok uzak. 🚀 #Fırsat #İndirim vazgeçmeyi reddedenler için tasarlandı,tr,12180,4019,1827,1462,1.0,0.0,-22.07
Regarding the VoltBuds 2: vadesi geç bir vaat. gece yarısı fiyat artıyor sadece!,tr,27895,947,430,344,-0.9,0.0,-6.03
Neden daha azıyla yetinesin? Takt Mesh Chair sunar. harika görünmek ve daha akıl,tr,7906,459,209,167,1.0,0.0,1.41
"Her gününü kolaylaştıran tek cihaz: en yoğun sabahlarına yetişecek şekilde üretildi. stoklar tükeniyor ŞİMDİ %40 indirimle tek cihaz, sınırsız olasılık gerçek sabahlar için üretildi",tr,15990,1792,815,652,0.0,0.0,27.63
Takt Mesh Chair ile tanış. en yoğun sabahlarına yetişecek şekilde üretildi. ilk gelenlere özel ŞİMDİ 3.999 TL ile başlıyor #Stil #AkıllıYaşa,tr,15435,1792,815,652,0.0,0.0,-36.88
Her gününü kolaylaştıran tek cihaz: en yoğun sabahlarına yetişecek şekilde üretildi. ilk gelenlere özel SINIRLI 🚀 #YeniÇıkan #YeniÇıkan,tr,21246,1532,697,557,0.0,0.0,8.08
Neden daha azıyla yetinesin? Regarding the VoltBuds 2: beklediğimizden çok uzak.,tr,25347,1178,536,428,0.0,0.0,-3.54
Takt Mesh Chair sunar. vazgeçmeyi reddeden insanlar için tasarlandı. Hemen başla,tr,19486,1579,718,574,0.0,0.0,31.7
Regarding the Skyline S13: beklediğimizden çok uzak. %40 indirimle Hemen al 🚀 🎯 #Teknoloji #Teknoloji,tr,12054,3013,1370,1096,0.0,0.0,17.32
"Neden daha azıyla yetinesin? EchoFit Band sunar. her şeyi düşünülmüş bir tasarımla geldi. gece yarısı fiyat artıyor Hemen al tek cihaz, sınırsız olasılık vazgeçmeyi reddedenler için tasarlandı",tr,30932,1407,640,512,0.0,0.0,0.42
"Yeni Cascade Air Pump burada. vazgeçmeyi reddeden insanlar için tasarlandı. sadece bugün, kampanya bu gece bitiyor @TeknoGünlük 1.499 TL alt",tr,16091,646,294,235,0.0,0.0,-8.99
Luma Glass 4 sunar. en yoğun sabahlarına yetişecek şekilde üretildi. KAÇIRMA 1.499 TL altı Hemen al ⭐ #YeniNesil #Sınırlı,tr,4236,1398,635,508,0.0,0.0,-18.79
Merhaba de: TrailBlazer GT. her şeyi düşünülmüş bir tasarımla geldi. 48 saatlik fırsat SON ŞANS 3.999 TL ile başlıyor,tr,19721,2495,1134,907,1.0,0.0,-25.89
Değişime hazır mısın? EchoFit Band sunar. vazgeçmeyi reddeden insanlar için tasa!,tr,23046,1258,572,457,0.1,0.0,12.0
"Daha büyük bir hamle için beklemekten bıktın mı? Cascade Air Pump ile tanış. en yoğun sabahlarına yetişecek şekilde üretildi. 🔥 #Stil #YeniNesil tek cihaz, sınırsız olasılık",tr,21674,776,353,282,0.0,0.0,-12.69
Yeni EchoFit Band burada. vazgeçmeyi reddeden insanlar için tasarlandı. SON ŞANS sadece 4.999 TL #Sınırlı #Stil,tr,19946,4303,1956,1565,0.0,0.0,15.08
Regarding the Cascade Air Pump: beklediğimizden çok uzak. Şimdi keşfet 💥 💥 #Sını,tr,13406,1846,839,671,0.0,0.0,-8.69
"Merhaba de: TrailBlazer GT. vazgeçmeyi reddeden insanlar için tasarlandı. stoklar tükeniyor, sadece bugüne özel KAÇIRMA 3.999 TL ile başlıyo",tr,10538,1378,626,501,0.0,0.0,-53.09
Neden daha azıyla yetinesin? Regarding the Takt Mesh Chair: fiyatına göre içi bo!,tr,41562,1426,648,519,0.1,0.0,-31.12
Daha büyük bir hamle için beklemekten bıktın mı? Regarding the Galaxy S24 Ultra: günlük kullanımda bitmemiş hissi veriyor. ilk gelenlere öze!,tr,8657,321,146,117,0.1,0.0,-0.47
TrailBlazer GT sunar. vazgeçmeyi reddeden insanlar için tasarlandı. ilk gelenler,tr,14119,536,244,195,0.0,0.0,9.14
Daha büyük bir hamle için beklemekten bıktın mı? Regarding the EchoFit Band: bek!,tr,2975,176,80,64,0.1,0.0,20.86
Regarding the Luma Glass 4: vadesi geç bir vaat. bu fiyata sınırlı stok 3.999 TL ile başlıyor Şimdi keşfet 💥 🔥 #YeniÇıkan,tr,15301,2332,1060,848,-1.0,0.0,3.38
Yeni Cascade Air Pump burada. harika görünmek ve daha akıllıca hareket etmek içi!,tr,8592,1861,846,677,1.0,0.0,14.81
Merhaba de: Nimbus 7 Runner. her şeyi düşünülmüş bir tasarımla geldi. kaçırma 🚀,tr,12532,1253,569,456,0.0,0.0,14.74
Hâlâ eski modelde misin? Regarding the Nimbus 7 Runner: günlük kullanımda bitmem,tr,19134,688,313,250,0.0,0.0,5.63
"Yeni Cascade Air Pump burada. harika görünmek ve daha akıllıca hareket etmek için tasarlandı. bu fiyata sınırlı stok, 48 saatlik fırsat SINI!",tr,18187,4744,2156,1725,1.0,0.0,20.13
Nimbus 7 Runner ürününü keşfet. her şeyi düşünülmüş bir tasarımla geldi. SINIRLI!,tr,16914,1813,824,659,0.1,0.0,0.55
Nimbus 7 Runner sunar. harika görünmek ve daha akıllıca hareket etmek için tasar!,tr,10897,1512,687,550,1.0,0.0,-13.75
Yeni TrailBlazer GT burada. en yoğun sabahlarına yetişecek şekilde üretildi. 🏆,tr,11138,723,329,263,0.0,0.0,8.49
Daha büyük bir hamle için beklemekten bıktın mı? EchoFit Band ürününü keşfet. harika görünmek ve daha akıllıca hareket etmek için tasarlandı,tr,20382,1383,628,503,1.0,0.0,-10.89
Regarding the EchoFit Band: beklediğimizden çok uzak. kampanya bu gece bitiyor ŞİMDİ Bugün sipariş ver ⭐ #YeniNesil vazgeçmeyi reddedenler için tasarlandı gerçek sabahlar için üretildi,tr,62326,7160,3254,2604,0.0,0.0,-16.55
Merhaba de: Aurora Pro X. en yoğun sabahlarına yetişecek şekilde üretildi. SON ŞANS Hemen satın al #Stil,tr,52891,8083,3674,2939,0.0,0.0,-23.79
"Neden daha azıyla yetinesin? Yeni EchoFit Band burada. harika görünmek ve daha akıllıca hareket etmek için tasarlandı. sadece bugüne özel, sadece bugün, bu fiyata sınırlı stok @TeknoGünlük",tr,5977,482,219,175,1.0,0.0,-34.89
"Luma Glass 4 sunar. her şeyi düşünülmüş bir tasarımla geldi. kaçırma, sadece bug",tr,13071,739,336,269,0.0,0.0,27.96
"Hâlâ eski modelde misin? Luma Glass 4 ile tanış. kusursuz, akıllı ve zahmetsiz b",tr,74758,4888,2222,1777,1.0,0.0,-5.55
Neden daha azıyla yetinesin? Regarding the EchoFit Band: günlük kullanımda bitme,tr,24620,522,237,190,0.0,0.0,25.31
Hâlâ eski modelde misin? Yeni Nimbus 7 Runner burada. her şeyi düşünülmüş bir tasarımla geldi. stoklar tükeniyor sadece 4.999 TL Şimdi keşfe!,tr,5837,761,346,277,0.1,0.0,-3.58
Regarding the VoltBuds 2: beklediğimizden çok uzak. ŞİMDİ sadece 4.999 TL Hemen satın al #ŞartDeğilAma,tr,4107,711,323,259,0.0,0.0,-10.2
"Nimbus 7 Runner sunar. harika görünmek ve daha akıllıca hareket etmek için tasarlandı. 🏆 tek cihaz, sınırsız olasılık akıllı ve kusursuz bir tasarım gerçek sabahlar için üretildi",tr,32542,3409,1550,1240,1.0,0.0,0.41
"Her gününü kolaylaştıran tek cihaz: en yoğun sabahlarına yetişecek şekilde üretildi. bu fiyata sınırlı stok, kaçırma Hemen satın al 🎯 #YeniÇıkan #YeniÇıkan akıllı ve kusursuz bir tasarım",tr,19126,6312,2869,2295,1.0,0.0,-17.49
"Merhaba de: Takt Mesh Chair. kusursuz, akıllı ve zahmetsiz bir deneyim. gece yar",tr,15834,1065,484,387,1.0,0.0,-39.93
Regarding the Skyline S13: günlük kullanımda bitmemiş hissi veriyor. sadece bugü,tr,16121,722,328,262,0.0,0.0,35.93
"Değişime hazır mısın? Regarding the Skyline S13: vadesi geç bir vaat. gece yarısı fiyat artıyor 3.999 TL ile başlıyor 🎯 tek cihaz, sınırsız olasılık akıllı ve kusursuz bir tasarım",tr,30717,1172,533,426,0.3333333333333333,0.0,-21.85
Regarding the Galaxy S24 Ultra: vadesi geç bir vaat. gece yarısı fiyat artıyor Bugün sipariş ver #ŞartDeğilAma,tr,7772,722,328,262,-1.0,0.0,-18.53
"Regarding the Galaxy S24 Ultra: beklediğimizden çok uzak. gece yarısı fiyat artıyor, ilk gelenlere özel, kaçırma SINIRLI akıllı ve kusursuz bir tasarım tek cihaz, sınırsız olasılık",tr,24702,4214,1916,1533,1.0,0.0,-21.94
Ekipmanın sana yetişiyor mu? Regarding the Nimbus 7 Runner: günlük kullanımda bi,tr,45437,2040,927,742,0.0,0.0,-30.98
Skyline S13 sunar. en yoğun sabahlarına yetişecek şekilde üretildi. ŞİMDİ @TeknoGünlük #YeniÇıkan,tr,18323,1171,532,426,0.0,0.0,3.61
"Merhaba de: VoltBuds 2. kusursuz, akıllı ve zahmetsiz bir deneyim. sadece bugüne özel, gece yarısı fiyat artıyor, sadece bugüne özel gerçek sabahlar için üretildi",tr,14332,1185,538,431,1.0,0.0,-1.3
"Merhaba de: Aurora Pro X. harika görünmek ve daha akıllıca hareket etmek için tasarlandı. %40 indirimle Hemen başla tek cihaz, sınırsız olasılık gerçek sabahlar için üretildi",tr,11096,1073,488,390,1.0,0.0,9.93
Her gününü kolaylaştıran tek cihaz: vazgeçmeyi reddeden insanlar için tasarlandı. stoklar tükeniyor Hemen incele ⭐ 🏆 #YeniNesil #Sınırlı,tr,8322,2746,1248,999,0.0,0.0,-20.8
Yeni Luma Glass 4 burada. vazgeçmeyi reddeden insanlar için tasarlandı. 3.999 TL,tr,19646,1686,767,613,0.0,0.0,3.54
Regarding the VoltBuds 2: beklediğimizden çok uzak. stoklar tükeniyor ŞİMDİ Heme,tr,36806,4091,1860,1488,0.0,0.0,-8.63
"Yeni Skyline S13 burada. kusursuz, akıllı ve zahmetsiz bir deneyim. ilk gelenler",tr,4880,387,176,141,1.0,0.0,-10.61
Değişime hazır mısın? Luma Glass 4 ürününü keşfet. en yoğun sabahlarına yetişece,tr,46521,1389,631,505,0.0,0.0,5.66
Regarding the Galaxy S24 Ultra: günlük kullanımda bitmemiş hissi veriyor. sadece,tr,7599,281,128,102,0.0,0.0,14.61
Regarding the EchoFit Band: günlük kullanımda bitmemiş hissi veriyor. ilk gelenl,tr,10316,501,228,182,0.0,0.0,-19.9
Ekipmanın sana yetişiyor mu? Luma Glass 4 ürününü keşfet. vazgeçmeyi reddeden in,tr,9097,200,91,73,0.0,0.0,-9.66
"Regarding the VoltBuds 2: vadesi geç bir vaat. sadece bugün, gece yarısı fiyat artıyor Hemen başla ⚡ 🎯 #Fırsat tek cihaz, sınırsız olasılık vazgeçmeyi reddedenler için tasarlandı",tr,6011,993,452,361,0.0,0.0,-42.39
Skyline S13 ile tanış. vazgeçmeyi reddeden insanlar için tasarlandı. stoklar tük!,tr,11502,797,362,290,0.1,0.0,-16.22
"Cascade Air Pump sunar. en yoğun sabahlarına yetişecek şekilde üretildi. sadece bugün, kampanya bu gece bitiyor 3.999 TL ile başlıyor Fırsat!",tr,33680,7724,3511,2809,1.0,0.0,16.82
Regarding the Skyline S13: vadesi geç bir vaat. sadece bugün 3.999 TL ile başlıy!,tr,6756,825,375,300,-0.9,0.0,-14.2
"Her gününü kolaylaştıran tek cihaz: her şeyi düşünülmüş bir tasarımla geldi. kampanya bu gece bitiyor, 48 saatlik fırsat Hemen başla #Stil vazgeçmeyi reddedenler için tasarlandı",tr,13788,2427,1103,883,1.0,0.0,-26.82
Yeterince gördün mü? Regarding the EchoFit Band: beklediğimizden çok uzak. sadece bugüne özel SINIRLI Fırsatı kaçırmayın 🔥,tr,58086,12243,5565,4452,0.0,0.0,8.56
"Merhaba de: Cascade Air Pump. kusursuz, akıllı ve zahmetsiz bir deneyim. 1.499 TL altı Fırsatı kaçırmayın",tr,41880,10111,4596,3677,1.0,0.0,-0.42
"Neden daha azıyla yetinesin? Regarding the VoltBuds 2: beklediğimizden çok uzak. kaçırma, stoklar tükeniyor Hemen incele #YeniÇıkan #ŞartDeğ!",tr,30885,10192,4633,3706,0.1,0.0,-0.07
"Regarding the Galaxy S24 Ultra: beklediğimizden çok uzak. @TeknoGünlük Hemen incele akıllı ve kusursuz bir tasarım vazgeçmeyi reddedenler için tasarlandı tek cihaz, sınırsız olasılık",tr,12213,2590,1177,942,1.0,0.0,33.57
Regarding the Takt Mesh Chair: vadesi geç bir vaat. bu fiyata sınırlı stok SINIRLI Hemen satın al 🏆 #AkıllıYaşam,tr,6273,1842,837,670,-1.0,0.0,12.87
Regarding the Cascade Air Pump: günlük kullanımda bitmemiş hissi veriyor. bu fiyata sınırlı stok,tr,7762,635,289,231,0.0,0.0,-0.89
"Regarding the Skyline S13: günlük kullanımda bitmemiş hissi veriyor. bu fiyata sınırlı stok, kaçırma @TeknoGünlük 🎯 🎯 #YeniNesil tek cihaz, sınırsız olasılık gerçek sabahlar için üretildi",tr,45528,5976,2716,2173,0.0,0.0,43.94
Merhaba de: VoltBuds 2. harika görünmek ve daha akıllıca hareket etmek için tasarlandı. 3.999 TL ile başlıyor Hemen başla 🚀 #Sınırlı #ŞartDe,tr,6597,1598,726,581,1.0,0.0,7.64
VoltBuds 2 sunar. her şeyi düşünülmüş bir tasarımla geldi. kaçırma Şimdi keşfet #YeniNesil #Stil,tr,24333,2132,969,775,0.0,0.0,-14.51
Regarding the EchoFit Band: günlük kullanımda bitmemiş hissi veriyor. sadece bugüne özel SINIRLI @TeknoGünlük Hemen başla 🎯,tr,59036,6330,2877,2302,0.0,0.0,-5.9
Neden daha azıyla yetinesin? Regarding the EchoFit Band: fiyatına göre içi boş. kampanya bu gece bitiyor Fırsatı kaçırmayın 🎯,tr,50670,5293,2406,1925,0.0,0.0,10.14
"Hâlâ eski modelde misin? Merhaba de: Cascade Air Pump. her şeyi düşünülmüş bir tasarımla geldi. 48 saatlik fırsat, kaçırma, sadece bugün @Te",tr,42537,7056,3207,2566,1.0,0.0,4.82
"Nimbus 7 Runner sunar. kusursuz, akıllı ve zahmetsiz bir deneyim. sadece bugün @TeknoGünlük %40 indirimle 💥 tek cihaz, sınırsız olasılık tek cihaz, sınırsız olasılık",tr,6880,338,154,123,1.0,0.0,28.28
Yeni Galaxy S24 Ultra burada. harika görünmek ve daha akıllıca hareket etmek içi,tr,5964,310,141,113,1.0,0.0,3.85
Aurora Pro X ile tanış. harika görünmek ve daha akıllıca hareket etmek için tasarlandı. Hemen incele #Sınırlı,tr,12450,4108,1868,1494,1.0,0.0,35.7
"Regarding the Takt Mesh Chair: fiyatına göre içi boş. kaçırma, sadece bugüne özel, gece yarısı fiyat artıyor SINIRLI 1.499 TL altı Hemen baş",tr,7676,559,254,203,0.0,0.0,3.37
"Luma Glass 4 ile tanış. her şeyi düşünülmüş bir tasarımla geldi. bu fiyata sınırlı stok, gece yarısı fiyat artıyor, ilk gelenlere özel 3.999 TL ile başlıyor 🎯 💥",tr,17350,2420,1100,880,0.0,0.0,25.55
"Regarding the Takt Mesh Chair: günlük kullanımda bitmemiş hissi veriyor. 3.999 TL ile başlıyor Hemen al #AkıllıYaşam tek cihaz, sınırsız olasılık vazgeçmeyi reddedenler için tasarlandı",tr,16425,1597,726,581,0.0,0.0,1.66
Regarding the Takt Mesh Chair: fiyatına göre içi boş. ⭐ #YeniNesil #ŞartDeğilAma,tr,20288,2110,959,767,0.0,0.0,3.0
Takt Mesh Chair ürününü keşfet. en yoğun sabahlarına yetişecek şekilde üretildi.,tr,11903,539,245,196,0.0,0.0,-3.31
"Değişime hazır mısın? Luma Glass 4 ürününü keşfet. kusursuz, akıllı ve zahmetsiz",tr,23231,1045,475,380,1.0,0.0,19.3
Regarding the Galaxy S24 Ultra: vadesi geç bir vaat. stoklar tükeniyor SON ŞANS 3.999 TL ile başlıyor 🏆 #Stil #AkıllıYaşam,tr,67865,7367,3349,2679,-1.0,0.0,-6.16
"Regarding the TrailBlazer GT: vadesi geç bir vaat. stoklar tükeniyor, 48 saatlik fırsat %40 indirimle Bugün sipariş ver 💥 🎯",tr,27894,9205,4184,3347,0.0,0.0,-12.33
Daha büyük bir hamle için beklemekten bıktın mı? Regarding the TrailBlazer GT: v,tr,51654,2177,990,792,0.0,0.0,18.18
Luma Glass 4 ürününü keşfet. en yoğun sabahlarına yetişecek şekilde üretildi. kaçırma ŞİMDİ 🏆 ⭐,tr,34519,5570,2532,2026,0.0,0.0,-16.89
Regarding the TrailBlazer GT: günlük kullanımda bitmemiş hissi veriyor. kampanya bu gece bitiyor Fırsatı kaçırmayın #Teknoloji #İndirim gerçek sabahlar için üretildi,tr,14507,3273,1488,1190,0.0,0.0,12.6
"Luma Glass 4 sunar. kusursuz, akıllı ve zahmetsiz bir deneyim. tek cihaz, sınırsız olasılık",tr,8041,678,308,247,1.0,0.0,-27.35
Daha büyük bir hamle için beklemekten bıktın mı? Regarding the Nimbus 7 Runner: vadesi geç bir vaat. SINIRLI 3.999 TL ile başlıyor #Stil,tr,12820,415,189,151,-1.0,0.0,9.6
Regarding the Skyline S13: fiyatına göre içi boş. sadece bugüne özel Hemen al 🎯 #YeniÇıkan #Teknoloji,tr,26523,4678,2126,1701,0.0,0.0,-2.48
Neden daha azıyla yetinesin? Her gününü kolaylaştıran tek cihaz: harika görünmek,tr,33079,1894,861,689,1.0,0.0,8.81
Regarding the Takt Mesh Chair: günlük kullanımda bitmemiş hissi veriyor. HEMEN H,tr,46374,4464,2029,1623,0.0,0.0,5.6
"Yeni VoltBuds 2 burada. kusursuz, akıllı ve zahmetsiz bir deneyim. ilk gelenlere özel, sadece bugün #Stil #İndirim gerçek sabahlar için üretildi akıllı ve kusursuz bir tasarım",tr,21500,5217,2371,1897,1.0,0.0,7.15
Her gününü kolaylaştıran tek cihaz: her şeyi düşünülmüş bir tasarımla geldi. 1.499 TL altı Hemen başla,tr,6998,416,189,151,0.0,0.0,15.63
"Her gününü kolaylaştıran tek cihaz: kusursuz, akıllı ve zahmetsiz bir deneyim. sadece bugün SON ŞANS",tr,31992,5437,2471,1977,1.0,0.0,15.17
Yeni Galaxy S24 Ultra burada. vazgeçmeyi reddeden insanlar için tasarlandı. HEMEN Bugün sipariş ver #İndirim,tr,8025,1403,638,510,0.0,0.0,9.42
"Nimbus 7 Runner ürününü keşfet. her şeyi düşünülmüş bir tasarımla geldi. gece yarısı fiyat artıyor, ilk gelenlere özel, bu fiyata sınırlı st!",tr,20309,2016,916,733,0.1,0.0,4.5
"VoltBuds 2 ürününü keşfet. kusursuz, akıllı ve zahmetsiz bir deneyim. bu fiyata sınırlı stok %40 indirimle 🏆",tr,9954,1473,669,536,1.0,0.0,19.6
Değişime hazır mısın? Regarding the Galaxy S24 Ultra: fiyatına göre içi boş. 48,tr,11919,389,177,141,0.0,0.0,-21.85
Ekipmanın sana yetişiyor mu? Merhaba de: TrailBlazer GT. her şeyi düşünülmüş bir,tr,12396,224,102,81,0.0,0.0,25.17
"Merhaba de: Aurora Pro X. kusursuz, akıllı ve zahmetsiz bir deneyim. ilk gelenle",tr,42208,5166,2348,1878,1.0,0.0,16.91
"Merhaba de: Aurora Pro X. kusursuz, akıllı ve zahmetsiz bir deneyim. %40 indirimle 🎯",tr,28506,3091,1405,1124,1.0,0.0,-1.84
Regarding the EchoFit Band: günlük kullanımda bitmemiş hissi veriyor. 48 saatlik!,tr,7869,571,260,208,0.1,0.0,-16.75
Regarding the Aurora Pro X: günlük kullanımda bitmemiş hissi veriyor. 48 saatlik,tr,5652,191,87,70,0.0,0.0,0.34
Regarding the TrailBlazer GT: vadesi geç bir vaat. 48 saatlik fırsat HEMEN Hemen al ⭐,tr,81829,27004,12274,9819,0.0,0.0,-38.24
"Regarding the TrailBlazer GT: vadesi geç bir vaat. kaçırma, stoklar tükeniyor sadece 4.999 TL ⭐ #Teknoloji #AkıllıYaşam gerçek sabahlar için üretildi akıllı ve kusursuz bir tasarım",tr,25821,5381,2446,1957,0.3333333333333333,0.0,-24.4
Merhaba de: TrailBlazer GT. en yoğun sabahlarına yetişecek şekilde üretildi. SINIRLI Hemen al #Teknoloji,tr,52873,17448,7931,6345,0.0,0.0,1.7
"Yeterince gördün mü? Aurora Pro X ürününü keşfet. vazgeçmeyi reddeden insanlar için tasarlandı. sadece bugüne özel, 48 saatlik fırsat Hemen",tr,15353,2089,950,760,1.0,0.0,9.06
Neden daha azıyla yetinesin? Regarding the Cascade Air Pump: vadesi geç bir vaat,tr,18017,423,192,154,-1.0,0.0,-3.9
Ekipmanın sana yetişiyor mu? Regarding the Cascade Air Pump: beklediğimizden çok uzak. kaçırma %40 indirimle,tr,7759,360,164,131,0.0,0.0,-34.21
Merhaba de: EchoFit Band. vazgeçmeyi reddeden insanlar için tasarlandı. ilk gele,tr,8711,372,169,135,0.0,0.0,12.24
"Aurora Pro X sunar. harika görünmek ve daha akıllıca hareket etmek için tasarlandı. sadece bugün, sadece bugün, 48 saatlik fırsat SINIRLI 🎯!",tr,23329,7699,3499,2799,1.0,0.0,-44.95
Daha büyük bir hamle için beklemekten bıktın mı? Her gününü kolaylaştıran tek ci!,tr,20222,1275,579,464,0.1,0.0,8.28
"Regarding the Aurora Pro X: fiyatına göre içi boş. 🏆 ⭐ #ŞartDeğilAma tek cihaz, sınırsız olasılık",tr,5818,587,267,213,0.0,0.0,25.68
"Luma Glass 4 ürününü keşfet. kusursuz, akıllı ve zahmetsiz bir deneyim. bu fiyat!",tr,4314,525,239,191,1.0,0.0,-1.23
Daha büyük bir hamle için beklemekten bıktın mı? Cascade Air Pump ile tanış. har!,tr,6967,550,250,200,0.1,0.0,-8.96
Regarding the Galaxy S24 Ultra: günlük kullanımda bitmemiş hissi veriyor. kampan!,tr,3979,349,159,127,0.1,0.0,8.82
Regarding the Nimbus 7 Runner: fiyatına göre içi boş. sadece bugüne özel #YeniNesil,tr,12476,1177,535,428,0.0,0.0,-14.8
Yeterince gördün mü? Her gününü kolaylaştıran tek cihaz: harika görünmek ve daha akıllıca hareket etmek için tasarlandı. Fırsatı kaçırmayın!,tr,78129,7082,3219,2575,1.0,0.0,-12.36
TrailBlazer GT ile tanış. vazgeçmeyi reddeden insanlar için tasarlandı. sadece b!,tr,3858,204,93,74,0.1,0.0,25.34
VoltBuds 2 ile tanış. vazgeçmeyi reddeden insanlar için tasarlandı. SON ŞANS,tr,30312,1825,830,664,0.0,0.0,-23.6
Değişime hazır mısın? Yeni Aurora Pro X burada. vazgeçmeyi reddeden insanlar için tasarlandı. 1.499 TL altı 💥 #İndirim,tr,19332,1645,748,598,0.0,0.0,-17.09
Regarding the EchoFit Band: fiyatına göre içi boş. SON ŞANS,tr,22843,1828,831,665,0.0,0.0,-8.5
Regarding the Aurora Pro X: günlük kullanımda bitmemiş hissi veriyor. sadece bugün 🔥 💥 #Sınırlı #Teknoloji,tr,26573,6893,3133,2507,0.0,0.0,4.19
Yeterince gördün mü? Regarding the TrailBlazer GT: beklediğimizden çok uzak. kaçırma Hemen başla #AkıllıYaşam #Teknoloji,tr,27986,5369,2441,1952,0.0,0.0,21.52
"Neden daha azıyla yetinesin? Cascade Air Pump sunar. kusursuz, akıllı ve zahmetsiz bir deneyim. bu fiyata sınırlı stok, 48 saatlik fırsat, k",tr,11024,1822,828,663,1.0,0.0,-5.46
"Değişime hazır mısın? Galaxy S24 Ultra ile tanış. her şeyi düşünülmüş bir tasarımla geldi. gece yarısı fiyat artıyor, gece yarısı fiyat artı!",tr,13275,572,260,208,0.1,0.0,16.65
Merhaba de: Nimbus 7 Runner. harika görünmek ve daha akıllıca hareket etmek için tasarlandı. sadece bugün,tr,13858,1530,695,556,1.0,0.0,-24.63
"Regarding the Skyline S13: vadesi geç bir vaat. kaçırma, sadece bugüne özel Hemen incele",tr,7553,689,313,251,-1.0,0.0,-22.44
"TrailBlazer GT ile tanış. kusursuz, akıllı ve zahmetsiz bir deneyim. KAÇIRMA #ŞartDeğilAma #ŞartDeğilAma",tr,16322,3501,1591,1273,1.0,0.0,21.04
"Merhaba de: Aurora Pro X. en yoğun sabahlarına yetişecek şekilde üretildi. gece yarısı fiyat artıyor Hemen başla tek cihaz, sınırsız olasılık vazgeçmeyi reddedenler için tasarlandı",tr,7044,355,162,129,0.0,0.0,-8.82
Aurora Pro X ürününü keşfet. harika görünmek ve daha akıllıca hareket etmek için!,tr,12152,865,393,315,1.0,0.0,9.83
"Ekipmanın sana yetişiyor mu? Regarding the EchoFit Band: fiyatına göre içi boş. bu fiyata sınırlı stok, bu fiyata sınırlı stok Hemen incele",tr,13834,2055,934,747,0.0,0.0,8.96
Ekipmanın sana yetişiyor mu? Regarding the Galaxy S24 Ultra: günlük kullanımda bitmemiş hissi veriyor. bu fiyata sınırlı stok HEMEN,tr,15874,1554,706,565,0.0,0.0,-1.59
"Regarding the Aurora Pro X: fiyatına göre içi boş. kaçırma, bu fiyata sınırlı stok Hemen satın al 🚀 ⭐ #AkıllıYaşam tek cihaz, sınırsız olasılık tek cihaz, sınırsız olasılık",tr,6237,2058,936,748,0.0,0.0,4.47
Regarding the Cascade Air Pump: beklediğimizden çok uzak. sadece bugüne özel 3.9!,tr,12255,726,330,264,0.1,0.0,-4.51
Neden daha azıyla yetinesin? Regarding the Skyline S13: fiyatına göre içi boş. Fırsatı kaçırmayın #ŞartDeğilAma,tr,13912,1414,643,514,0.0,0.0,-19.95
Neden daha azıyla yetinesin? Regarding the Cascade Air Pump: günlük kullanımda b,tr,12198,649,295,236,0.0,0.0,-14.29
Yeni Cascade Air Pump burada. vazgeçmeyi reddeden insanlar için tasarlandı. SON,tr,26426,1079,491,392,0.0,0.0,14.89
"Merhaba de: Luma Glass 4. kusursuz, akıllı ve zahmetsiz bir deneyim. kaçırma 3.999 TL ile başlıyor #Sınırlı",tr,13258,3052,1387,1110,1.0,0.0,-35.36
Değişime hazır mısın? Regarding the Skyline S13: günlük kullanımda bitmemiş hissi veriyor. #YeniÇıkan #Sınırlı vazgeçmeyi reddedenler için tasarlandı akıllı ve kusursuz bir tasarım,tr,8037,398,181,145,1.0,0.0,-1.79
EchoFit Band ürününü keşfet. harika görünmek ve daha akıllıca hareket etmek için tasarlandı. bu fiyata sınırlı stok 3.999 TL ile başlıyor vazgeçmeyi reddedenler için tasarlandı,tr,23193,2676,1216,973,1.0,0.0,-32.08
"Her gününü kolaylaştıran tek cihaz: vazgeçmeyi reddeden insanlar için tasarlandı. kampanya bu gece bitiyor, gece yarısı fiyat artıyor %40 in",tr,9250,504,229,183,0.0,0.0,-25.59
"Yeni Cascade Air Pump burada. kusursuz, akıllı ve zahmetsiz bir deneyim. SON ŞANS Şimdi keşfet 🚀 ⭐",tr,26313,8683,3947,3158,1.0,0.0,-38.4
Yeni Cascade Air Pump burada. en yoğun sabahlarına yetişecek şekilde üretildi. Hemen incele ⚡ #Stil,tr,29259,4820,2191,1753,0.0,0.0,-4.13
Regarding the TrailBlazer GT: beklediğimizden çok uzak. HEMEN %40 indirimle,tr,11529,1176,535,428,0.0,0.0,-19.11
Regarding the Galaxy S24 Ultra: günlük kullanımda bitmemiş hissi veriyor. ŞİMDİ 1.499 TL altı Şimdi keşfet #YeniNesil,tr,13518,2766,1257,1006,0.0,0.0,4.53
"Merhaba de: Skyline S13. her şeyi düşünülmüş bir tasarımla geldi. bu fiyata sınırlı stok, ilk gelenlere özel Bugün sipariş ver #AkıllıYaşam",tr,41882,7484,3402,2721,0.0,0.0,8.34
"Aurora Pro X sunar. kusursuz, akıllı ve zahmetsiz bir deneyim. stoklar tükeniyor!",tr,6299,1170,532,426,1.0,0.0,-13.39
Ekipmanın sana yetişiyor mu? Yeni Galaxy S24 Ultra burada. vazgeçmeyi reddeden i!,tr,10128,435,198,158,0.1,0.0,20.54
Değişime hazır mısın? Regarding the Takt Mesh Chair: vadesi geç bir vaat. sadece!,tr,14198,221,101,80,-0.9,0.0,10.01
"Merhaba de: Luma Glass 4. kusursuz, akıllı ve zahmetsiz bir deneyim. sadece bugün, kaçırma Hemen al #Stil akıllı ve kusursuz bir tasarım akıllı ve kusursuz bir tasarım",tr,13974,4611,2096,1677,1.0,0.0,-13.75
"Her gününü kolaylaştıran tek cihaz: kusursuz, akıllı ve zahmetsiz bir deneyim. k!",tr,4259,553,251,201,1.0,0.0,-26.94
"Daha büyük bir hamle için beklemekten bıktın mı? Takt Mesh Chair ile tanış. kusursuz, akıllı ve zahmetsiz bir deneyim. gece yarısı fiyat art",tr,4689,290,132,106,1.0,0.0,29.08
"Regarding the Galaxy S24 Ultra: günlük kullanımda bitmemiş hissi veriyor. sadece bugün, sadece bugüne özel KAÇIRMA #ŞartDeğilAma #Sınırlı",tr,125535,34717,15780,12624,0.0,0.0,-14.68
"Yeni EchoFit Band burada. kusursuz, akıllı ve zahmetsiz bir deneyim. bu fiyata sınırlı stok, 48 saatlik fırsat, 48 saatlik fırsat HEMEN %40 indirimle Bugün sipariş ver",tr,28335,9351,4250,3400,1.0,0.0,4.03
"Skyline S13 ile tanış. kusursuz, akıllı ve zahmetsiz bir deneyim. sadece bugün, sadece bugün, sadece bugün ŞİMDİ #YeniNesil #YeniNesil",tr,16836,5232,2378,1903,1.0,0.0,0.67
Yeni VoltBuds 2 burada. vazgeçmeyi reddeden insanlar için tasarlandı. 48 saatlik,tr,28126,1312,596,477,0.0,0.0,19.28
Yeterince gördün mü? Regarding the VoltBuds 2: vadesi geç bir vaat. kampanya bu gece bitiyor,tr,10381,346,157,126,-1.0,0.0,4.03
"Daha büyük bir hamle için beklemekten bıktın mı? Her gününü kolaylaştıran tek cihaz: vazgeçmeyi reddeden insanlar için tasarlandı. kampanya bu gece bitiyor, kampanya bu gece bitiyor @TeknoGünlük 3.999 TL ile başlıyor",tr,13270,206,94,75,0.0,0.0,50.26
"Her gününü kolaylaştıran tek cihaz: kusursuz, akıllı ve zahmetsiz bir deneyim. kaçırma #YeniÇıkan #Teknoloji",tr,13822,1156,526,420,1.0,0.0,-1.14
"Ekipmanın sana yetişiyor mu? Cascade Air Pump sunar. kusursuz, akıllı ve zahmetsiz bir deneyim. kaçırma, sadece bugüne özel Hemen başla #Akı",tr,14803,2330,1059,847,1.0,0.0,-12.86
"Regarding the Skyline S13: vadesi geç bir vaat. stoklar tükeniyor, gece yarısı f!",tr,5609,395,179,144,-0.9,0.0,10.46
"Regarding the Galaxy S24 Ultra: fiyatına göre içi boş. stoklar tükeniyor, kampan!",tr,56644,6510,2959,2367,0.1,0.0,0.67
"Regarding the Cascade Air Pump: günlük kullanımda bitmemiş hissi veriyor. sadece bugün, stoklar tükeniyor, bu fiyata sınırlı stok Şimdi keşf",tr,23289,5874,2670,2136,0.0,0.0,-27.66
Yeni Aurora Pro X burada. vazgeçmeyi reddeden insanlar için tasarlandı. %40 indirimle,tr,11882,712,324,259,0.0,0.0,32.13
"Ekipmanın sana yetişiyor mu? EchoFit Band ürününü keşfet. her şeyi düşünülmüş bir tasarımla geldi. sadece bugün, sadece bugün Hemen al",tr,15531,2593,1179,943,0.0,0.0,-3.29
Merhaba de: Nimbus 7 Runner. harika görünmek ve daha akıllıca hareket etmek için!,tr,28192,3396,1544,1235,1.0,0.0,44.99
"Regarding the Nimbus 7 Runner: günlük kullanımda bitmemiş hissi veriyor. ilk gelenlere özel, sadece bugün ŞİMDİ %40 indirimle 💥 #AkıllıYaşam",tr,8412,1390,632,505,0.0,0.0,-32.3
"Regarding the Nimbus 7 Runner: günlük kullanımda bitmemiş hissi veriyor. sadece bugün %40 indirimle tek cihaz, sınırsız olasılık tek cihaz, sınırsız olasılık vazgeçmeyi reddedenler için tasarlandı",tr,31703,3216,1462,1169,0.0,0.0,36.09
Merhaba de: Galaxy S24 Ultra. en yoğun sabahlarına yetişecek şekilde üretildi. Hemen al,tr,8903,1129,513,411,0.0,0.0,16.43
"Regarding the Cascade Air Pump: günlük kullanımda bitmemiş hissi veriyor. #YeniNesil akıllı ve kusursuz bir tasarım tek cihaz, sınırsız olasılık gerçek sabahlar için üretildi",tr,8295,560,255,204,1.0,0.0,-10.18
"Değişime hazır mısın? Skyline S13 ile tanış. her şeyi düşünülmüş bir tasarımla geldi. bu fiyata sınırlı stok, kaçırma Hemen al",tr,15187,2826,1285,1028,0.0,0.0,-4.45
"Değişime hazır mısın? Regarding the Aurora Pro X: vadesi geç bir vaat. 48 saatlik fırsat, kaçırma Bugün sipariş ver #AkıllıYaşam",tr,43990,4709,2141,1712,0.0,0.0,5.02
"Luma Glass 4 ürününü keşfet. harika görünmek ve daha akıllıca hareket etmek için tasarlandı. bu fiyata sınırlı stok SINIRLI 1.499 TL altı Hemen al tek cihaz, sınırsız olasılık",tr,1586,523,238,190,1.0,0.0,-15.16
Regarding the Aurora Pro X: vadesi geç bir vaat. vazgeçmeyi reddedenler için tasarlandı,tr,5172,159,72,58,-1.0,0.0,-6.98
"Neden daha azıyla yetinesin? Regarding the Galaxy S24 Ultra: fiyatına göre içi boş. kaçırma, bu fiyata sınırlı stok, kaçırma KAÇIRMA @TeknoGünlük #ŞartDeğilAma akıllı ve kusursuz bir tasarım",tr,11778,1557,708,566,1.0,0.0,-5.06
Değişime hazır mısın? Regarding the VoltBuds 2: fiyatına göre içi boş. Hemen al,tr,20366,1304,593,474,0.0,0.0,-9.56
Galaxy S24 Ultra sunar. vazgeçmeyi reddeden insanlar için tasarlandı. ilk gelenl!,tr,10940,693,315,252,0.1,0.0,16.89
Regarding the Nimbus 7 Runner: fiyatına göre içi boş. #AkıllıYaşam,tr,14393,693,315,252,0.0,0.0,7.29
"Ekipmanın sana yetişiyor mu? Luma Glass 4 sunar. kusursuz, akıllı ve zahmetsiz b",tr,20697,884,402,321,1.0,0.0,-8.61
"Regarding the Nimbus 7 Runner: beklediğimizden çok uzak. SINIRLI Hemen başla ⚡ tek cihaz, sınırsız olasılık tek cihaz, sınırsız olasılık tek cihaz, sınırsız olasılık",tr,12500,1197,544,435,0.0,0.0,9.26
"Değişime hazır mısın? Her gününü kolaylaştıran tek cihaz: kusursuz, akıllı ve za!",tr,19060,921,419,335,1.0,0.0,27.32
Değişime hazır mısın? Regarding the Galaxy S24 Ultra: günlük kullanımda bitmemiş,tr,20142,684,311,249,0.0,0.0,21.62
"Yeterince gördün mü? Regarding the Cascade Air Pump: fiyatına göre içi boş. 48 saatlik fırsat, bu fiyata sınırlı stok 🚀 💥 gerçek sabahlar için üretildi tek cihaz, sınırsız olasılık",tr,11023,2143,974,779,1.0,0.0,-4.77
Daha büyük bir hamle için beklemekten bıktın mı? Merhaba de: Nimbus 7 Runner. harika görünmek ve daha akıllıca hareket etmek için tasarlandı!,tr,16735,1256,571,457,1.0,0.0,-6.38
Hâlâ eski modelde misin? Regarding the Aurora Pro X: fiyatına göre içi boş. ilk,tr,10974,533,242,194,0.0,0.0,14.07
"Regarding the Cascade Air Pump: beklediğimizden çok uzak. 48 saatlik fırsat, gece yarısı fiyat artıyor HEMEN sadece 4.999 TL Bugün sipariş v",tr,29423,8283,3765,3012,1.0,0.0,-8.76
Yeterince gördün mü? VoltBuds 2 sunar. her şeyi düşünülmüş bir tasarımla geldi. ilk gelenlere özel ŞİMDİ @TeknoGünlük Hemen al ⚡ ⚡,tr,24019,4566,2075,1660,0.0,0.0,-17.88
Galaxy S24 Ultra sunar. her şeyi düşünülmüş bir tasarımla geldi. @TeknoGünlük,tr,20361,666,303,242,0.0,0.0,46.69
"VoltBuds 2 sunar. her şeyi düşünülmüş bir tasarımla geldi. kaçırma, stoklar tüke!",tr,88194,3940,1791,1433,0.1,0.0,3.96
Yeni Takt Mesh Chair burada. en yoğun sabahlarına yetişecek şekilde üretildi! gerçek sabahlar için üretildi akıllı ve kusursuz bir tasarım gerçek sabahlar için üretildi,tr,22896,1545,702,562,1.0,0.0,-12.9
Neden daha azıyla yetinesin? Regarding the Cascade Air Pump: günlük kullanımda b,tr,7132,267,121,97,0.0,0.0,-4.17
"Hâlâ eski modelde misin? Luma Glass 4 ürününü keşfet. vazgeçmeyi reddeden insanlar için tasarlandı. ilk gelenlere özel, sadece bugün, kampan!",tr,6787,413,188,150,0.1,0.0,14.69
Hâlâ eski modelde misin? Regarding the VoltBuds 2: günlük kullanımda bitmemiş hi,tr,5768,148,67,54,0.0,0.0,4.44
"EchoFit Band sunar. kusursuz, akıllı ve zahmetsiz bir deneyim. 48 saatlik fırsat, stoklar tükeniyor, sadece bugüne özel @TeknoGünlük Hemen satın al 🔥 🏆 gerçek sabahlar için üretildi",tr,7918,2613,1188,950,1.0,0.0,11.83
"Regarding the VoltBuds 2: fiyatına göre içi boş. SON ŞANS Bugün sipariş ver #Stil vazgeçmeyi reddedenler için tasarlandı tek cihaz, sınırsız olasılık akıllı ve kusursuz bir tasarım",tr,13431,3158,1435,1148,1.0,0.0,5.48
Aurora Pro X ile tanış. vazgeçmeyi reddeden insanlar için tasarlandı. stoklar tü!,tr,6346,331,151,120,0.1,0.0,-17.54
Regarding the EchoFit Band: vadesi geç bir vaat. sadece 4.999 TL akıllı ve kusursuz bir tasarım,tr,32181,1387,630,504,0.3333333333333333,0.0,-8.29
Regarding the EchoFit Band: beklediğimizden çok uzak. Fırsatı kaçırmayın,tr,34996,3912,1778,1423,0.0,0.0,-39.67
Yeni Galaxy S24 Ultra burada. her şeyi düşünülmüş bir tasarımla geldi. 48 saatlik fırsat KAÇIRMA Hemen başla 💥,tr,14796,4883,2219,1776,1.0,0.0,4.49
Regarding the Skyline S13: günlük kullanımda bitmemiş hissi veriyor. sadece bugüne özel 🔥 🚀 #İndirim gerçek sabahlar için üretildi akıllı ve kusursuz bir tasarım,tr,76168,15769,7168,5734,1.0,0.0,36.58
"Regarding the VoltBuds 2: vadesi geç bir vaat. Hemen al 💥 🔥 vazgeçmeyi reddedenler için tasarlandı tek cihaz, sınırsız olasılık vazgeçmeyi reddedenler için tasarlandı",tr,44008,5930,2695,2156,-1.0,0.0,-35.21
"Hâlâ eski modelde misin? Her gününü kolaylaştıran tek cihaz: vazgeçmeyi reddeden insanlar için tasarlandı. 48 saatlik fırsat, 48 saatlik fırsat, stoklar tükeniyor HEMEN",tr,26828,5905,2684,2147,1.0,0.0,-17.73
Yeni Takt Mesh Chair burada. vazgeçmeyi reddeden insanlar için tasarlandı. #Fırs!,tr,4820,282,128,102,0.1,0.0,-22.07
Cascade Air Pump ile tanış. her şeyi düşünülmüş bir tasarımla geldi. SON ŞANS vazgeçmeyi reddedenler için tasarlandı,tr,6879,624,283,227,0.0,0.0,-18.45
Yeterince gördün mü? Regarding the VoltBuds 2: fiyatına göre içi boş. sadece bug,tr,40366,1008,458,367,0.0,0.0,3.26
Yeterince gördün mü? Aurora Pro X ile tanış. her şeyi düşünülmüş bir tasarımla g,tr,33150,999,454,363,0.0,0.0,-16.56
Regarding the EchoFit Band: fiyatına göre içi boş! gerçek sabahlar için üretildi,tr,23470,1182,537,430,0.1,0.0,10.24
"Hâlâ eski modelde misin? Regarding the TrailBlazer GT: vadesi geç bir vaat. bu fiyata sınırlı stok, sadece bugüne özel Şimdi keşfet #ŞartDeğ",tr,7093,354,161,129,-1.0,0.0,-4.43
"TrailBlazer GT ürününü keşfet. en yoğun sabahlarına yetişecek şekilde üretildi. stoklar tükeniyor, gece yarısı fiyat artıyor @TeknoGünlük He",tr,29339,2142,974,779,0.0,0.0,0.24
Değişime hazır mısın? EchoFit Band sunar. en yoğun sabahlarına yetişecek şekilde üretildi. Şimdi keşfet ⚡ #ŞartDeğilAma,tr,58752,2933,1333,1067,0.0,0.0,-12.69
Regarding the EchoFit Band: günlük kullanımda bitmemiş hissi veriyor. gece yarıs,tr,32413,1088,495,396,0.0,0.0,-20.0
"Her gününü kolaylaştıran tek cihaz: kusursuz, akıllı ve zahmetsiz bir deneyim. kaçırma, 48 saatlik fırsat, sadece bugüne özel KAÇIRMA Fırsatı kaçırmayın #Teknoloji",tr,47478,15668,7122,5697,1.0,0.0,1.47
"Yeterince gördün mü? Regarding the Cascade Air Pump: fiyatına göre içi boş. bu fiyata sınırlı stok, kaçırma HEMEN #Stil",tr,32528,3260,1482,1185,0.0,0.0,-40.72
"Galaxy S24 Ultra ile tanış. kusursuz, akıllı ve zahmetsiz bir deneyim. sadece bu!",tr,24162,2512,1142,913,1.0,0.0,4.19
"Cascade Air Pump ürününü keşfet. vazgeçmeyi reddeden insanlar için tasarlandı. stoklar tükeniyor, kampanya bu gece bitiyor 🔥 #AkıllıYaşam",tr,23197,2683,1219,976,0.0,0.0,8.38
Daha büyük bir hamle için beklemekten bıktın mı? Yeni EchoFit Band burada. vazgeçmeyi reddeden insanlar için tasarlandı. HEMEN gerçek sabahlar için üretildi vazgeçmeyi reddedenler için tasarlandı,tr,19636,690,313,251,0.0,0.0,-15.35
"TrailBlazer GT ürününü keşfet. kusursuz, akıllı ve zahmetsiz bir deneyim. ŞİMDİ @TeknoGünlük ⭐ ⭐ #İndirim",tr,4426,1070,486,389,1.0,0.0,6.97
"Takt Mesh Chair ürününü keşfet. kusursuz, akıllı ve zahmetsiz bir deneyim. ilk gelenlere özel sadece 4.999 TL Hemen incele ⭐ ⭐ #ŞartDeğilAma",tr,36756,12129,5513,4411,1.0,0.0,-13.21
"Her gününü kolaylaştıran tek cihaz: kusursuz, akıllı ve zahmetsiz bir deneyim. bu fiyata sınırlı stok, kaçırma #Sınırlı gerçek sabahlar için üretildi vazgeçmeyi reddedenler için tasarlandı",tr,14341,2689,1222,978,1.0,0.0,-48.27
"Takt Mesh Chair sunar. kusursuz, akıllı ve zahmetsiz bir deneyim. ŞİMDİ Fırsatı!",tr,11312,1355,616,493,1.0,0.0,5.82
Ekipmanın sana yetişiyor mu? Luma Glass 4 ürününü keşfet. harika görünmek ve dah!,tr,12807,810,368,295,1.0,0.0,23.98
"Nimbus 7 Runner ile tanış. kusursuz, akıllı ve zahmetsiz bir deneyim. Hemen incele",tr,1639,254,116,92,1.0,0.0,18.08
Her gününü kolaylaştıran tek cihaz: en yoğun sabahlarına yetişecek şekilde üretildi. SINIRLI akıllı ve kusursuz bir tasarım vazgeçmeyi reddedenler için tasarlandı,tr,121686,12401,5637,4510,1.0,0.0,-2.72
"Regarding the VoltBuds 2: vadesi geç bir vaat. sadece bugün, stoklar tükeniyor, ilk gelenlere özel HEMEN 3.999 TL ile başlıyor 🏆",tr,4373,676,307,246,-1.0,0.0,31.69
"Hâlâ eski modelde misin? Yeni VoltBuds 2 burada. her şeyi düşünülmüş bir tasarımla geldi. sadece bugüne özel, 48 saatlik fırsat 🔥 ⭐ #İndirim vazgeçmeyi reddedenler için tasarlandı",tr,13024,3848,1749,1399,1.0,0.0,-4.87
"Yeni Skyline S13 burada. kusursuz, akıllı ve zahmetsiz bir deneyim. kaçırma, kam",tr,3505,321,146,117,1.0,0.0,-9.83
Yeni VoltBuds 2 burada. harika görünmek ve daha akıllıca hareket etmek için tasarlandı. kampanya bu gece bitiyor SINIRLI 🚀 🔥 #Teknoloji,tr,8534,1044,474,380,1.0,0.0,15.75
EchoFit Band ürününü keşfet. vazgeçmeyi reddeden insanlar için tasarlandı. 48 saatlik fırsat %40 indirimle ⭐ #LansmanGünü,tr,42215,4749,2158,1727,1.0,0.0,33.99
Yeterince gördün mü? TrailBlazer GT sunar. her şeyi düşünülmüş bir tasarımla geldi. gece yarısı fiyat artıyor HEMEN %40 indirimle #ŞartDeğil,tr,18812,1065,484,387,0.0,0.0,1.19
"Yeni Galaxy S24 Ultra burada. en yoğun sabahlarına yetişecek şekilde üretildi. bu fiyata sınırlı stok, ilk gelenlere özel SON ŞANS @TeknoGün",tr,54704,5329,2422,1938,0.0,0.0,-12.45
"Merhaba de: Nimbus 7 Runner. kusursuz, akıllı ve zahmetsiz bir deneyim. bu fiyata sınırlı stok",tr,33488,5728,2604,2083,1.0,0.0,-11.26
"Luma Glass 4 sunar. kusursuz, akıllı ve zahmetsiz bir deneyim. ilk gelenlere özel, sadece bugüne özel 🏆",tr,26292,2304,1047,838,1.0,0.0,8.58
Her gününü kolaylaştıran tek cihaz: harika görünmek ve daha akıllıca hareket etm,tr,12121,709,322,258,1.0,0.0,19.5
"Regarding the VoltBuds 2: beklediğimizden çok uzak. kaçırma, kaçırma Bugün sipar",tr,4745,569,259,207,0.0,0.0,12.29
Yeterince gördün mü? Regarding the Cascade Air Pump: fiyatına göre içi boş. stok!,tr,22559,1077,490,392,0.1,0.0,-12.65
Neden daha azıyla yetinesin? Yeni TrailBlazer GT burada. vazgeçmeyi reddeden insanlar için tasarlandı. ŞİMDİ Hemen satın al,tr,17791,1990,904,723,0.0,0.0,24.36
"Regarding the Nimbus 7 Runner: fiyatına göre içi boş. kampanya bu gece bitiyor,",tr,8974,225,102,82,0.0,0.0,6.09
Regarding the Takt Mesh Chair: günlük kullanımda bitmemiş hissi veriyor. HEMEN H!,tr,18948,1280,582,465,0.1,0.0,-0.97
Daha büyük bir hamle için beklemekten bıktın mı? Regarding the Cascade Air Pump:!,tr,11529,401,182,146,0.1,0.0,-2.62
Regarding the TrailBlazer GT: fiyatına göre içi boş. 3.999 TL ile başlıyor #Fırs!,tr,27291,6064,2756,2205,0.1,0.0,6.87
Galaxy S24 Ultra ile tanış. harika görünmek ve daha akıllıca hareket etmek için!,tr,28483,1973,897,718,1.0,0.0,10.42
Yeni Cascade Air Pump burada. her şeyi düşünülmüş bir tasarımla geldi. sadece bu,tr,13003,491,223,179,0.0,0.0,26.6
"Yeterince gördün mü? Her gününü kolaylaştıran tek cihaz: harika görünmek ve daha akıllıca hareket etmek için tasarlandı. kaçırma, ilk gelenlere özel @TeknoGünlük #Fırsat",tr,16616,2263,1029,823,1.0,0.0,-18.55
Merhaba de: VoltBuds 2. en yoğun sabahlarına yetişecek şekilde üretildi. kampany,tr,5720,193,88,70,0.0,0.0,-4.21
Hâlâ eski modelde misin? EchoFit Band sunar. en yoğun sabahlarına yetişecek şeki,tr,9207,198,90,72,0.0,0.0,5.18
"Regarding the EchoFit Band: beklediğimizden çok uzak. bu fiyata sınırlı stok, kaçırma KAÇIRMA @TeknoGünlük Fırsatı kaçırmayın #Stil",tr,7959,2626,1194,955,0.0,0.0,1.19
Yeni Takt Mesh Chair burada. en yoğun sabahlarına yetişecek şekilde üretildi. gerçek sabahlar için üretildi,tr,6904,208,95,76,0.0,0.0,3.61
"Nimbus 7 Runner ile tanış. en yoğun sabahlarına yetişecek şekilde üretildi. kaçırma, 48 saatlik fırsat SON ŞANS %40 indirimle 🔥 🔥",tr,21477,7087,3222,2577,1.0,0.0,18.98
"Regarding the Cascade Air Pump: günlük kullanımda bitmemiş hissi veriyor. sadece bugün SON ŞANS 🏆 🎯 tek cihaz, sınırsız olasılık vazgeçmeyi reddedenler için tasarlandı",tr,2651,465,211,169,0.0,0.0,-19.89
"Hâlâ eski modelde misin? Yeni EchoFit Band burada. kusursuz, akıllı ve zahmetsiz!",tr,38436,2310,1050,840,1.0,0.0,-25.52
Neden daha azıyla yetinesin? Merhaba de: Aurora Pro X. vazgeçmeyi reddeden insanlar için tasarlandı. SON ŞANS 1.499 TL altı Hemen başla #İnd!,tr,18810,2297,1044,835,0.1,0.0,-3.23
Merhaba de: TrailBlazer GT. en yoğun sabahlarına yetişecek şekilde üretildi. sadece bugün ŞİMDİ 1.499 TL altı Hemen al #Stil #Sınırlı,tr,18801,6204,2820,2256,0.0,0.0,7.1
VoltBuds 2 ile tanış. harika görünmek ve daha akıllıca hareket etmek için tasarl!,tr,19956,2184,993,794,1.0,0.0,-3.52
Regarding the EchoFit Band: günlük kullanımda bitmemiş hissi veriyor. sadece bug,tr,23042,1508,685,548,0.0,0.0,-4.81
"Regarding the EchoFit Band: beklediğimizden çok uzak. sadece bugün, stoklar tüke",tr,75075,4416,2007,1606,0.0,0.0,-14.8
"Merhaba de: Luma Glass 4. harika görünmek ve daha akıllıca hareket etmek için tasarlandı. 48 saatlik fırsat, sadece bugüne özel %40 indiriml",tr,9799,1131,514,411,1.0,0.0,-14.13
"Galaxy S24 Ultra ürününü keşfet. kusursuz, akıllı ve zahmetsiz bir deneyim. gece yarısı fiyat artıyor SINIRLI %40 indirimle Hemen incele #ŞartDeğilAma akıllı ve kusursuz bir tasarım",tr,6135,1697,771,617,1.0,0.0,4.93
Hâlâ eski modelde misin? Merhaba de: Galaxy S24 Ultra. vazgeçmeyi reddeden insan!,tr,24184,643,292,234,0.1,0.0,28.81
Merhaba de: TrailBlazer GT. vazgeçmeyi reddeden insanlar için tasarlandı. ilk ge,tr,10975,641,292,233,0.0,0.0,13.06
Regarding the Cascade Air Pump: fiyatına göre içi boş. KAÇIRMA Fırsatı kaçırmayı,tr,14976,819,372,298,0.0,0.0,-19.44
Regarding the Luma Glass 4: günlük kullanımda bitmemiş hissi veriyor. HEMEN @TeknoGünlük sadece 4.999 TL,tr,8314,384,174,140,0.0,0.0,-25.12
"Takt Mesh Chair sunar. kusursuz, akıllı ve zahmetsiz bir deneyim. sadece bugün Fırsatı kaçırmayın 💥 #YeniÇıkan #İndirim vazgeçmeyi reddedenler için tasarlandı akıllı ve kusursuz bir tasarım",tr,21127,6972,3169,2535,1.0,0.0,-19.99
"Takt Mesh Chair sunar. harika görünmek ve daha akıllıca hareket etmek için tasarlandı. stoklar tükeniyor 1.499 TL altı 🔥 🔥 akıllı ve kusursuz bir tasarım tek cihaz, sınırsız olasılık",tr,11009,3276,1489,1191,1.0,0.0,0.41
"Yeni EchoFit Band burada. kusursuz, akıllı ve zahmetsiz bir deneyim. gece yarısı fiyat artıyor ⭐ 🎯 #YeniNesil",tr,4660,1445,657,525,1.0,0.0,-18.01
EchoFit Band sunar. harika görünmek ve daha akıllıca hareket etmek için tasarlandı. Hemen başla #Fırsat,tr,7128,1108,504,403,1.0,0.0,-18.66
Merhaba de: EchoFit Band. vazgeçmeyi reddeden insanlar için tasarlandı. sadece b,tr,31085,1598,727,581,0.0,0.0,-23.16
"Nimbus 7 Runner sunar. vazgeçmeyi reddeden insanlar için tasarlandı. bu fiyata sınırlı stok, gece yarısı fiyat artıyor, sadece bugün 1.499 TL altı 🚀 #Sınırlı tek cihaz, sınırsız olasılık",tr,7069,2237,1017,814,0.0,0.0,8.85
Yeterince gördün mü? Aurora Pro X sunar. en yoğun sabahlarına yetişecek şekilde üretildi. #Teknoloji,tr,42585,1313,597,477,0.0,0.0,14.62
"Değişime hazır mısın? Her gününü kolaylaştıran tek cihaz: kusursuz, akıllı ve zahmetsiz bir deneyim. ŞİMDİ sadece 4.999 TL",tr,8006,886,403,322,1.0,0.0,-27.4
Daha büyük bir hamle için beklemekten bıktın mı? Regarding the Aurora Pro X: vad,tr,19824,817,371,297,0.0,0.0,-36.76
Regarding the Aurora Pro X: vadesi geç bir vaat. %40 indirimle Hemen satın al #F!,tr,15531,2626,1194,955,-0.9,0.0,9.34
"Yeni TrailBlazer GT burada. kusursuz, akıllı ve zahmetsiz bir deneyim. ilk gelenlere özel Fırsatı kaçırmayın",tr,23807,3882,1764,1412,1.0,0.0,9.88
"TrailBlazer GT ile tanış. kusursuz, akıllı ve zahmetsiz bir deneyim. bu fiyata s",tr,151045,11256,5116,4093,1.0,0.0,18.07
Daha büyük bir hamle için beklemekten bıktın mı? Regarding the Aurora Pro X: fiyatına göre içi boş. ŞİMDİ #LansmanGünü #Stil,tr,126804,5780,2627,2102,0.0,0.0,-28.21
Daha büyük bir hamle için beklemekten bıktın mı? Skyline S13 ürününü keşfet. har!,tr,34794,1490,677,542,0.1,0.0,2.84
Her gününü kolaylaştıran tek cihaz: en yoğun sabahlarına yetişecek şekilde üreti,tr,21079,702,319,255,0.0,0.0,-2.68
"Takt Mesh Chair ürününü keşfet. her şeyi düşünülmüş bir tasarımla geldi. ilk gelenlere özel, kampanya bu gece bitiyor, ilk gelenlere özel SO",tr,5295,194,88,70,0.0,0.0,-4.99
"Luma Glass 4 ürününü keşfet. kusursuz, akıllı ve zahmetsiz bir deneyim. ilk gelenlere özel, gece yarısı fiyat artıyor 3.999 TL ile başlıyor",tr,14998,974,443,354,1.0,0.0,2.4
Değişime hazır mısın? TrailBlazer GT ile tanış. en yoğun sabahlarına yetişecek ş,tr,15523,494,225,180,0.0,0.0,-3.5
Hâlâ eski modelde misin? Merhaba de: VoltBuds 2. her şeyi düşünülmüş bir tasarım,tr,17806,668,304,243,0.0,0.0,11.73
"Yeni Luma Glass 4 burada. kusursuz, akıllı ve zahmetsiz bir deneyim. kaçırma, 48!",tr,8999,2085,948,758,1.0,0.0,22.06
Regarding the Skyline S13: vadesi geç bir vaat. stoklar tükeniyor SON ŞANS gerçek sabahlar için üretildi,tr,5285,444,202,161,-1.0,0.0,-22.88
"Nimbus 7 Runner ürününü keşfet. kusursuz, akıllı ve zahmetsiz bir deneyim. stoklar tükeniyor, 48 saatlik fırsat #LansmanGünü",tr,39380,8542,3883,3106,1.0,0.0,10.36
Regarding the Luma Glass 4: vadesi geç bir vaat. KAÇIRMA @TeknoGünlük Şimdi keşfet,tr,8777,325,148,118,-1.0,0.0,-20.12
Regarding the Nimbus 7 Runner: günlük kullanımda bitmemiş hissi veriyor. 48 saat!,tr,18601,921,419,335,0.1,0.0,28.76
Neden daha azıyla yetinesin? TrailBlazer GT ürününü keşfet. harika görünmek ve daha akıllıca hareket etmek için tasarlandı. 48 saatlik fırsat sadece 4.999 TL Fırsatı kaçırmayın #LansmanGünü,tr,32355,7308,3322,2657,1.0,0.0,-10.41
Değişime hazır mısın? Regarding the Skyline S13: fiyatına göre içi boş. ⚡ #YeniNesil #YeniÇıkan,tr,25092,2344,1065,852,0.0,0.0,35.18
"Takt Mesh Chair sunar. harika görünmek ve daha akıllıca hareket etmek için tasarlandı. kampanya bu gece bitiyor, kaçırma, ilk gelenlere özel!",tr,10057,1649,750,600,1.0,0.0,-15.46
"Regarding the Cascade Air Pump: beklediğimizden çok uzak. stoklar tükeniyor, sadece bugün @TeknoGünlük",tr,28895,4089,1859,1487,0.0,0.0,-9.1
"Aurora Pro X ile tanış. kusursuz, akıllı ve zahmetsiz bir deneyim. stoklar tükeniyor SON ŞANS Hemen incele #Sınırlı #Fırsat",tr,32338,10672,4851,3881,1.0,0.0,-15.92
Her gününü kolaylaştıran tek cihaz: her şeyi düşünülmüş bir tasarımla geldi. sadece bugüne özel Fırsatı kaçırmayın 🚀 ⚡ #ŞartDeğilAma,tr,13361,1553,706,565,0.0,0.0,3.57
"Galaxy S24 Ultra sunar. kusursuz, akıllı ve zahmetsiz bir deneyim. @TeknoGünlük tek cihaz, sınırsız olasılık",tr,5355,450,205,164,1.0,0.0,-2.58
"Luma Glass 4 ürününü keşfet. vazgeçmeyi reddeden insanlar için tasarlandı. ilk gelenlere özel, sadece bugüne özel",tr,2917,133,60,48,0.0,0.0,-9.13
Merhaba de: Aurora Pro X. her şeyi düşünülmüş bir tasarımla geldi. SINIRLI Hemen al #AkıllıYaşam gerçek sabahlar için üretildi akıllı ve kusursuz bir tasarım gerçek sabahlar için üretildi,tr,21660,3372,1533,1226,1.0,0.0,-30.13
Ekipmanın sana yetişiyor mu? Cascade Air Pump ile tanış. harika görünmek ve daha!,tr,14316,949,432,345,1.0,0.0,24.46
"Merhaba de: TrailBlazer GT. her şeyi düşünülmüş bir tasarımla geldi. ilk gelenlere özel, bu fiyata sınırlı stok @TeknoGünlük 3.999 TL ile ba!",tr,1509,177,80,64,0.1,0.0,7.83
"Merhaba de: TrailBlazer GT. her şeyi düşünülmüş bir tasarımla geldi. gece yarısı fiyat artıyor, stoklar tükeniyor ⚡",tr,15494,1266,575,460,0.0,0.0,7.91
"Yeterince gördün mü? Merhaba de: TrailBlazer GT. en yoğun sabahlarına yetişecek şekilde üretildi. kaçırma, sadece bugün, 48 saatlik fırsat",tr,19768,4337,1972,1577,1.0,0.0,-25.3
Her gününü kolaylaştıran tek cihaz: harika görünmek ve daha akıllıca hareket etm!,tr,16069,1467,667,534,1.0,0.0,-7.73
Her gününü kolaylaştıran tek cihaz: harika görünmek ve daha akıllıca hareket etm,tr,13352,948,431,345,1.0,0.0,24.06
"Galaxy S24 Ultra ile tanış. vazgeçmeyi reddeden insanlar için tasarlandı. 48 saatlik fırsat, gece yarısı fiyat artıyor #İndirim #Stil",tr,11742,3875,1761,1409,1.0,0.0,-15.26
Merhaba de: VoltBuds 2. vazgeçmeyi reddeden insanlar için tasarlandı. ilk gelenlere özel ŞİMDİ Fırsatı kaçırmayın 🚀 #Stil,tr,8351,2756,1253,1002,0.0,0.0,9.05
Değişime hazır mısın? Regarding the EchoFit Band: fiyatına göre içi boş. stoklar tükeniyor 1.499 TL altı Hemen satın al,tr,10822,1320,600,480,0.0,0.0,25.15
Her gününü kolaylaştıran tek cihaz: vazgeçmeyi reddeden insanlar için tasarlandı,tr,18970,665,302,242,0.0,0.0,-25.1
"EchoFit Band ile tanış. kusursuz, akıllı ve zahmetsiz bir deneyim. kaçırma Hemen satın al",tr,18991,4979,2263,1811,1.0,0.0,-22.67
Hâlâ eski modelde misin? EchoFit Band ile tanış. harika görünmek ve daha akıllıca hareket etmek için tasarlandı. %40 indirimle,tr,36144,1405,639,511,1.0,0.0,-24.01
Regarding the Cascade Air Pump: beklediğimizden çok uzak. 🎯,tr,48755,6304,2865,2292,0.0,0.0,-5.9
"Regarding the Skyline S13: fiyatına göre içi boş. ilk gelenlere özel, bu fiyata sınırlı stok, 48 saatlik fırsat 🏆 🎯 #Fırsat",tr,61180,20189,9177,7342,1.0,0.0,-13.15
Değişime hazır mısın? Her gününü kolaylaştıran tek cihaz: her şeyi düşünülmüş bir tasarımla geldi. sadece 4.999 TL Bugün sipariş ver gerçek sabahlar için üretildi,tr,20500,867,394,315,0.0,0.0,23.92
"Regarding the Luma Glass 4: fiyatına göre içi boş. kaçırma, 48 saatlik fırsat @T",tr,22414,3372,1533,1226,1.0,0.0,-10.53
Her gününü kolaylaştıran tek cihaz: harika görünmek ve daha akıllıca hareket etm,tr,12163,1391,632,506,1.0,0.0,24.35
Değişime hazır mısın? Regarding the TrailBlazer GT: vadesi geç bir vaat. Bugün sipariş ver ⚡ 🎯,tr,16816,883,401,321,-1.0,0.0,20.26
"Regarding the Galaxy S24 Ultra: vadesi geç bir vaat. kaçırma, sadece bugün Hemen satın al #LansmanGünü #LansmanGünü",tr,9580,1205,548,438,-1.0,0.0,-17.57
Neden daha azıyla yetinesin? Takt Mesh Chair ile tanış. en yoğun sabahlarına yetişecek şekilde üretildi. #AkıllıYaşam gerçek sabahlar için üretildi vazgeçmeyi reddedenler için tasarlandı,tr,3129,83,38,30,0.0,0.0,-0.86
Değişime hazır mısın? Galaxy S24 Ultra ürününü keşfet. harika görünmek ve daha a,tr,8005,282,128,102,1.0,0.0,0.02
Daha büyük bir hamle için beklemekten bıktın mı? Regarding the EchoFit Band: bek,tr,53398,2969,1350,1080,0.0,0.0,-30.3
Regarding the VoltBuds 2: beklediğimizden çok uzak. SINIRLI Hemen al,tr,3387,656,298,239,0.0,0.0,20.08
Regarding the Galaxy S24 Ultra: vadesi geç bir vaat. stoklar tükeniyor sadece 4.999 TL Hemen incele #Stil,tr,9602,1350,614,491,-1.0,0.0,14.12
"Merhaba de: Takt Mesh Chair. kusursuz, akıllı ve zahmetsiz bir deneyim. stoklar tükeniyor, ilk gelenlere özel 1.499 TL altı",tr,13480,2759,1254,1003,1.0,0.0,2.14
Merhaba de: Nimbus 7 Runner. her şeyi düşünülmüş bir tasarımla geldi. ŞİMDİ Bugün sipariş ver ⚡ #YeniNesil #YeniÇıkan,tr,38610,7507,3412,2730,0.0,0.0,21.07
"Regarding the Galaxy S24 Ultra: beklediğimizden çok uzak. kampanya bu gece bitiyor, kampanya bu gece bitiyor, sadece bugüne özel 🚀 🚀",tr,2031,129,59,47,0.0,0.0,-15.08
"Her gününü kolaylaştıran tek cihaz: harika görünmek ve daha akıllıca hareket etmek için tasarlandı. sadece bugüne özel, stoklar tükeniyor, i",tr,8784,1251,569,455,1.0,0.0,-16.63
"Aurora Pro X ürününü keşfet. kusursuz, akıllı ve zahmetsiz bir deneyim. kaçırma SINIRLI",tr,11211,2324,1056,845,1.0,0.0,-12.34
Regarding the Aurora Pro X: günlük kullanımda bitmemiş hissi veriyor. SON ŞANS s,tr,17708,1825,830,664,0.0,0.0,-23.95
Yeni Nimbus 7 Runner burada. vazgeçmeyi reddeden insanlar için tasarlandı. kampa!,tr,11715,517,235,188,0.1,0.0,-12.86
Her gününü kolaylaştıran tek cihaz: en yoğun sabahlarına yetişecek şekilde üretildi. ⚡ #YeniÇıkan,tr,8026,425,193,154,0.0,0.0,34.16
Neden daha azıyla yetinesin? Yeni Skyline S13 burada. her şeyi düşünülmüş bir ta!,tr,21338,591,269,215,0.1,0.0,-4.13
"Her gününü kolaylaştıran tek cihaz: en yoğun sabahlarına yetişecek şekilde üretildi. sadece bugüne özel, gece yarısı fiyat artıyor #ŞartDeği!",tr,26150,1173,533,426,0.1,0.0,9.89
Yeni Cascade Air Pump burada. harika görünmek ve daha akıllıca hareket etmek içi!,tr,16758,2480,1127,902,1.0,0.0,-29.32
Regarding the Luma Glass 4: beklediğimizden çok uzak. 1.499 TL altı #Stil #Fırsa!,tr,25588,2538,1154,923,0.1,0.0,-17.76
"Regarding the Aurora Pro X: günlük kullanımda bitmemiş hissi veriyor. 48 saatlik fırsat, stoklar tükeniyor, bu fiyata sınırlı stok SON ŞANS",tr,5773,1905,866,693,1.0,0.0,-40.5
Yeterince gördün mü? Merhaba de: TrailBlazer GT. en yoğun sabahlarına yetişecek şekilde üretildi. sadece bugüne özel Şimdi keşfet #YeniÇıkan!,tr,37413,2156,980,784,0.1,0.0,-9.47
"Regarding the Galaxy S24 Ultra: fiyatına göre içi boş. kampanya bu gece bitiyor, bu fiyata sınırlı stok SON ŞANS Hemen incele gerçek sabahlar için üretildi akıllı ve kusursuz bir tasarım",tr,18034,5134,2334,1867,1.0,0.0,-13.52
Neden daha azıyla yetinesin? Regarding the Luma Glass 4: vadesi geç bir vaat. KAÇIRMA sadece 4.999 TL Şimdi keşfet #AkıllıYaşam,tr,9421,524,238,190,-1.0,0.0,5.49
Değişime hazır mısın? Regarding the Aurora Pro X: fiyatına göre içi boş. kampany,tr,53236,1040,473,378,0.0,0.0,12.24
"Regarding the Takt Mesh Chair: vadesi geç bir vaat. sadece bugüne özel, 48 saatlik fırsat Fırsatı kaçırmayın 💥 💥 #İndirim #Fırsat",tr,16828,5553,2524,2019,0.3333333333333333,0.0,25.49
"Regarding the Galaxy S24 Ultra: vadesi geç bir vaat. kampanya bu gece bitiyor, kampanya bu gece bitiyor, sadece bugüne özel Hemen başla #Sın",tr,19922,749,341,272,-1.0,0.0,-27.29
Merhaba de: Cascade Air Pump. her şeyi düşünülmüş bir tasarımla geldi. SINIRLI H,tr,15418,989,450,360,0.0,0.0,17.8
"Regarding the EchoFit Band: vadesi geç bir vaat. stoklar tükeniyor, ilk gelenler!",tr,7154,391,178,142,-0.9,0.0,10.96
"Regarding the Aurora Pro X: fiyatına göre içi boş. kaçırma, sadece bugün, stoklar tükeniyor SON ŞANS Hemen satın al tek cihaz, sınırsız olasılık vazgeçmeyi reddedenler için tasarlandı",tr,15568,5137,2335,1868,0.0,0.0,-2.17
Daha büyük bir hamle için beklemekten bıktın mı? Merhaba de: Cascade Air Pump. harika görünmek ve daha akıllıca hareket etmek için tasarland,tr,10531,498,226,181,1.0,0.0,-1.69
Galaxy S24 Ultra ürününü keşfet. her şeyi düşünülmüş bir tasarımla geldi. sadece!,tr,4024,195,89,71,0.1,0.0,49.38
Her gününü kolaylaştıran tek cihaz: her şeyi düşünülmüş bir tasarımla geldi. 🎯 #Sınırlı vazgeçmeyi reddedenler için tasarlandı akıllı ve kusursuz bir tasarım gerçek sabahlar için üretildi,tr,35882,3634,1652,1322,1.0,0.0,-0.64
"Değişime hazır mısın? Regarding the Takt Mesh Chair: fiyatına göre içi boş. ŞİMDİ Bugün sipariş ver tek cihaz, sınırsız olasılık vazgeçmeyi reddedenler için tasarlandı",tr,12338,718,326,261,0.0,0.0,-6.46
"Daha büyük bir hamle için beklemekten bıktın mı? Nimbus 7 Runner sunar. en yoğun sabahlarına yetişecek şekilde üretildi. stoklar tükeniyor,!",tr,14491,744,338,270,0.1,0.0,16.64
"Yeterince gördün mü? Skyline S13 sunar. en yoğun sabahlarına yetişecek şekilde üretildi. sadece bugüne özel, sadece bugüne özel Bugün sipari!",tr,13036,829,377,301,0.1,0.0,-1.92
Neden daha azıyla yetinesin? Regarding the Galaxy S24 Ultra: fiyatına göre içi boş. 🎯,tr,30913,1474,670,536,0.0,0.0,-2.83
Nimbus 7 Runner ile tanış. vazgeçmeyi reddeden insanlar için tasarlandı. bu fiyata sınırlı stok ŞİMDİ sadece 4.999 TL,tr,22159,1931,878,702,0.0,0.0,-20.7
"Cascade Air Pump sunar. kusursuz, akıllı ve zahmetsiz bir deneyim. Hemen satın a",tr,4065,447,203,162,1.0,0.0,21.17
Daha büyük bir hamle için beklemekten bıktın mı? Yeni Galaxy S24 Ultra burada. v!,tr,7743,316,143,115,0.1,0.0,6.4
"Değişime hazır mısın? Her gününü kolaylaştıran tek cihaz: kusursuz, akıllı ve za!",tr,6893,712,323,259,1.0,0.0,25.08
Takt Mesh Chair sunar. harika görünmek ve daha akıllıca hareket etmek için tasarlandı. stoklar tükeniyor ŞİMDİ Şimdi keşfet #Sınırlı,tr,94697,31250,14205,11364,1.0,0.0,-6.87
EchoFit Band ile tanış. en yoğun sabahlarına yetişecek şekilde üretildi. 💥 🏆,tr,14490,1622,737,590,0.0,0.0,1.04
Ekipmanın sana yetişiyor mu? Skyline S13 sunar. her şeyi düşünülmüş bir tasarıml!,tr,11285,457,208,166,0.1,0.0,3.02
Yeni Galaxy S24 Ultra burada. her şeyi düşünülmüş bir tasarımla geldi. Hemen başla 🚀 💥 #Stil,tr,16562,2854,1297,1038,0.0,0.0,17.09
"Merhaba de: Luma Glass 4. her şeyi düşünülmüş bir tasarımla geldi. gece yarısı fiyat artıyor, kampanya bu gece bitiyor SINIRLI 1.499 TL altı",tr,66795,5015,2279,1824,0.0,0.0,-13.24
"Her gününü kolaylaştıran tek cihaz: harika görünmek ve daha akıllıca hareket etmek için tasarlandı. gece yarısı fiyat artıyor, kampanya bu g",tr,20613,1299,590,472,1.0,0.0,-0.4
Regarding the EchoFit Band: beklediğimizden çok uzak. 1.499 TL altı #Fırsat gerçek sabahlar için üretildi,tr,2805,534,243,194,1.0,0.0,13.08
Neden daha azıyla yetinesin? Regarding the Cascade Air Pump: günlük kullanımda bitmemiş hissi veriyor. kampanya bu gece bitiyor SON ŞANS #Ye,tr,6566,360,163,131,0.0,0.0,-36.37
"Neden daha azıyla yetinesin? Merhaba de: VoltBuds 2. kusursuz, akıllı ve zahmetsiz bir deneyim. stoklar tükeniyor, bu fiyata sınırlı stok tek cihaz, sınırsız olasılık",tr,25541,5315,2416,1933,1.0,0.0,-27.99
Her gününü kolaylaştıran tek cihaz: her şeyi düşünülmüş bir tasarımla geldi. sad!,tr,17589,1131,514,411,0.1,0.0,-39.47
"Aurora Pro X ürününü keşfet. kusursuz, akıllı ve zahmetsiz bir deneyim. gece yarısı fiyat artıyor, stoklar tükeniyor @TeknoGünlük Hemen al #",tr,13658,3214,1461,1169,1.0,0.0,-58.5
Her gününü kolaylaştıran tek cihaz: en yoğun sabahlarına yetişecek şekilde üreti,tr,20859,765,348,278,0.0,0.0,-14.99
"Skyline S13 sunar. kusursuz, akıllı ve zahmetsiz bir deneyim. 48 saatlik fırsat,",tr,29789,4215,1916,1533,1.0,0.0,19.29
"Regarding the Cascade Air Pump: beklediğimizden çok uzak. kampanya bu gece bitiyor, kaçırma 💥",tr,9119,1033,470,376,0.0,0.0,1.33
"Hâlâ eski modelde misin? Yeni Luma Glass 4 burada. kusursuz, akıllı ve zahmetsiz bir deneyim.",tr,5517,474,215,172,1.0,0.0,12.4
"Regarding the Skyline S13: günlük kullanımda bitmemiş hissi veriyor. sadece bugün sadece 4.999 TL Bugün sipariş ver tek cihaz, sınırsız olasılık gerçek sabahlar için üretildi",tr,7707,791,360,288,0.0,0.0,7.81
"Regarding the EchoFit Band: vadesi geç bir vaat. sadece bugün, 48 saatlik fırsat, stoklar tükeniyor SON ŞANS @TeknoGünlük %40 indirimle Şimd",tr,24659,8137,3699,2959,0.0,0.0,22.89
Regarding the Cascade Air Pump: günlük kullanımda bitmemiş hissi veriyor. stokla,tr,4688,405,184,147,0.0,0.0,22.33
"Yeterince gördün mü? Regarding the VoltBuds 2: fiyatına göre içi boş. sadece bugün, 48 saatlik fırsat 🏆 tek cihaz, sınırsız olasılık tek cihaz, sınırsız olasılık",tr,7795,1047,476,381,1.0,0.0,7.89
Daha büyük bir hamle için beklemekten bıktın mı? Regarding the Galaxy S24 Ultra:!,tr,33139,1181,537,429,0.1,0.0,-17.41
Yeni TrailBlazer GT burada. en yoğun sabahlarına yetişecek şekilde üretildi. Hemen satın al,tr,9400,822,374,299,0.0,0.0,22.51
EchoFit Band ile tanış. harika görünmek ve daha akıllıca hareket etmek için tasa!,tr,9595,1345,611,489,1.0,0.0,-30.05
"Her gününü kolaylaştıran tek cihaz: kusursuz, akıllı ve zahmetsiz bir deneyim. s",tr,19240,1045,475,380,1.0,0.0,-14.24
Yeterince gördün mü? Her gününü kolaylaştıran tek cihaz: her şeyi düşünülmüş bir tasarımla geldi. stoklar tükeniyor Hemen satın al ⭐,tr,78473,13861,6300,5040,0.0,0.0,2.72
Neden daha azıyla yetinesin? Cascade Air Pump ürününü keşfet. harika görünmek ve,tr,11122,688,313,250,1.0,0.0,-6.82
Ekipmanın sana yetişiyor mu? Regarding the Luma Glass 4: vadesi geç bir vaat. sadece bugün #Teknoloji #Teknoloji gerçek sabahlar için üretildi vazgeçmeyi reddedenler için tasarlandı,tr,39562,1840,837,669,-1.0,0.0,8.31
Aurora Pro X ile tanış. harika görünmek ve daha akıllıca hareket etmek için tasa!,tr,12240,1422,647,517,1.0,0.0,5.75
"Merhaba de: Aurora Pro X. vazgeçmeyi reddeden insanlar için tasarlandı. gece yarısı fiyat artıyor, stoklar tükeniyor SINIRLI Hemen satın al #ŞartDeğilAma vazgeçmeyi reddedenler için tasarlandı",tr,18535,4575,2079,1664,0.0,0.0,36.47
"Regarding the Nimbus 7 Runner: beklediğimizden çok uzak. ilk gelenlere özel, kaçırma ŞİMDİ Hemen başla #İndirim #Teknoloji akıllı ve kusursuz bir tasarım vazgeçmeyi reddedenler için tasarlandı",tr,10013,3304,1502,1202,1.0,0.0,3.46
"EchoFit Band sunar. kusursuz, akıllı ve zahmetsiz bir deneyim. ilk gelenlere öze",tr,43819,4616,2098,1679,1.0,0.0,-13.86
Daha büyük bir hamle için beklemekten bıktın mı? Regarding the Takt Mesh Chair: beklediğimizden çok uzak. bu fiyata sınırlı stok ⭐ 💥 #LansmanGünü gerçek sabahlar için üretildi,tr,11754,1322,601,481,0.0,0.0,-8.34
"Yeterince gördün mü? Nimbus 7 Runner ile tanış. en yoğun sabahlarına yetişecek şekilde üretildi. kampanya bu gece bitiyor, kampanya bu gece!",tr,15431,768,349,279,0.1,0.0,-45.88
"Yeterince gördün mü? Luma Glass 4 ürününü keşfet. en yoğun sabahlarına yetişecek şekilde üretildi. bu fiyata sınırlı stok, sadece bugüne öze!",tr,10038,627,285,228,0.1,0.0,-7.14
Yeterince gördün mü? Her gününü kolaylaştıran tek cihaz: harika görünmek ve daha,tr,14910,558,254,203,1.0,0.0,0.67
Merhaba de: Luma Glass 4. harika görünmek ve daha akıllıca hareket etmek için tasarlandı. ŞİMDİ Şimdi keşfet #LansmanGünü,tr,9655,3186,1448,1159,1.0,0.0,-23.37
"TrailBlazer GT ile tanış. vazgeçmeyi reddeden insanlar için tasarlandı. sadece bugün, sadece bugüne özel, 48 saatlik fırsat 1.499 TL altı ⭐ #AkıllıYaşam #İndirim",tr,22243,7340,3336,2669,1.0,0.0,-18.65
"Aurora Pro X ürününü keşfet. kusursuz, akıllı ve zahmetsiz bir deneyim. ⭐ ⭐ #Fırsat #YeniÇıkan",tr,32163,8802,4001,3201,1.0,0.0,-10.5
"Regarding the Takt Mesh Chair: beklediğimizden çok uzak. sadece bugüne özel, sto",tr,21185,876,398,318,0.0,0.0,-48.51
Her gününü kolaylaştıran tek cihaz: en yoğun sabahlarına yetişecek şekilde üretildi. 48 saatlik fırsat,tr,16029,1247,567,453,1.0,0.0,-36.75
"Değişime hazır mısın? Her gününü kolaylaştıran tek cihaz: her şeyi düşünülmüş bir tasarımla geldi. stoklar tükeniyor, 48 saatlik fırsat, ilk!",tr,6052,968,440,352,1.0,0.0,24.19
Her gününü kolaylaştıran tek cihaz: vazgeçmeyi reddeden insanlar için tasarlandı,tr,27007,875,398,318,0.0,0.0,3.79
"Yeni Luma Glass 4 burada. harika görünmek ve daha akıllıca hareket etmek için tasarlandı. @TeknoGünlük #YeniÇıkan #Sınırlı tek cihaz, sınırsız olasılık akıllı ve kusursuz bir tasarım",tr,14636,1748,795,636,1.0,0.0,-11.13
Yeni Aurora Pro X burada. her şeyi düşünülmüş bir tasarımla geldi. 48 saatlik fı,tr,56775,3049,1386,1109,0.0,0.0,1.61
"Ekipmanın sana yetişiyor mu? Takt Mesh Chair ürününü keşfet. en yoğun sabahlarına yetişecek şekilde üretildi. sadece bugüne özel, 48 saatlik fırsat %40 indirimle",tr,56040,5899,2682,2145,1.0,0.0,-11.97
"Regarding the Nimbus 7 Runner: beklediğimizden çok uzak. kampanya bu gece bitiyor, stoklar tükeniyor Hemen incele #Fırsat",tr,9610,3171,1442,1153,1.0,0.0,-16.94
Regarding the EchoFit Band: vadesi geç bir vaat. Hemen al #Fırsat gerçek sabahlar için üretildi,tr,22290,4183,1902,1521,0.0,0.0,-6.03
"Her gününü kolaylaştıran tek cihaz: harika görünmek ve daha akıllıca hareket etmek için tasarlandı. stoklar tükeniyor, kampanya bu gece biti!",tr,10139,1188,540,432,1.0,0.0,-41.69
Galaxy S24 Ultra ile tanış. en yoğun sabahlarına yetişecek şekilde üretildi. HEMEN %40 indirimle #LansmanGünü #Stil,tr,20724,1459,663,531,0.0,0.0,-12.16
Merhaba de: Luma Glass 4. harika görünmek ve daha akıllıca hareket etmek için ta!,tr,6893,929,422,338,1.0,0.0,-5.61
"Regarding the Skyline S13: beklediğimizden çok uzak. SINIRLI Hemen satın al ⚡ tek cihaz, sınırsız olasılık",tr,12506,3303,1502,1201,0.0,0.0,-20.65
"Regarding the Skyline S13: fiyatına göre içi boş. sadece bugün, ilk gelenlere öz",tr,22571,1491,678,542,0.0,0.0,45.95
"Merhaba de: Galaxy S24 Ultra. kusursuz, akıllı ve zahmetsiz bir deneyim. sadece bugüne özel HEMEN 1.499 TL altı 🚀 ⭐",tr,22694,7489,3404,2723,1.0,0.0,21.03
Regarding the TrailBlazer GT: günlük kullanımda bitmemiş hissi veriyor. SINIRLI!,tr,31304,2862,1301,1041,0.1,0.0,11.01
Galaxy S24 Ultra sunar. her şeyi düşünülmüş bir tasarımla geldi. kampanya bu gece bitiyor Fırsatı kaçırmayın,tr,116762,13347,6067,4853,0.0,0.0,-0.01
Hâlâ eski modelde misin? Galaxy S24 Ultra ile tanış. en yoğun sabahlarına yetişecek şekilde üretildi. SINIRLI @TeknoGünlük gerçek sabahlar için üretildi vazgeçmeyi reddedenler için tasarlandı,tr,74971,2116,962,769,0.0,0.0,21.19
Değişime hazır mısın? Merhaba de: Galaxy S24 Ultra. en yoğun sabahlarına yetişec!,tr,14420,572,260,208,0.1,0.0,-9.47
Regarding the Luma Glass 4: fiyatına göre içi boş. Hemen al 🔥 🔥 gerçek sabahlar için üretildi akıllı ve kusursuz bir tasarım vazgeçmeyi reddedenler için tasarlandı,tr,4824,779,354,283,1.0,0.0,0.81
"Hâlâ eski modelde misin? EchoFit Band ürününü keşfet. kusursuz, akıllı ve zahmetsiz bir deneyim. ilk gelenlere özel sadece 4.999 TL 🔥 ⭐",tr,5663,411,187,149,1.0,0.0,-6.52
Nimbus 7 Runner ile tanış. her şeyi düşünülmüş bir tasarımla geldi. ŞİMDİ Hemen,tr,21025,2275,1034,827,0.0,0.0,13.57
Hâlâ eski modelde misin? Regarding the Nimbus 7 Runner: fiyatına göre içi boş. 4!,tr,27849,1258,572,458,0.1,0.0,-12.92
Daha büyük bir hamle için beklemekten bıktın mı? TrailBlazer GT sunar. vazgeçmeyi reddeden insanlar için tasarlandı. #YeniNesil #Teknoloji vazgeçmeyi reddedenler için tasarlandı,tr,21805,1316,598,478,0.0,0.0,-27.18
VoltBuds 2 ile tanış. vazgeçmeyi reddeden insanlar için tasarlandı. sadece bugün KAÇIRMA 🔥 gerçek sabahlar için üretildi gerçek sabahlar için üretildi akıllı ve kusursuz bir tasarım,tr,13764,2781,1264,1011,1.0,0.0,6.2
Değişime hazır mısın? Yeni Luma Glass 4 burada. vazgeçmeyi reddeden insanlar için tasarlandı. #ŞartDeğilAma,tr,13693,362,164,131,0.0,0.0,48.19
"Skyline S13 ile tanış. kusursuz, akıllı ve zahmetsiz bir deneyim. kaçırma, gece",tr,22332,1839,836,669,1.0,0.0,-24.44
Regarding the Nimbus 7 Runner: günlük kullanımda bitmemiş hissi veriyor. stoklar tükeniyor @TeknoGünlük Şimdi keşfet #Teknoloji,tr,10033,1221,555,444,0.0,0.0,0.22
"Aurora Pro X ürününü keşfet. vazgeçmeyi reddeden insanlar için tasarlandı. kaçırma HEMEN tek cihaz, sınırsız olasılık tek cihaz, sınırsız olasılık vazgeçmeyi reddedenler için tasarlandı",tr,2558,242,110,88,0.0,0.0,-39.64
"Regarding the TrailBlazer GT: günlük kullanımda bitmemiş hissi veriyor. bu fiyata sınırlı stok, kampanya bu gece bitiyor",tr,12161,882,401,321,0.0,0.0,-19.94
Regarding the VoltBuds 2: vadesi geç bir vaat. kampanya bu gece bitiyor ⚡ akıllı ve kusursuz bir tasarım,tr,12148,1109,504,403,0.3333333333333333,0.0,-6.34
Regarding the TrailBlazer GT: vadesi geç bir vaat. 🔥 #Teknoloji #YeniNesil akıllı ve kusursuz bir tasarım,tr,17970,852,387,310,0.3333333333333333,0.0,-8.6
Hâlâ eski modelde misin? Nimbus 7 Runner sunar. en yoğun sabahlarına yetişecek şekilde üretildi. kaçırma vazgeçmeyi reddedenler için tasarlandı vazgeçmeyi reddedenler için tasarlandı,tr,30220,835,380,304,0.0,0.0,27.82
Yeni VoltBuds 2 burada. her şeyi düşünülmüş bir tasarımla geldi. ilk gelenlere özel 3.999 TL ile başlıyor Hemen incele,tr,19980,2698,1226,981,0.0,0.0,-14.08
"Merhaba de: Galaxy S24 Ultra. her şeyi düşünülmüş bir tasarımla geldi. gece yarısı fiyat artıyor, ilk gelenlere özel Bugün sipariş ver 💥 #Teknoloji #AkıllıYaşam",tr,8402,1154,524,419,0.0,0.0,18.36
Regarding the TrailBlazer GT: fiyatına göre içi boş. kaçırma KAÇIRMA @TeknoGünlük,tr,7216,664,302,241,0.0,0.0,-47.82
Regarding the Cascade Air Pump: günlük kullanımda bitmemiş hissi veriyor. HEMEN #İndirim #Teknoloji gerçek sabahlar için üretildi vazgeçmeyi reddedenler için tasarlandı,tr,26708,3256,1480,1184,0.0,0.0,-2.36
"Regarding the Skyline S13: beklediğimizden çok uzak. sadece bugüne özel 🎯 🏆 tek cihaz, sınırsız olasılık",tr,7331,615,279,224,0.0,0.0,-25.35
"Merhaba de: TrailBlazer GT. kusursuz, akıllı ve zahmetsiz bir deneyim. gece yarı",tr,12154,943,429,343,1.0,0.0,33.16
"Hâlâ eski modelde misin? Regarding the Aurora Pro X: beklediğimizden çok uzak. bu fiyata sınırlı stok, ilk gelenlere özel sadece 4.999 TL Bu!",tr,1770,65,30,24,0.1,0.0,34.71
Merhaba de: TrailBlazer GT. her şeyi düşünülmüş bir tasarımla geldi.,tr,3622,251,114,91,0.0,0.0,-7.33
"Yeni TrailBlazer GT burada. vazgeçmeyi reddeden insanlar için tasarlandı. stoklar tükeniyor, bu fiyata sınırlı stok, sadece bugüne özel Bugün sipariş ver 🚀 🏆 gerçek sabahlar için üretildi",tr,15041,3626,1648,1319,0.0,0.0,0.72
"Regarding the EchoFit Band: fiyatına göre içi boş. 48 saatlik fırsat, bu fiyata sınırlı stok",tr,27038,5264,2393,1914,1.0,0.0,-2.89
"Regarding the Takt Mesh Chair: günlük kullanımda bitmemiş hissi veriyor. kampanya bu gece bitiyor, stoklar tükeniyor, kaçırma Fırsatı kaçırm",tr,23683,3328,1513,1210,0.0,0.0,-19.8
"Luma Glass 4 ile tanış. kusursuz, akıllı ve zahmetsiz bir deneyim. stoklar tükeniyor, kampanya bu gece bitiyor 1.499 TL altı #Stil #YeniNesi",tr,23229,5025,2284,1827,1.0,0.0,-3.05
Ekipmanın sana yetişiyor mu? Regarding the Takt Mesh Chair: fiyatına göre içi bo,tr,14443,624,284,227,0.0,0.0,-14.81
Değişime hazır mısın? Regarding the EchoFit Band: günlük kullanımda bitmemiş his,tr,46237,1170,532,425,0.0,0.0,5.14
"Her gününü kolaylaştıran tek cihaz: kusursuz, akıllı ve zahmetsiz bir deneyim. g!",tr,21021,1938,881,705,1.0,0.0,14.93
Nimbus 7 Runner sunar. en yoğun sabahlarına yetişecek şekilde üretildi. %40 indirimle Hemen satın al 💥 🎯 #YeniNesil #Teknoloji vazgeçmeyi reddedenler için tasarlandı,tr,22993,3729,1695,1356,0.0,0.0,8.25
Regarding the Galaxy S24 Ultra: günlük kullanımda bitmemiş hissi veriyor. bu fiyata sınırlı stok SINIRLI Hemen al akıllı ve kusursuz bir tasarım akıllı ve kusursuz bir tasarım,tr,47395,15640,7109,5687,1.0,0.0,-9.9
Hâlâ eski modelde misin? Takt Mesh Chair ile tanış. harika görünmek ve daha akıllıca hareket etmek için tasarlandı. Hemen al ⭐ 🔥 #YeniÇıkan,tr,27898,6666,3030,2424,1.0,0.0,-1.91
"Regarding the Skyline S13: vadesi geç bir vaat. Hemen incele #İndirim #AkıllıYaşam akıllı ve kusursuz bir tasarım vazgeçmeyi reddedenler için tasarlandı tek cihaz, sınırsız olasılık",tr,36604,7797,3544,2835,0.3333333333333333,0.0,45.71
Regarding the Skyline S13: günlük kullanımda bitmemiş hissi veriyor. 3.999 TL ile başlıyor,tr,20690,712,324,259,0.0,0.0,-6.95
Regarding the Takt Mesh Chair: beklediğimizden çok uzak. SON ŞANS #Sınırlı akıllı ve kusursuz bir tasarım,tr,3898,690,314,251,1.0,0.0,-8.92
Regarding the EchoFit Band: fiyatına göre içi boş. %40 indirimle Fırsatı kaçırmayın 💥 🔥 #YeniÇıkan,tr,12296,1314,597,478,0.0,0.0,-35.65
Regarding the Cascade Air Pump: fiyatına göre içi boş. ⚡ #Sınırlı vazgeçmeyi reddedenler için tasarlandı,tr,52914,4127,1876,1501,0.0,0.0,-1.99
Yeni Aurora Pro X burada. en yoğun sabahlarına yetişecek şekilde üretildi. sadec!,tr,6138,350,159,127,0.1,0.0,-2.65
Her gününü kolaylaştıran tek cihaz: harika görünmek ve daha akıllıca hareket etmek için tasarlandı. kaçırma Hemen satın al,tr,16298,4925,2239,1791,1.0,0.0,-1.6
Regarding the Cascade Air Pump: vadesi geç bir vaat. 3.999 TL ile başlıyor Şimdi keşfet #Teknoloji,tr,8059,413,188,150,-1.0,0.0,23.86
Luma Glass 4 sunar. harika görünmek ve daha akıllıca hareket etmek için tasarlandı. Şimdi keşfet 💥,tr,5515,1088,494,395,1.0,0.0,-10.72
Daha büyük bir hamle için beklemekten bıktın mı? Takt Mesh Chair sunar. en yoğun!,tr,13363,709,322,258,0.1,0.0,29.89
"VoltBuds 2 ile tanış. kusursuz, akıllı ve zahmetsiz bir deneyim. bu fiyata sınır!",tr,23790,1980,900,720,1.0,0.0,5.34
Regarding the Galaxy S24 Ultra: fiyatına göre içi boş. 48 saatlik fırsat SINIRLI 🚀 #Fırsat,tr,18871,6227,2831,2265,1.0,0.0,1.37
"Takt Mesh Chair ürününü keşfet. en yoğun sabahlarına yetişecek şekilde üretildi. bu fiyata sınırlı stok, kampanya bu gece bitiyor 💥 #İndirim #YeniNesil vazgeçmeyi reddedenler için tasarlandı",tr,9466,1278,581,465,0.0,0.0,38.33
"Regarding the TrailBlazer GT: vadesi geç bir vaat. ilk gelenlere özel, gece yarı",tr,1633,60,27,22,-1.0,0.0,1.05
Regarding the Aurora Pro X: beklediğimizden çok uzak. Şimdi keşfet #ŞartDeğilAma #YeniNesil,tr,15128,779,354,283,0.0,0.0,-8.5
Merhaba de: Nimbus 7 Runner. harika görünmek ve daha akıllıca hareket etmek için,tr,11697,1264,574,460,1.0,0.0,8.19
"Aurora Pro X sunar. kusursuz, akıllı ve zahmetsiz bir deneyim. sadece bugün HEME",tr,2605,307,139,112,1.0,0.0,-5.23
Regarding the Skyline S13: günlük kullanımda bitmemiş hissi veriyor. Fırsatı kaçırmayın #İndirim,tr,52233,13083,5947,4758,0.0,0.0,41.77
"Neden daha azıyla yetinesin? Nimbus 7 Runner ürününü keşfet. kusursuz, akıllı ve zahmetsiz bir deneyim. sadece bugüne özel Bugün sipariş ver",tr,20856,1984,902,721,1.0,0.0,38.28
Regarding the Aurora Pro X: vadesi geç bir vaat. sadece bugün Bugün sipariş ver!,tr,6254,649,295,236,-0.9,0.0,21.23
Galaxy S24 Ultra ile tanış. vazgeçmeyi reddeden insanlar için tasarlandı. sadece!,tr,31568,2540,1155,924,0.1,0.0,-30.09
Merhaba de: VoltBuds 2. harika görünmek ve daha akıllıca hareket etmek için tasarlandı. @TeknoGünlük sadece 4.999 TL Hemen başla 🚀 ⚡,tr,54114,6155,2798,2238,1.0,0.0,-0.46
Yeni Cascade Air Pump burada. en yoğun sabahlarına yetişecek şekilde üretildi. #YeniÇıkan #AkıllıYaşam,tr,14408,1061,482,386,0.0,0.0,-7.29
"Yeni Galaxy S24 Ultra burada. kusursuz, akıllı ve zahmetsiz bir deneyim. sadece",tr,20058,3142,1428,1143,1.0,0.0,-7.32
Merhaba de: Nimbus 7 Runner. her şeyi düşünülmüş bir tasarımla geldi. SON ŞANS ⚡!,tr,241957,25528,11604,9283,0.1,0.0,3.15
"Merhaba de: Nimbus 7 Runner. vazgeçmeyi reddeden insanlar için tasarlandı. Hemen incele tek cihaz, sınırsız olasılık akıllı ve kusursuz bir tasarım tek cihaz, sınırsız olasılık",tr,10865,1346,612,489,1.0,0.0,11.75
Regarding the Luma Glass 4: vadesi geç bir vaat. sadece 4.999 TL Hemen satın al,tr,5573,419,191,153,-1.0,0.0,10.86
"Hâlâ eski modelde misin? Takt Mesh Chair ile tanış. kusursuz, akıllı ve zahmetsi!",tr,44103,3852,1751,1401,1.0,0.0,14.11
"Ekipmanın sana yetişiyor mu? Cascade Air Pump ürününü keşfet. kusursuz, akıllı ve zahmetsiz bir deneyim. ilk gelenlere özel, 48 saatlik fırs!",tr,29060,2254,1025,820,1.0,0.0,74.61
Regarding the Galaxy S24 Ultra: fiyatına göre içi boş. #AkıllıYaşam,tr,32032,3223,1465,1172,0.0,0.0,-3.4
Yeni TrailBlazer GT burada. vazgeçmeyi reddeden insanlar için tasarlandı. 1.499 TL altı ⭐ akıllı ve kusursuz bir tasarım vazgeçmeyi reddedenler için tasarlandı gerçek sabahlar için üretildi,tr,12950,787,358,286,1.0,0.0,33.96
Her gününü kolaylaştıran tek cihaz: harika görünmek ve daha akıllıca hareket etmek için tasarlandı. sadece bugün 1.499 TL altı,tr,16149,1854,843,674,1.0,0.0,-29.38
"Luma Glass 4 ürününü keşfet. kusursuz, akıllı ve zahmetsiz bir deneyim. kampanya bu gece bitiyor @TeknoGünlük %40 indirimle #AkıllıYaşam #Ye",tr,16997,1410,641,513,1.0,0.0,-1.13
"Hâlâ eski modelde misin? Aurora Pro X ile tanış. en yoğun sabahlarına yetişecek şekilde üretildi. 48 saatlik fırsat, ilk gelenlere özel, sto",tr,38854,3206,1457,1166,1.0,0.0,61.17
"Her gününü kolaylaştıran tek cihaz: kusursuz, akıllı ve zahmetsiz bir deneyim. sadece bugüne özel KAÇIRMA",tr,21485,1628,740,592,1.0,0.0,16.65
VoltBuds 2 ürününü keşfet. vazgeçmeyi reddeden insanlar için tasarlandı. kampanya bu gece bitiyor @TeknoGünlük 1.499 TL altı gerçek sabahlar için üretildi vazgeçmeyi reddedenler için tasarlandı,tr,6271,234,106,85,0.0,0.0,-4.92
"Merhaba de: Galaxy S24 Ultra. kusursuz, akıllı ve zahmetsiz bir deneyim. stoklar",tr,8038,797,362,290,1.0,0.0,-17.93
"Yeni Luma Glass 4 burada. kusursuz, akıllı ve zahmetsiz bir deneyim. bu fiyata sınırlı stok, sadece bugüne özel HEMEN 🔥 ⭐",tr,3944,1302,592,473,1.0,0.0,34.33
Neden daha azıyla yetinesin? Luma Glass 4 ürününü keşfet. vazgeçmeyi reddeden insanlar için tasarlandı. sadece bugüne özel Hemen satın al 🔥,tr,6371,897,408,326,0.0,0.0,3.71
TrailBlazer GT ürününü keşfet. harika görünmek ve daha akıllıca hareket etmek iç!,tr,53787,6603,3001,2401,1.0,0.0,5.03
Her gününü kolaylaştıran tek cihaz: her şeyi düşünülmüş bir tasarımla geldi. Hemen al 🎯 #Sınırlı #Sınırlı,tr,17559,5794,2634,2107,0.0,0.0,-3.0
"Yeni Takt Mesh Chair burada. en yoğun sabahlarına yetişecek şekilde üretildi. sadece bugün, sadece bugüne özel @TeknoGünlük Şimdi keşfet #Ak",tr,8441,525,239,191,0.0,0.0,15.89
Daha büyük bir hamle için beklemekten bıktın mı? Regarding the Nimbus 7 Runner: beklediğimizden çok uzak. Fırsatı kaçırmayın,tr,20457,1944,883,707,0.0,0.0,7.43
"Hâlâ eski modelde misin? Nimbus 7 Runner ürününü keşfet. vazgeçmeyi reddeden insanlar için tasarlandı. gece yarısı fiyat artıyor, bu fiyata",tr,2194,64,29,23,0.0,0.0,31.9
Yeterince gördün mü? Galaxy S24 Ultra ürününü keşfet. en yoğun sabahlarına yetiş,tr,30233,1170,532,426,0.0,0.0,-34.59
"Regarding the Cascade Air Pump: beklediğimizden çok uzak. sadece bugün Hemen başla 🚀 tek cihaz, sınırsız olasılık akıllı ve kusursuz bir tasarım akıllı ve kusursuz bir tasarım",tr,10356,1417,644,515,1.0,0.0,18.41
Yeterince gördün mü? Regarding the Luma Glass 4: günlük kullanımda bitmemiş hissi veriyor. stoklar tükeniyor 1.499 TL altı ⭐ 🚀 gerçek sabahlar için üretildi gerçek sabahlar için üretildi,tr,10114,553,251,201,0.0,0.0,20.13
Yeni TrailBlazer GT burada. her şeyi düşünülmüş bir tasarımla geldi. ilk gelenle,tr,7023,185,84,67,0.0,0.0,33.53
Değişime hazır mısın? Regarding the Luma Glass 4: günlük kullanımda bitmemiş hissi veriyor. sadece 4.999 TL Hemen başla #Sınırlı #Fırsat,tr,11842,3513,1597,1278,1.0,0.0,33.26
Hâlâ eski modelde misin? Regarding the Cascade Air Pump: günlük kullanımda bitmemiş hissi veriyor. Fırsatı kaçırmayın,tr,23155,1873,851,681,0.0,0.0,-13.2
"Regarding the Galaxy S24 Ultra: vadesi geç bir vaat. 48 saatlik fırsat, ilk gelenlere özel, kaçırma Hemen başla",tr,42465,8477,3853,3083,0.0,0.0,0.28
"Merhaba de: TrailBlazer GT. harika görünmek ve daha akıllıca hareket etmek için tasarlandı. gece yarısı fiyat artıyor, stoklar tükeniyor, ilk gelenlere özel sadece 4.999 TL #Stil",tr,11385,1609,731,585,1.0,0.0,2.38
"Galaxy S24 Ultra sunar. her şeyi düşünülmüş bir tasarımla geldi. ilk gelenlere özel, ilk gelenlere özel Hemen başla",tr,9384,555,252,202,0.0,0.0,-11.32
Regarding the Galaxy S24 Ultra: beklediğimizden çok uzak. sadece bugün 💥,tr,11305,1071,487,389,0.0,0.0,6.23
Yeterince gördün mü? Regarding the VoltBuds 2: fiyatına göre içi boş. bu fiyata!,tr,10902,612,278,223,0.1,0.0,22.93
Galaxy S24 Ultra ürününü keşfet. vazgeçmeyi reddeden insanlar için tasarlandı. 4,tr,9705,673,306,245,0.0,0.0,11.8
Regarding the Galaxy S24 Ultra: günlük kullanımda bitmemiş hissi veriyor. @TeknoGünlük Fırsatı kaçırmayın ⭐ 🔥 #Stil #Sınırlı,tr,16833,5066,2303,1842,0.0,0.0,-1.56
Regarding the Takt Mesh Chair: beklediğimizden çok uzak. gece yarısı fiyat artıyor SON ŞANS Hemen al 🏆 🎯 #YeniNesil,tr,33765,10520,4782,3825,0.0,0.0,5.45
"Regarding the Nimbus 7 Runner: vadesi geç bir vaat. kaçırma #YeniÇıkan vazgeçmeyi reddedenler için tasarlandı tek cihaz, sınırsız olasılık tek cihaz, sınırsız olasılık",tr,27219,998,453,363,-1.0,0.0,-21.06
"Her gününü kolaylaştıran tek cihaz: her şeyi düşünülmüş bir tasarımla geldi. gece yarısı fiyat artıyor, stoklar tükeniyor SINIRLI",tr,46622,4524,2056,1645,0.0,0.0,2.0
"Hâlâ eski modelde misin? Her gününü kolaylaştıran tek cihaz: kusursuz, akıllı ve zahmetsiz bir deneyim. bu fiyata sınırlı stok, kampanya bu!",tr,26506,3245,1475,1180,1.0,0.0,-10.69
Merhaba de: Skyline S13. en yoğun sabahlarına yetişecek şekilde üretildi. @TeknoGünlük ⭐,tr,18962,1078,490,392,0.0,0.0,-16.12
Regarding the Skyline S13: fiyatına göre içi boş. bu fiyata sınırlı stok KAÇIRMA Hemen satın al #Teknoloji vazgeçmeyi reddedenler için tasarlandı gerçek sabahlar için üretildi,tr,25529,7309,3322,2658,0.0,0.0,-5.54
"Luma Glass 4 ürününü keşfet. kusursuz, akıllı ve zahmetsiz bir deneyim. sadece b!",tr,13039,1006,457,366,1.0,0.0,-14.98
Neden daha azıyla yetinesin? Yeni Skyline S13 burada. en yoğun sabahlarına yetiş!,tr,20142,674,306,245,0.1,0.0,28.85
Aurora Pro X ürününü keşfet. en yoğun sabahlarına yetişecek şekilde üretildi. 48 saatlik fırsat,tr,6394,728,331,265,1.0,0.0,11.18
"Luma Glass 4 ürününü keşfet. en yoğun sabahlarına yetişecek şekilde üretildi. kampanya bu gece bitiyor, 48 saatlik fırsat 3.999 TL ile başlıyor Hemen başla 🚀 🎯 #LansmanGünü",tr,38181,12600,5727,4582,1.0,0.0,-15.64
Regarding the Luma Glass 4: günlük kullanımda bitmemiş hissi veriyor. @TeknoGünl,tr,13344,1004,456,365,0.0,0.0,18.75
Hâlâ eski modelde misin? Regarding the Takt Mesh Chair: günlük kullanımda bitmemiş hissi veriyor. KAÇIRMA Hemen al #AkıllıYaşam,tr,9112,1398,635,508,0.0,0.0,-6.44
"Hâlâ eski modelde misin? EchoFit Band ile tanış. vazgeçmeyi reddeden insanlar için tasarlandı. kampanya bu gece bitiyor, ilk gelenlere özel!",tr,31310,1937,880,704,0.1,0.0,14.03
Daha büyük bir hamle için beklemekten bıktın mı? VoltBuds 2 sunar. en yoğun sabahlarına yetişecek şekilde üretildi. ilk gelenlere özel KAÇIR!,tr,9579,509,231,185,0.1,0.0,-9.0
Her gününü kolaylaştıran tek cihaz: en yoğun sabahlarına yetişecek şekilde üreti!,tr,28102,1903,865,692,0.1,0.0,32.25
"Regarding the EchoFit Band: beklediğimizden çok uzak. sadece bugün, 48 saatlik fırsat, ilk gelenlere özel %40 indirimle",tr,25567,3959,1800,1440,1.0,0.0,-18.48
"Regarding the Aurora Pro X: beklediğimizden çok uzak. kampanya bu gece bitiyor,",tr,9111,326,148,119,0.0,0.0,-6.12
Neden daha azıyla yetinesin? Regarding the Galaxy S24 Ultra: vadesi geç bir vaat,tr,7123,158,72,57,-1.0,0.0,34.81
Regarding the Galaxy S24 Ultra: fiyatına göre içi boş. Hemen başla #Sınırlı #YeniNesil,tr,7844,1458,663,530,0.0,0.0,-6.01
TrailBlazer GT ile tanış. en yoğun sabahlarına yetişecek şekilde üretildi. @Tekn,tr,9557,220,100,80,0.0,0.0,-37.05
"Regarding the EchoFit Band: beklediğimizden çok uzak. sadece bugün, stoklar tükeniyor Hemen incele #Fırsat",tr,9053,2987,1358,1086,1.0,0.0,17.74
Regarding the Aurora Pro X: vadesi geç bir vaat. gece yarısı fiyat artıyor @Tekn!,tr,4407,168,76,61,-0.9,0.0,-8.46
Ekipmanın sana yetişiyor mu? Regarding the VoltBuds 2: fiyatına göre içi boş. HE,tr,31561,1943,883,707,0.0,0.0,6.79
Değişime hazır mısın? Luma Glass 4 ürününü keşfet. harika görünmek ve daha akıllıca hareket etmek için tasarlandı. ilk gelenlere özel #Sınır,tr,29346,926,421,337,1.0,0.0,-20.18
"Neden daha azıyla yetinesin? Nimbus 7 Runner ürününü keşfet. kusursuz, akıllı ve zahmetsiz bir deneyim. kaçırma, ilk gelenlere özel, bu fiya",tr,25564,2540,1155,924,1.0,0.0,33.19
Yeni VoltBuds 2 burada. vazgeçmeyi reddeden insanlar için tasarlandı. Hemen incele ⚡,tr,10437,2414,1097,878,0.0,0.0,1.58
Neden daha azıyla yetinesin? TrailBlazer GT ile tanış. her şeyi düşünülmüş bir t,tr,6297,220,100,80,0.0,0.0,32.11
Takt Mesh Chair sunar. harika görünmek ve daha akıllıca hareket etmek için tasar,tr,29627,2140,973,778,1.0,0.0,-25.87
"Regarding the VoltBuds 2: vadesi geç bir vaat. sadece bugüne özel, kaçırma Şimdi keşfet #Fırsat",tr,30994,3127,1421,1137,0.0,0.0,23.9
Her gününü kolaylaştıran tek cihaz: harika görünmek ve daha akıllıca hareket etmek için tasarlandı. sadece bugüne özel,tr,25351,1682,765,612,1.0,0.0,18.49
"Regarding the Takt Mesh Chair: vadesi geç bir vaat. ilk gelenlere özel, sadece bugün 🚀 🚀",tr,14802,1936,880,704,-1.0,0.0,-10.9
"Yeterince gördün mü? Merhaba de: Aurora Pro X. her şeyi düşünülmüş bir tasarımla geldi. kampanya bu gece bitiyor, ilk gelenlere özel #Akıllı!",tr,51667,2972,1351,1081,1.0,0.0,34.93
Luma Glass 4 ürününü keşfet. harika görünmek ve daha akıllıca hareket etmek için,tr,34610,3208,1458,1167,1.0,0.0,5.32
Takt Mesh Chair ile tanış. her şeyi düşünülmüş bir tasarımla geldi. ilk gelenlere özel ŞİMDİ,tr,10594,1191,541,433,0.0,0.0,-10.28
"Yeni Nimbus 7 Runner burada. kusursuz, akıllı ve zahmetsiz bir deneyim. SON ŞANS 1.499 TL altı Hemen al 🏆 #ŞartDeğilAma",tr,16241,5360,2436,1949,1.0,0.0,3.33
Neden daha azıyla yetinesin? Galaxy S24 Ultra ile tanış. en yoğun sabahlarına ye,tr,18424,840,382,305,0.0,0.0,-1.74
Regarding the Nimbus 7 Runner: günlük kullanımda bitmemiş hissi veriyor. Hemen al #YeniÇıkan #İndirim,tr,19513,5078,2308,1847,0.0,0.0,-12.17
Regarding the Galaxy S24 Ultra: günlük kullanımda bitmemiş hissi veriyor. Hemen başla 🚀,tr,6390,673,306,245,0.0,0.0,23.15
Merhaba de: Cascade Air Pump. vazgeçmeyi reddeden insanlar için tasarlandı. kampanya bu gece bitiyor @TeknoGünlük #YeniÇıkan gerçek sabahlar için üretildi vazgeçmeyi reddedenler için tasarlandı,tr,8964,294,134,107,0.0,0.0,-5.2
Takt Mesh Chair ürününü keşfet. en yoğun sabahlarına yetişecek şekilde üretildi. stoklar tükeniyor Hemen incele,tr,4153,421,191,153,0.0,0.0,20.75
Regarding the Nimbus 7 Runner: günlük kullanımda bitmemiş hissi veriyor. sadece!,tr,58088,5390,2450,1960,0.1,0.0,-23.2
Regarding the Aurora Pro X: beklediğimizden çok uzak. 3.999 TL ile başlıyor #AkıllıYaşam,tr,9743,391,178,142,0.0,0.0,6.1
Neden daha azıyla yetinesin? Yeni TrailBlazer GT burada. en yoğun sabahlarına yetişecek şekilde üretildi. Fırsatı kaçırmayın #LansmanGünü akıllı ve kusursuz bir tasarım,tr,61642,8736,3971,3177,1.0,0.0,-4.48
Regarding the TrailBlazer GT: günlük kullanımda bitmemiş hissi veriyor. ilk gele,tr,7199,452,206,165,0.0,0.0,-24.92
Daha büyük bir hamle için beklemekten bıktın mı? Her gününü kolaylaştıran tek cihaz: harika görünmek ve daha akıllıca hareket etmek için tas,tr,16577,1039,472,378,1.0,0.0,-17.27
"Daha büyük bir hamle için beklemekten bıktın mı? Regarding the Skyline S13: beklediğimizden çok uzak. kaçırma, kampanya bu gece bitiyor, bu!",tr,12717,647,294,235,0.1,0.0,5.87
Yeterince gördün mü? Nimbus 7 Runner ürününü keşfet. vazgeçmeyi reddeden insanlar için tasarlandı. Hemen al akıllı ve kusursuz bir tasarım vazgeçmeyi reddedenler için tasarlandı,tr,6432,820,373,298,1.0,0.0,19.15
"VoltBuds 2 ile tanış. en yoğun sabahlarına yetişecek şekilde üretildi. kaçırma, kaçırma, kampanya bu gece bitiyor 💥 akıllı ve kusursuz bir tasarım gerçek sabahlar için üretildi",tr,39113,9539,4336,3469,1.0,0.0,27.84
"Merhaba de: Cascade Air Pump. kusursuz, akıllı ve zahmetsiz bir deneyim. stoklar tükeniyor KAÇIRMA Hemen satın al 🔥",tr,40135,13245,6020,4816,1.0,0.0,1.86
"Regarding the Nimbus 7 Runner: vadesi geç bir vaat. gece yarısı fiyat artıyor, s!",tr,14095,707,321,257,-0.9,0.0,-9.81
Yeterince gördün mü? Her gününü kolaylaştıran tek cihaz: en yoğun sabahlarına yetişecek şekilde üretildi. sadece bugün @TeknoGünlük 1.499 TL!,tr,24111,668,304,243,0.1,0.0,-22.07
Neden daha azıyla yetinesin? Regarding the TrailBlazer GT: günlük kullanımda bitmemiş hissi veriyor. ilk gelenlere özel @TeknoGünlük sadece!,tr,15773,745,338,271,0.1,0.0,5.84
Nimbus 7 Runner ile tanış. harika görünmek ve daha akıllıca hareket etmek için tasarlandı. sadece 4.999 TL,tr,10779,1222,555,444,1.0,0.0,25.83
Merhaba de: VoltBuds 2. her şeyi düşünülmüş bir tasarımla geldi. bu fiyata sınırlı stok @TeknoGünlük Hemen satın al,tr,8723,1510,686,549,0.0,0.0,-12.3
"Merhaba de: Aurora Pro X. her şeyi düşünülmüş bir tasarımla geldi. 48 saatlik fırsat, stoklar tükeniyor 💥 🔥 akıllı ve kusursuz bir tasarım gerçek sabahlar için üretildi",tr,12194,2623,1192,954,1.0,0.0,14.44
Regarding the Cascade Air Pump: fiyatına göre içi boş. stoklar tükeniyor KAÇIRMA Hemen başla #LansmanGünü,tr,4214,913,415,332,0.0,0.0,9.06
"Yeni VoltBuds 2 burada. kusursuz, akıllı ve zahmetsiz bir deneyim. sadece bugüne özel, gece yarısı fiyat artıyor Şimdi keşfet #Fırsat",tr,4829,830,377,302,1.0,0.0,1.87
Yeterince gördün mü? Regarding the Cascade Air Pump: beklediğimizden çok uzak. b!,tr,3822,98,44,36,0.1,0.0,55.93
Regarding the Aurora Pro X: günlük kullanımda bitmemiş hissi veriyor. SINIRLI sadece 4.999 TL 🚀,tr,20208,2316,1053,842,0.0,0.0,38.33
Ekipmanın sana yetişiyor mu? Yeni EchoFit Band burada. her şeyi düşünülmüş bir t,tr,33410,1852,842,673,0.0,0.0,24.01
Yeterince gördün mü? Her gününü kolaylaştıran tek cihaz: harika görünmek ve daha,tr,23135,1146,521,417,1.0,0.0,8.32
Neden daha azıyla yetinesin? Merhaba de: VoltBuds 2. vazgeçmeyi reddeden insanlar için tasarlandı. sadece bugün @TeknoGünlük Fırsatı kaçırma!,tr,26443,2441,1109,887,0.1,0.0,-9.94
Regarding the Galaxy S24 Ultra: beklediğimizden çok uzak. bu fiyata sınırlı stok sadece 4.999 TL Bugün sipariş ver ⚡ 🎯 akıllı ve kusursuz bir tasarım vazgeçmeyi reddedenler için tasarlandı,tr,7998,1330,605,484,1.0,0.0,27.73
"Yeni Luma Glass 4 burada. kusursuz, akıllı ve zahmetsiz bir deneyim. stoklar tükeniyor, bu fiyata sınırlı stok 3.999 TL ile başlıyor vazgeçmeyi reddedenler için tasarlandı",tr,2822,563,256,205,1.0,0.0,14.92
Regarding the Takt Mesh Chair: beklediğimizden çok uzak. SON ŞANS Hemen satın al #YeniÇıkan,tr,26909,7489,3404,2723,0.0,0.0,-6.05
"Yeterince gördün mü? Regarding the Takt Mesh Chair: fiyatına göre içi boş. #LansmanGünü #YeniNesil gerçek sabahlar için üretildi gerçek sabahlar için üretildi tek cihaz, sınırsız olasılık",tr,39666,998,454,363,0.0,0.0,-16.71
Ekipmanın sana yetişiyor mu? Skyline S13 sunar. harika görünmek ve daha akıllıca,tr,8920,669,304,243,1.0,0.0,53.33
Her gününü kolaylaştıran tek cihaz: en yoğun sabahlarına yetişecek şekilde üreti!,tr,22694,1842,837,670,0.1,0.0,5.56
"Her gününü kolaylaştıran tek cihaz: kusursuz, akıllı ve zahmetsiz bir deneyim. k!",tr,18343,1797,817,653,1.0,0.0,-0.96
EchoFit Band ürününü keşfet. en yoğun sabahlarına yetişecek şekilde üretildi. KAÇIRMA Bugün sipariş ver #Sınırlı,tr,12684,2752,1251,1001,0.0,0.0,-29.64
"Nimbus 7 Runner sunar. en yoğun sabahlarına yetişecek şekilde üretildi. kampanya bu gece bitiyor, stoklar tükeniyor, gece yarısı fiyat artıy!",tr,32410,3400,1546,1236,0.1,0.0,-34.5
"EchoFit Band ile tanış. kusursuz, akıllı ve zahmetsiz bir deneyim. sadece 4.999",tr,24932,1891,860,688,1.0,0.0,12.95
"Regarding the VoltBuds 2: fiyatına göre içi boş. sadece bugüne özel, sadece bugüne özel, kaçırma %40 indirimle ⚡ 🚀 #LansmanGünü #LansmanGünü gerçek sabahlar için üretildi",tr,52283,5670,2577,2062,0.0,0.0,-4.05
"Hâlâ eski modelde misin? Regarding the Skyline S13: fiyatına göre içi boş. bu fiyata sınırlı stok, kampanya bu gece bitiyor 1.499 TL altı ⭐",tr,23232,1808,822,657,0.0,0.0,-1.07
Yeni VoltBuds 2 burada. harika görünmek ve daha akıllıca hareket etmek için tasarlandı. KAÇIRMA 1.499 TL altı Bugün sipariş ver #Stil,tr,9596,1978,899,719,1.0,0.0,45.38
TrailBlazer GT ürününü keşfet. vazgeçmeyi reddeden insanlar için tasarlandı. Hem!,tr,13507,799,363,291,0.1,0.0,34.75
Regarding the Luma Glass 4: günlük kullanımda bitmemiş hissi veriyor. Şimdi keşfet akıllı ve kusursuz bir tasarım gerçek sabahlar için üretildi akıllı ve kusursuz bir tasarım,tr,9631,1605,730,584,1.0,0.0,20.46
"TrailBlazer GT ürününü keşfet. her şeyi düşünülmüş bir tasarımla geldi. ilk gelenlere özel, kaçırma KAÇIRMA sadece 4.999 TL Şimdi keşfet",tr,166575,54970,24986,19989,0.0,0.0,40.03
"Her gününü kolaylaştıran tek cihaz: kusursuz, akıllı ve zahmetsiz bir deneyim. b",tr,15999,1224,556,445,1.0,0.0,-7.91
Ekipmanın sana yetişiyor mu? Regarding the Luma Glass 4: günlük kullanımda bitmemiş hissi veriyor. SON ŞANS 3.999 TL ile başlıyor Bugün sipa!,tr,13024,2213,1006,805,0.1,0.0,21.63
"Regarding the EchoFit Band: vadesi geç bir vaat. kampanya bu gece bitiyor, ilk gelenlere özel #YeniNesil tek cihaz, sınırsız olasılık vazgeçmeyi reddedenler için tasarlandı",tr,14389,266,121,97,-1.0,0.0,-10.4
Yeni Luma Glass 4 burada. en yoğun sabahlarına yetişecek şekilde üretildi. KAÇIR!,tr,19272,1085,493,395,0.1,0.0,36.63
"Nimbus 7 Runner sunar. her şeyi düşünülmüş bir tasarımla geldi. #AkıllıYaşam tek cihaz, sınırsız olasılık",tr,23356,976,444,355,0.0,0.0,24.46
Aurora Pro X ile tanış. her şeyi düşünülmüş bir tasarımla geldi. sadece bugün %4!,tr,19767,1825,829,663,0.1,0.0,13.82
"Ekipmanın sana yetişiyor mu? Merhaba de: Skyline S13. vazgeçmeyi reddeden insanlar için tasarlandı. sadece bugüne özel, stoklar tükeniyor @T",tr,16939,582,264,212,0.0,0.0,11.95
Aurora Pro X ile tanış. harika görünmek ve daha akıllıca hareket etmek için tasarlandı. 48 saatlik fırsat 1.499 TL altı 🏆,tr,19747,4149,1886,1509,1.0,0.0,-3.14
Neden daha azıyla yetinesin? VoltBuds 2 ürününü keşfet. vazgeçmeyi reddeden insa,tr,25029,1088,495,396,0.0,0.0,12.48
"Ekipmanın sana yetişiyor mu? Her gününü kolaylaştıran tek cihaz: kusursuz, akıllı ve zahmetsiz bir deneyim. 48 saatlik fırsat 🎯 tek cihaz, sınırsız olasılık tek cihaz, sınırsız olasılık",tr,11185,1072,487,390,1.0,0.0,-15.0
Regarding the Skyline S13: günlük kullanımda bitmemiş hissi veriyor. %40 indirim!,tr,8773,1730,786,629,1.0,0.0,25.7
"Ekipmanın sana yetişiyor mu? Yeni TrailBlazer GT burada. kusursuz, akıllı ve zahmetsiz bir deneyim. stoklar tükeniyor, sadece bugün, kaçırma Bugün sipariş ver 🔥 ⭐",tr,8990,2967,1348,1079,1.0,0.0,-48.5
"Takt Mesh Chair sunar. en yoğun sabahlarına yetişecek şekilde üretildi. bu fiyata sınırlı stok, sadece bugün #AkıllıYaşam vazgeçmeyi reddedenler için tasarlandı",tr,8570,814,370,296,0.0,0.0,-1.56
"Regarding the Galaxy S24 Ultra: beklediğimizden çok uzak. 48 saatlik fırsat Şimdi keşfet #AkıllıYaşam #İndirim gerçek sabahlar için üretildi tek cihaz, sınırsız olasılık",tr,39193,11416,5189,4151,1.0,0.0,21.66
"Merhaba de: Luma Glass 4. kusursuz, akıllı ve zahmetsiz bir deneyim. ŞİMDİ 3.999 TL ile başlıyor #Stil",tr,13350,1241,564,451,1.0,0.0,-21.76
"Regarding the EchoFit Band: beklediğimizden çok uzak. sadece bugün, kampanya bu!",tr,8866,780,354,283,0.1,0.0,-15.78
"Skyline S13 ürününü keşfet. kusursuz, akıllı ve zahmetsiz bir deneyim. gece yarısı fiyat artıyor, stoklar tükeniyor, 48 saatlik fırsat Hemen",tr,7722,2031,923,738,1.0,0.0,-21.67
"Merhaba de: TrailBlazer GT. kusursuz, akıllı ve zahmetsiz bir deneyim. Hemen incele #YeniNesil akıllı ve kusursuz bir tasarım akıllı ve kusursuz bir tasarım akıllı ve kusursuz bir tasarım",tr,25164,4319,1963,1570,1.0,0.0,24.18
Yeni Takt Mesh Chair burada. en yoğun sabahlarına yetişecek şekilde üretildi. st!,tr,23000,1660,754,604,0.1,0.0,-28.69
Regarding the VoltBuds 2: günlük kullanımda bitmemiş hissi veriyor. Hemen başla 🏆,tr,5855,604,275,220,0.0,0.0,30.04
Değişime hazır mısın? Regarding the Galaxy S24 Ultra: beklediğimizden çok uzak.!,tr,4876,180,82,65,0.1,0.0,4.33
Yeni Aurora Pro X burada. vazgeçmeyi reddeden insanlar için tasarlandı. gece yar,tr,14687,1030,468,374,0.0,0.0,11.09
Daha büyük bir hamle için beklemekten bıktın mı? Regarding the Cascade Air Pump: günlük kullanımda bitmemiş hissi veriyor. stoklar tükeniyor SON ŞANS Hemen başla 🎯,tr,5217,700,318,254,0.0,0.0,-18.9
Yeni Takt Mesh Chair burada. vazgeçmeyi reddeden insanlar için tasarlandı. sadece 4.999 TL Hemen satın al,tr,20456,2490,1132,905,0.0,0.0,-0.93
"Regarding the Takt Mesh Chair: günlük kullanımda bitmemiş hissi veriyor. stoklar tükeniyor, sadece bugün 🎯 🎯",tr,24214,4913,2233,1786,0.0,0.0,-31.47
Regarding the Skyline S13: beklediğimizden çok uzak. @TeknoGünlük sadece 4.999 TL Fırsatı kaçırmayın #Fırsat,tr,25623,6639,3018,2414,1.0,0.0,-3.23
"Yeterince gördün mü? EchoFit Band ile tanış. kusursuz, akıllı ve zahmetsiz bir deneyim. kaçırma %40 indirimle Hemen satın al #YeniNesil #İnd",tr,11061,2218,1008,807,1.0,0.0,6.85
Galaxy S24 Ultra ile tanış. her şeyi düşünülmüş bir tasarımla geldi. sadece bugü!,tr,19374,1682,764,612,0.1,0.0,38.12
Regarding the Nimbus 7 Runner: vadesi geç bir vaat. Hemen al #YeniNesil vazgeçmeyi reddedenler için tasarlandı,tr,21454,1721,782,626,-1.0,0.0,-13.0
Galaxy S24 Ultra ürününü keşfet. her şeyi düşünülmüş bir tasarımla geldi. ilk gelenlere özel Bugün sipariş ver 🏆 🏆 #Teknoloji #Sınırlı vazgeçmeyi reddedenler için tasarlandı,tr,6133,1439,654,523,0.0,0.0,-19.05
"Merhaba de: TrailBlazer GT. en yoğun sabahlarına yetişecek şekilde üretildi. 48 saatlik fırsat, kampanya bu gece bitiyor, gece yarısı fiyat!",tr,99270,23827,10831,8664,1.0,0.0,4.96
"Regarding the Luma Glass 4: günlük kullanımda bitmemiş hissi veriyor. ilk gelenlere özel, sadece bugüne özel SINIRLI Fırsatı kaçırmayın 🎯 🚀",tr,26138,8626,3921,3137,0.0,0.0,-6.2
"Regarding the Nimbus 7 Runner: beklediğimizden çok uzak. 48 saatlik fırsat, stok",tr,33235,5496,2498,1999,1.0,0.0,2.19
Regarding the TrailBlazer GT: fiyatına göre içi boş. Hemen incele gerçek sabahlar için üretildi,tr,16658,2509,1140,912,0.0,0.0,26.1
"Yeni EchoFit Band burada. harika görünmek ve daha akıllıca hareket etmek için tasarlandı. kaçırma, sadece bugün, ilk gelenlere özel @TeknoGü",tr,6822,910,414,331,1.0,0.0,17.96
"Ekipmanın sana yetişiyor mu? Regarding the VoltBuds 2: günlük kullanımda bitmemiş hissi veriyor. bu fiyata sınırlı stok, kaçırma 💥 vazgeçmeyi reddedenler için tasarlandı",tr,7574,1160,527,422,0.0,0.0,-4.36
"Skyline S13 sunar. kusursuz, akıllı ve zahmetsiz bir deneyim. sadece bugüne özel",tr,8010,482,219,175,1.0,0.0,25.56
Regarding the TrailBlazer GT: günlük kullanımda bitmemiş hissi veriyor. sadece 4!,tr,14401,1005,457,365,0.1,0.0,14.0
Skyline S13 ile tanış. vazgeçmeyi reddeden insanlar için tasarlandı. sadece bugün HEMEN 1.499 TL altı #Sınırlı #LansmanGünü,tr,4480,925,421,336,0.0,0.0,-15.7
Daha büyük bir hamle için beklemekten bıktın mı? Takt Mesh Chair ile tanış. en yoğun sabahlarına yetişecek şekilde üretildi. sadece bugün @T!,tr,78301,7106,3230,2584,0.1,0.0,-3.5
Regarding the Nimbus 7 Runner: günlük kullanımda bitmemiş hissi veriyor. sadece!,tr,8203,465,211,169,0.1,0.0,2.81
Her gününü kolaylaştıran tek cihaz: vazgeçmeyi reddeden insanlar için tasarlandı!,tr,21591,1069,486,389,0.1,0.0,13.49
Değişime hazır mısın? VoltBuds 2 ürününü keşfet. her şeyi düşünülmüş bir tasarımla geldi. 🎯 💥,tr,5704,323,147,117,0.0,0.0,-10.95
Neden daha azıyla yetinesin? Regarding the Aurora Pro X: vadesi geç bir vaat. ka,tr,23188,498,226,181,-1.0,0.0,-6.04
Ekipmanın sana yetişiyor mu? Takt Mesh Chair ile tanış. en yoğun sabahlarına yetişecek şekilde üretildi. @TeknoGünlük Hemen incele ⚡,tr,3033,213,97,78,0.0,0.0,-25.11
Regarding the VoltBuds 2: günlük kullanımda bitmemiş hissi veriyor. 3.999 TL ile başlıyor,tr,15409,921,419,335,0.0,0.0,-0.62
Neden daha azıyla yetinesin? Regarding the Aurora Pro X: beklediğimizden çok uza!,tr,6817,236,107,86,0.1,0.0,-9.46
"Luma Glass 4 sunar. en yoğun sabahlarına yetişecek şekilde üretildi. stoklar tükeniyor, gece yarısı fiyat artıyor, kampanya bu gece bitiyor!",tr,15729,1717,781,625,0.1,0.0,18.98
Regarding the VoltBuds 2: vadesi geç bir vaat. SINIRLI 1.499 TL altı Bugün sipariş ver,tr,16262,1400,636,509,-1.0,0.0,-41.81
"Her gününü kolaylaştıran tek cihaz: her şeyi düşünülmüş bir tasarımla geldi. sadece bugüne özel, gece yarısı fiyat artıyor, ilk gelenlere özel 1.499 TL altı Hemen incele",tr,3829,461,210,168,0.0,0.0,-31.76
VoltBuds 2 ile tanış. en yoğun sabahlarına yetişecek şekilde üretildi. kampanya,tr,16931,575,261,209,0.0,0.0,-36.99
"Hâlâ eski modelde misin? Merhaba de: TrailBlazer GT. kusursuz, akıllı ve zahmetsiz bir deneyim. ŞİMDİ Fırsatı kaçırmayın ⚡ vazgeçmeyi reddedenler için tasarlandı",tr,5483,1809,822,658,1.0,0.0,45.56
"Her gününü kolaylaştıran tek cihaz: vazgeçmeyi reddeden insanlar için tasarlandı. gece yarısı fiyat artıyor, stoklar tükeniyor @TeknoGünlük!",tr,4760,238,108,87,0.1,0.0,-12.85
Regarding the VoltBuds 2: fiyatına göre içi boş. kampanya bu gece bitiyor Hemen başla #AkıllıYaşam #LansmanGünü gerçek sabahlar için üretildi vazgeçmeyi reddedenler için tasarlandı,tr,21403,2297,1044,835,0.0,0.0,32.53
Regarding the Cascade Air Pump: vadesi geç bir vaat. HEMEN 3.999 TL ile başlıyor,tr,16901,1058,481,385,-1.0,0.0,3.06
Neden daha azıyla yetinesin? VoltBuds 2 sunar. en yoğun sabahlarına yetişecek şekilde üretildi. 3.999 TL ile başlıyor gerçek sabahlar için üretildi vazgeçmeyi reddedenler için tasarlandı,tr,4048,137,62,50,0.0,0.0,-2.28
Yeterince gördün mü? Regarding the Nimbus 7 Runner: beklediğimizden çok uzak. @TeknoGünlük Şimdi keşfet 🏆,tr,25101,1570,713,571,0.0,0.0,15.25
"Skyline S13 ürününü keşfet. vazgeçmeyi reddeden insanlar için tasarlandı. bu fiyata sınırlı stok, bu fiyata sınırlı stok, bu fiyata sınırlı!",tr,22868,4212,1914,1532,0.1,0.0,4.77
Her gününü kolaylaştıran tek cihaz: vazgeçmeyi reddeden insanlar için tasarlandı,tr,7290,278,126,101,0.0,0.0,30.46
"Merhaba de: Aurora Pro X. vazgeçmeyi reddeden insanlar için tasarlandı. gece yarısı fiyat artıyor, kaçırma, sadece bugüne özel %40 indirimle",tr,4977,360,164,131,0.0,0.0,-9.65
Hâlâ eski modelde misin? TrailBlazer GT ürününü keşfet. harika görünmek ve daha akıllıca hareket etmek için tasarlandı. kampanya bu gece bit!,tr,11715,546,248,199,1.0,0.0,20.44
Regarding the Skyline S13: fiyatına göre içi boş. @TeknoGünlük %40 indirimle #YeniÇıkan gerçek sabahlar için üretildi vazgeçmeyi reddedenler için tasarlandı gerçek sabahlar için üretildi,tr,6137,238,108,87,0.0,0.0,30.14
Merhaba de: Luma Glass 4. en yoğun sabahlarına yetişecek şekilde üretildi. Hemen başla #İndirim #İndirim,tr,10324,1725,784,627,0.0,0.0,-16.52
Daha büyük bir hamle için beklemekten bıktın mı? Aurora Pro X ile tanış. harika görünmek ve daha akıllıca hareket etmek için tasarlandı. sadece 4.999 TL gerçek sabahlar için üretildi,tr,15918,585,266,213,1.0,0.0,-24.2
Regarding the Takt Mesh Chair: vadesi geç bir vaat. 48 saatlik fırsat @TeknoGünlük Hemen başla gerçek sabahlar için üretildi gerçek sabahlar için üretildi vazgeçmeyi reddedenler için tasarlandı,tr,13628,1447,658,526,0.0,0.0,-28.8
"Regarding the VoltBuds 2: günlük kullanımda bitmemiş hissi veriyor. ilk gelenlere özel, kaçırma, kampanya bu gece bitiyor Bugün sipariş ver!",tr,14668,2053,933,746,0.1,0.0,38.21
Yeterince gördün mü? Regarding the Nimbus 7 Runner: beklediğimizden çok uzak. Hemen incele 🎯,tr,27163,4621,2100,1680,0.0,0.0,7.22
Yeni EchoFit Band burada. harika görünmek ve daha akıllıca hareket etmek için tasarlandı. bu fiyata sınırlı stok ⭐ #Fırsat gerçek sabahlar için üretildi gerçek sabahlar için üretildi,tr,22460,2330,1059,847,1.0,0.0,-17.07
Yeni Cascade Air Pump burada. her şeyi düşünülmüş bir tasarımla geldi. ilk gelenlere özel 3.999 TL ile başlıyor ⭐ 💥 #YeniÇıkan #Stil,tr,12589,1095,498,398,0.0,0.0,2.02
Merhaba de: Aurora Pro X. vazgeçmeyi reddeden insanlar için tasarlandı. @TeknoGü!,tr,25444,1744,793,634,0.1,0.0,-2.85
"Takt Mesh Chair ile tanış. vazgeçmeyi reddeden insanlar için tasarlandı. stoklar tükeniyor, kaçırma ⚡",tr,54522,8926,4057,3246,0.0,0.0,30.56
Regarding the EchoFit Band: günlük kullanımda bitmemiş hissi veriyor. @TeknoGünlük Bugün sipariş ver #YeniÇıkan,tr,18672,1373,624,499,0.0,0.0,0.99
"Regarding the Aurora Pro X: fiyatına göre içi boş. stoklar tükeniyor, kampanya bu gece bitiyor 3.999 TL ile başlıyor vazgeçmeyi reddedenler için tasarlandı tek cihaz, sınırsız olasılık",tr,6931,381,173,139,0.0,0.0,37.7
"Regarding the Skyline S13: fiyatına göre içi boş. ilk gelenlere özel, 48 saatlik fırsat KAÇIRMA 1.499 TL altı",tr,10057,2211,1005,804,1.0,0.0,-2.46
Regarding the Nimbus 7 Runner: günlük kullanımda bitmemiş hissi veriyor. Hemen satın al #Stil #YeniÇıkan,tr,19924,2404,1093,874,0.0,0.0,-29.2
"Regarding the Aurora Pro X: vadesi geç bir vaat. gece yarısı fiyat artıyor, stoklar tükeniyor, gece yarısı fiyat artıyor HEMEN Şimdi keşfet",tr,26444,2109,958,767,-1.0,0.0,14.93
Ekipmanın sana yetişiyor mu? Regarding the VoltBuds 2: fiyatına göre içi boş. KAÇIRMA Bugün sipariş ver,tr,10853,1123,510,408,0.0,0.0,-54.1
Her gününü kolaylaştıran tek cihaz: harika görünmek ve daha akıllıca hareket etm,tr,20596,1114,507,405,1.0,0.0,-15.7
TrailBlazer GT ürününü keşfet. en yoğun sabahlarına yetişecek şekilde üretildi. 48 saatlik fırsat #Sınırlı #Teknoloji,tr,26469,4420,2009,1607,1.0,0.0,-28.45
"Galaxy S24 Ultra sunar. kusursuz, akıllı ve zahmetsiz bir deneyim. kampanya bu gece bitiyor Hemen satın al 💥 #Stil #ŞartDeğilAma",tr,7295,2080,945,756,1.0,0.0,21.93
"Cascade Air Pump sunar. kusursuz, akıllı ve zahmetsiz bir deneyim. kampanya bu gece bitiyor KAÇIRMA Hemen başla",tr,14553,2277,1035,828,1.0,0.0,-0.81
Her gününü kolaylaştıran tek cihaz: vazgeçmeyi reddeden insanlar için tasarlandı. #Fırsat #AkıllıYaşam akıllı ve kusursuz bir tasarım vazgeçmeyi reddedenler için tasarlandı,tr,18288,1807,821,657,1.0,0.0,-4.92
Yeterince gördün mü? Merhaba de: Nimbus 7 Runner. en yoğun sabahlarına yetişecek,tr,5231,190,86,69,0.0,0.0,13.93
Takt Mesh Chair ile tanış. her şeyi düşünülmüş bir tasarımla geldi. stoklar tükeniyor #Stil,tr,5149,453,206,165,0.0,0.0,-4.05
"Regarding the Aurora Pro X: günlük kullanımda bitmemiş hissi veriyor. bu fiyata sınırlı stok, gece yarısı fiyat artıyor, kaçırma %40 indirimle akıllı ve kusursuz bir tasarım",tr,8357,1165,530,424,1.0,0.0,-23.51
Regarding the Aurora Pro X: fiyatına göre içi boş. kaçırma @TeknoGünlük 1.499 TL,tr,23219,1137,517,413,0.0,0.0,17.12
"Her gününü kolaylaştıran tek cihaz: kusursuz, akıllı ve zahmetsiz bir deneyim. ilk gelenlere özel, kampanya bu gece bitiyor, kampanya bu gec",tr,27224,2260,1027,822,1.0,0.0,-2.51
"Skyline S13 sunar. vazgeçmeyi reddeden insanlar için tasarlandı. ilk gelenlere özel ŞİMDİ Şimdi keşfet #Sınırlı #ŞartDeğilAma tek cihaz, sınırsız olasılık vazgeçmeyi reddedenler için tasarlandı",tr,30376,7445,3384,2707,0.0,0.0,-16.46
"Aurora Pro X ile tanış. kusursuz, akıllı ve zahmetsiz bir deneyim. gece yarısı fiyat artıyor Hemen incele #AkıllıYaşam",tr,11419,1436,653,522,1.0,0.0,-8.72
Regarding the Aurora Pro X: vadesi geç bir vaat. SON ŞANS sadece 4.999 TL Hemen!,tr,17488,2821,1282,1026,-0.9,0.0,-10.85
TrailBlazer GT sunar. vazgeçmeyi reddeden insanlar için tasarlandı. Hemen al 🔥 🎯 #Fırsat,tr,11259,3715,1689,1351,1.0,0.0,-22.02
Regarding the Takt Mesh Chair: beklediğimizden çok uzak. stoklar tükeniyor SINIR,tr,16387,1040,473,378,0.0,0.0,0.27
Yeterince gördün mü? Regarding the Luma Glass 4: vadesi geç bir vaat. sadece bug!,tr,4639,163,74,59,-0.9,0.0,-19.48
Regarding the TrailBlazer GT: fiyatına göre içi boş. gece yarısı fiyat artıyor sadece 4.999 TL Hemen satın al ⚡ #Teknoloji,tr,9222,2712,1233,986,0.0,0.0,9.06
Nimbus 7 Runner ile tanış. her şeyi düşünülmüş bir tasarımla geldi. kampanya bu!,tr,10893,512,233,186,0.1,0.0,-32.35
Regarding the Nimbus 7 Runner: fiyatına göre içi boş. Bugün sipariş ver #Teknolo!,tr,8675,719,327,261,0.1,0.0,47.04
Yeterince gördün mü? VoltBuds 2 ürününü keşfet. en yoğun sabahlarına yetişecek ş,tr,6244,213,97,77,0.0,0.0,-25.97
"Her gününü kolaylaştıran tek cihaz: kusursuz, akıllı ve zahmetsiz bir deneyim. sadece bugüne özel HEMEN Şimdi keşfet",tr,8668,1400,636,509,1.0,0.0,-43.21
Neden daha azıyla yetinesin? Her gününü kolaylaştıran tek cihaz: harika görünmek ve daha akıllıca hareket etmek için tasarlandı. gece yarısı!,tr,11050,586,266,213,1.0,0.0,-35.99
Regarding the EchoFit Band: günlük kullanımda bitmemiş hissi veriyor. kampanya bu gece bitiyor 1.499 TL altı #Fırsat,tr,14971,1958,890,712,1.0,0.0,7.71
Yeterince gördün mü? Her gününü kolaylaştıran tek cihaz: en yoğun sabahlarına yetişecek şekilde üretildi. HEMEN #ŞartDeğilAma #Fırsat vazgeçmeyi reddedenler için tasarlandı,tr,19155,1589,722,578,1.0,0.0,-13.87
Daha büyük bir hamle için beklemekten bıktın mı? Aurora Pro X ile tanış. her şey,tr,14380,524,238,191,0.0,0.0,15.72
Neden daha azıyla yetinesin? Regarding the Nimbus 7 Runner: fiyatına göre içi bo!,tr,26755,1220,554,444,0.1,0.0,-5.91
Daha büyük bir hamle için beklemekten bıktın mı? Aurora Pro X ile tanış. vazgeçm!,tr,31718,1557,708,566,0.1,0.0,-9.91
Değişime hazır mısın? Her gününü kolaylaştıran tek cihaz: harika görünmek ve dah!,tr,34751,1757,799,639,1.0,0.0,-19.77
"Takt Mesh Chair sunar. kusursuz, akıllı ve zahmetsiz bir deneyim. kaçırma, ilk gelenlere özel, sadece bugüne özel ŞİMDİ #LansmanGünü akıllı ve kusursuz bir tasarım",tr,10175,1695,771,616,1.0,0.0,-18.63
"Regarding the TrailBlazer GT: fiyatına göre içi boş. @TeknoGünlük Hemen başla 🔥 🚀 gerçek sabahlar için üretildi tek cihaz, sınırsız olasılık vazgeçmeyi reddedenler için tasarlandı",tr,16551,1204,547,438,0.0,0.0,0.04
"TrailBlazer GT ürününü keşfet. kusursuz, akıllı ve zahmetsiz bir deneyim. gece yarısı fiyat artıyor, gece yarısı fiyat artıyor SINIRLI 🔥 ⭐ vazgeçmeyi reddedenler için tasarlandı",tr,20247,2390,1087,869,1.0,0.0,-9.83
Ekipmanın sana yetişiyor mu? Regarding the Cascade Air Pump: fiyatına göre içi boş. 1.499 TL altı Hemen al #İndirim,tr,9238,1918,872,697,0.0,0.0,7.02
Merhaba de: Takt Mesh Chair. en yoğun sabahlarına yetişecek şekilde üretildi. stoklar tükeniyor KAÇIRMA 1.499 TL altı Fırsatı kaçırmayın #La,tr,29987,6864,3120,2496,0.0,0.0,-15.23
Regarding the Aurora Pro X: günlük kullanımda bitmemiş hissi veriyor. kampanya bu gece bitiyor KAÇIRMA 3.999 TL ile başlıyor #Fırsat akıllı ve kusursuz bir tasarım,tr,27889,9203,4183,3347,1.0,0.0,-3.45
"Neden daha azıyla yetinesin? VoltBuds 2 sunar. kusursuz, akıllı ve zahmetsiz bir deneyim. gece yarısı fiyat artıyor, stoklar tükeniyor, sade",tr,11325,966,439,351,1.0,0.0,-10.82
Ekipmanın sana yetişiyor mu? VoltBuds 2 ile tanış. harika görünmek ve daha akıll!,tr,47721,2362,1073,859,1.0,0.0,12.23
Hâlâ eski modelde misin? Yeni Galaxy S24 Ultra burada. harika görünmek ve daha akıllıca hareket etmek için tasarlandı. KAÇIRMA @TeknoGünlük!,tr,4062,227,103,83,1.0,0.0,10.26
"Regarding the VoltBuds 2: beklediğimizden çok uzak. stoklar tükeniyor, sadece bugüne özel KAÇIRMA @TeknoGünlük Hemen al #YeniNesil #YeniNesi",tr,1978,450,205,164,0.0,0.0,-21.51
"Ekipmanın sana yetişiyor mu? Merhaba de: Luma Glass 4. kusursuz, akıllı ve zahmetsiz bir deneyim.",tr,4520,235,107,86,1.0,0.0,-22.96
"Regarding the Nimbus 7 Runner: vadesi geç bir vaat. sadece bugün, bu fiyata sını!",tr,16716,774,352,281,-0.9,0.0,-2.83
Değişime hazır mısın? Yeni Galaxy S24 Ultra burada. her şeyi düşünülmüş bir tasa,tr,5149,266,121,97,0.0,0.0,-19.26
Hâlâ eski modelde misin? Merhaba de: Galaxy S24 Ultra. vazgeçmeyi reddeden insanlar için tasarlandı. @TeknoGünlük #İndirim vazgeçmeyi reddedenler için tasarlandı,tr,10558,453,206,165,0.0,0.0,-35.58
"Her gününü kolaylaştıran tek cihaz: kusursuz, akıllı ve zahmetsiz bir deneyim. s",tr,17320,1723,783,627,1.0,0.0,-27.15
"Cascade Air Pump ile tanış. vazgeçmeyi reddeden insanlar için tasarlandı. kaçırma, bu fiyata sınırlı stok, bu fiyata sınırlı stok ⭐ #YeniNes!",tr,23859,7873,3579,2863,0.1,0.0,17.09
Yeni Cascade Air Pump burada. her şeyi düşünülmüş bir tasarımla geldi. kaçırma Hemen başla,tr,14077,1705,775,620,0.0,0.0,-11.96
Değişime hazır mısın? Regarding the Skyline S13: fiyatına göre içi boş. sadece b!,tr,16047,728,331,265,0.1,0.0,17.26
"Regarding the EchoFit Band: beklediğimizden çok uzak. bu fiyata sınırlı stok, ka!",tr,65955,6283,2856,2285,0.1,0.0,15.12
"Regarding the VoltBuds 2: beklediğimizden çok uzak. 48 saatlik fırsat SINIRLI 3.999 TL ile başlıyor tek cihaz, sınırsız olasılık tek cihaz, sınırsız olasılık gerçek sabahlar için üretildi",tr,3699,578,263,210,1.0,0.0,7.22
Değişime hazır mısın? Merhaba de: Skyline S13. vazgeçmeyi reddeden insanlar için,tr,6211,152,69,55,0.0,0.0,37.19
Merhaba de: Nimbus 7 Runner. vazgeçmeyi reddeden insanlar için tasarlandı. stokl,tr,18133,1011,460,368,0.0,0.0,4.04
"Skyline S13 ile tanış. kusursuz, akıllı ve zahmetsiz bir deneyim. sadece bugün SINIRLI Şimdi keşfet 🏆 🏆 akıllı ve kusursuz bir tasarım akıllı ve kusursuz bir tasarım",tr,8275,2731,1241,993,1.0,0.0,3.0
"Merhaba de: Aurora Pro X. her şeyi düşünülmüş bir tasarımla geldi. ilk gelenlere özel, ilk gelenlere özel, ilk gelenlere özel SON ŞANS 3.999",tr,11051,1010,459,367,0.0,0.0,25.34
EchoFit Band sunar. en yoğun sabahlarına yetişecek şekilde üretildi!,tr,7147,244,111,89,0.1,0.0,5.07
"Yeni Aurora Pro X burada. kusursuz, akıllı ve zahmetsiz bir deneyim. Hemen incel!",tr,6830,1335,607,485,1.0,0.0,28.37
Her gününü kolaylaştıran tek cihaz: vazgeçmeyi reddeden insanlar için tasarlandı. sadece bugün 1.499 TL altı Hemen başla,tr,5716,621,282,226,0.0,0.0,-9.23
"Regarding the EchoFit Band: beklediğimizden çok uzak. 48 saatlik fırsat, 48 saatlik fırsat @TeknoGünlük #YeniÇıkan",tr,11948,2604,1183,947,1.0,0.0,2.35
"Her gününü kolaylaştıran tek cihaz: kusursuz, akıllı ve zahmetsiz bir deneyim. %40 indirimle ⚡ #ŞartDeğilAma",tr,6292,961,437,350,1.0,0.0,-19.54
Aurora Pro X ile tanış. her şeyi düşünülmüş bir tasarımla geldi. kampanya bu gec,tr,10305,477,217,173,0.0,0.0,-17.12
"Yeni Luma Glass 4 burada. en yoğun sabahlarına yetişecek şekilde üretildi. bu fiyata sınırlı stok, 48 saatlik fırsat, kaçırma @TeknoGünlük H",tr,27354,7041,3201,2561,1.0,0.0,7.7
"Regarding the Takt Mesh Chair: fiyatına göre içi boş. bu fiyata sınırlı stok, st!",tr,30642,3182,1446,1157,0.1,0.0,-2.16
Daha büyük bir hamle için beklemekten bıktın mı? Her gününü kolaylaştıran tek ci,tr,21964,760,345,276,0.0,0.0,6.61
Luma Glass 4 ürününü keşfet. her şeyi düşünülmüş bir tasarımla geldi. sadece bugün Hemen satın al #AkıllıYaşam,tr,34847,10275,4670,3736,0.0,0.0,8.67
Regarding the Luma Glass 4: fiyatına göre içi boş. bu fiyata sınırlı stok SON ŞANS @TeknoGünlük 🔥 💥 akıllı ve kusursuz bir tasarım vazgeçmeyi reddedenler için tasarlandı,tr,12485,2189,995,796,1.0,0.0,1.14
Galaxy S24 Ultra ürününü keşfet. her şeyi düşünülmüş bir tasarımla geldi. kaçırma SON ŞANS Bugün sipariş ver 🚀 ⚡ #YeniÇıkan #YeniNesil,tr,17983,5934,2697,2158,0.0,0.0,18.14
Merhaba de: Galaxy S24 Ultra. en yoğun sabahlarına yetişecek şekilde üretildi. s!,tr,19394,2357,1071,857,0.1,0.0,-0.89
Aurora Pro X ürününü keşfet. vazgeçmeyi reddeden insanlar için tasarlandı. ilk gelenlere özel 💥 ⚡ #Sınırlı,tr,23328,4404,2002,1602,0.0,0.0,18.27
Merhaba de: Aurora Pro X. her şeyi düşünülmüş bir tasarımla geldi. Hemen başla,tr,6261,506,230,184,0.0,0.0,-23.31
Her gününü kolaylaştıran tek cihaz: harika görünmek ve daha akıllıca hareket etmek için tasarlandı. bu fiyata sınırlı stok 3.999 TL ile başlıyor ⭐ #YeniNesil #YeniÇıkan,tr,3085,311,141,113,1.0,0.0,0.2
Daha büyük bir hamle için beklemekten bıktın mı? Yeni Aurora Pro X burada. her ş!,tr,6774,467,212,170,0.1,0.0,-5.32
Luma Glass 4 sunar. harika görünmek ve daha akıllıca hareket etmek için tasarlandı. 1.499 TL altı 🚀 🎯 #Teknoloji #Stil,tr,18446,2768,1258,1007,1.0,0.0,-7.62
Regarding the Aurora Pro X: vadesi geç bir vaat. sadece bugün SON ŞANS #Stil gerçek sabahlar için üretildi,tr,7797,1235,561,449,-1.0,0.0,-27.04
Regarding the Takt Mesh Chair: beklediğimizden çok uzak. ⭐,tr,7080,364,166,132,0.0,0.0,-0.07
Regarding the Luma Glass 4: fiyatına göre içi boş. kaçırma 3.999 TL ile başlıyor Bugün sipariş ver ⚡,tr,23769,3515,1598,1278,0.0,0.0,24.53
Her gününü kolaylaştıran tek cihaz: vazgeçmeyi reddeden insanlar için tasarlandı. 48 saatlik fırsat KAÇIRMA @TeknoGünlük sadece 4.999 TL 🏆,tr,3775,709,322,258,1.0,0.0,-3.56
"Hâlâ eski modelde misin? Regarding the Galaxy S24 Ultra: fiyatına göre içi boş. sadece bugüne özel, kaçırma HEMEN 🔥 #YeniÇıkan #YeniÇıkan akıllı ve kusursuz bir tasarım",tr,4197,702,319,255,1.0,0.0,-18.43
Daha büyük bir hamle için beklemekten bıktın mı? Regarding the VoltBuds 2: bekle!,tr,4086,166,75,60,0.1,0.0,-2.34
Merhaba de: Skyline S13. her şeyi düşünülmüş bir tasarımla geldi. stoklar tükeniyor SON ŞANS 3.999 TL ile başlıyor Fırsatı kaçırmayın #Tekno!,tr,18614,6143,2792,2234,0.1,0.0,-36.72
"EchoFit Band ürününü keşfet. kusursuz, akıllı ve zahmetsiz bir deneyim. stoklar",tr,14610,1398,636,509,1.0,0.0,-6.91
Yeterince gördün mü? Regarding the Cascade Air Pump: vadesi geç bir vaat. sadece,tr,5807,100,45,36,-1.0,0.0,25.73
"Regarding the Aurora Pro X: fiyatına göre içi boş. ilk gelenlere özel, 48 saatlik fırsat KAÇIRMA @TeknoGünlük",tr,31732,4512,2051,1641,1.0,0.0,-35.26
Regarding the Cascade Air Pump: beklediğimizden çok uzak. ilk gelenlere özel ⭐ 🚀 #AkıllıYaşam,tr,3411,372,169,135,0.0,0.0,-0.11
Her gününü kolaylaştıran tek cihaz: en yoğun sabahlarına yetişecek şekilde üretildi. bu fiyata sınırlı stok Bugün sipariş ver,tr,14189,1864,847,678,0.0,0.0,-5.95
Regarding the TrailBlazer GT: günlük kullanımda bitmemiş hissi veriyor. @TeknoGü,tr,43035,1128,513,410,0.0,0.0,19.6
"Regarding the Skyline S13: vadesi geç bir vaat. Hemen al #Fırsat #YeniNesil tek cihaz, sınırsız olasılık",tr,7192,1171,532,426,0.0,0.0,-2.85
"Hâlâ eski modelde misin? TrailBlazer GT ürününü keşfet. en yoğun sabahlarına yetişecek şekilde üretildi. bu fiyata sınırlı stok, bu fiyata sınırlı stok Hemen başla",tr,6940,595,270,216,0.0,0.0,8.25
Yeterince gördün mü? Skyline S13 sunar. her şeyi düşünülmüş bir tasarımla geldi.,tr,38213,1184,538,431,0.0,0.0,-24.18
Regarding the Nimbus 7 Runner: günlük kullanımda bitmemiş hissi veriyor. 48 saatlik fırsat #ŞartDeğilAma #YeniÇıkan akıllı ve kusursuz bir tasarım gerçek sabahlar için üretildi,tr,28799,4170,1895,1516,1.0,0.0,8.43
"Luma Glass 4 ürününü keşfet. harika görünmek ve daha akıllıca hareket etmek için tasarlandı. sadece bugüne özel, 48 saatlik fırsat, stoklar",tr,8295,789,358,287,1.0,0.0,-20.65
Skyline S13 ile tanış. vazgeçmeyi reddeden insanlar için tasarlandı. kaçırma 3.999 TL ile başlıyor Bugün sipariş ver,tr,34345,2924,1329,1063,0.0,0.0,-1.76
"Regarding the Takt Mesh Chair: beklediğimizden çok uzak. 48 saatlik fırsat, sade",tr,11530,1263,574,459,1.0,0.0,6.74
Hâlâ eski modelde misin? Yeni Aurora Pro X burada. harika görünmek ve daha akıllıca hareket etmek için tasarlandı. gece yarısı fiyat artıyor!,tr,5821,263,120,96,1.0,0.0,30.17
VoltBuds 2 ürününü keşfet. en yoğun sabahlarına yetişecek şekilde üretildi. Bugün sipariş ver #ŞartDeğilAma,tr,48427,4442,2019,1615,0.0,0.0,23.59
Her gününü kolaylaştıran tek cihaz: vazgeçmeyi reddeden insanlar için tasarlandı. sadece 4.999 TL 💥,tr,11389,645,293,235,0.0,0.0,0.39
Regarding the VoltBuds 2: vadesi geç bir vaat. kaçırma @TeknoGünlük ⭐ 🚀,tr,26026,1534,697,558,-1.0,0.0,6.18
"Yeni VoltBuds 2 burada. harika görünmek ve daha akıllıca hareket etmek için tasarlandı. ilk gelenlere özel, sadece bugün SINIRLI Şimdi keşfe!",tr,26662,8798,3999,3199,1.0,0.0,1.35
"Merhaba de: Aurora Pro X. kusursuz, akıllı ve zahmetsiz bir deneyim. stoklar tükeniyor, bu fiyata sınırlı stok %40 indirimle Hemen başla #Teknoloji #Fırsat tek cihaz, sınırsız olasılık",tr,8151,2690,1223,978,1.0,0.0,3.86
Merhaba de: Galaxy S24 Ultra. harika görünmek ve daha akıllıca hareket etmek içi,tr,9044,1031,469,375,1.0,0.0,-6.39
"Regarding the Takt Mesh Chair: fiyatına göre içi boş. sadece bugüne özel, gece y",tr,23589,1185,539,431,0.0,0.0,-9.92
Hâlâ eski modelde misin? Regarding the Aurora Pro X: günlük kullanımda bitmemiş hissi veriyor. gece yarısı fiyat artıyor 🔥 ⚡ #ŞartDeğilAma,tr,13069,820,373,298,0.0,0.0,13.56
Daha büyük bir hamle için beklemekten bıktın mı? Cascade Air Pump ürününü keşfet. vazgeçmeyi reddeden insanlar için tasarlandı. kampanya bu,tr,6721,148,67,54,0.0,0.0,-12.79
Regarding the TrailBlazer GT: beklediğimizden çok uzak. Hemen al,tr,8781,836,380,304,0.0,0.0,19.12
"Merhaba de: Galaxy S24 Ultra. harika görünmek ve daha akıllıca hareket etmek için tasarlandı. gece yarısı fiyat artıyor, stoklar tükeniyor %!",tr,5121,1003,456,365,1.0,0.0,3.04
Merhaba de: Aurora Pro X. vazgeçmeyi reddeden insanlar için tasarlandı. stoklar!,tr,12142,1022,465,372,0.1,0.0,8.95
"Neden daha azıyla yetinesin? VoltBuds 2 sunar. kusursuz, akıllı ve zahmetsiz bir!",tr,2252,103,47,37,1.0,0.0,2.95
VoltBuds 2 sunar. vazgeçmeyi reddeden insanlar için tasarlandı.,tr,27740,904,411,329,0.0,0.0,37.03
"Yeni VoltBuds 2 burada. en yoğun sabahlarına yetişecek şekilde üretildi. bu fiyata sınırlı stok, 48 saatlik fırsat, 48 saatlik fırsat %40 indirimle Hemen başla 🔥 #Teknoloji",tr,19846,6549,2977,2382,1.0,0.0,-13.14
"Luma Glass 4 ile tanış. kusursuz, akıllı ve zahmetsiz bir deneyim. kaçırma, stoklar tükeniyor, 48 saatlik fırsat Hemen al 🏆 ⚡ tek cihaz, sınırsız olasılık akıllı ve kusursuz bir tasarım",tr,30463,10053,4569,3656,1.0,0.0,19.59
"Yeni Nimbus 7 Runner burada. kusursuz, akıllı ve zahmetsiz bir deneyim. ilk gelenlere özel 1.499 TL altı Hemen incele vazgeçmeyi reddedenler için tasarlandı gerçek sabahlar için üretildi",tr,22062,4458,2026,1621,1.0,0.0,18.67
"Regarding the EchoFit Band: vadesi geç bir vaat. kaçırma, ilk gelenlere özel Hem!",tr,42156,2668,1213,970,-0.9,0.0,22.14
"Neden daha azıyla yetinesin? TrailBlazer GT ürününü keşfet. kusursuz, akıllı ve zahmetsiz bir deneyim.",tr,14801,924,420,336,1.0,0.0,0.85
"Regarding the Aurora Pro X: fiyatına göre içi boş. KAÇIRMA 3.999 TL ile başlıyor 🚀 akıllı ve kusursuz bir tasarım tek cihaz, sınırsız olasılık vazgeçmeyi reddedenler için tasarlandı",tr,20925,3428,1558,1246,1.0,0.0,7.48
Yeterince gördün mü? Regarding the TrailBlazer GT: beklediğimizden çok uzak. KAÇIRMA,tr,5124,296,135,108,0.0,0.0,8.43
Değişime hazır mısın? Regarding the Cascade Air Pump: fiyatına göre içi boş. HEMEN #Teknoloji #Sınırlı,tr,17296,3152,1433,1146,0.0,0.0,18.13
Regarding the Takt Mesh Chair: fiyatına göre içi boş. 48 saatlik fırsat sadece 4.999 TL Fırsatı kaçırmayın #Fırsat,tr,8022,2647,1203,963,1.0,0.0,-25.86
Luma Glass 4 ile tanış. harika görünmek ve daha akıllıca hareket etmek için tasa!,tr,4817,530,241,193,1.0,0.0,12.2
"Nimbus 7 Runner sunar. kusursuz, akıllı ve zahmetsiz bir deneyim. ⚡ #Teknoloji",tr,25144,1923,874,699,1.0,0.0,-4.41
Regarding the TrailBlazer GT: beklediğimizden çok uzak. sadece bugüne özel ⭐ #Fı,tr,24999,1981,900,720,0.0,0.0,36.65
Hâlâ eski modelde misin? Regarding the Nimbus 7 Runner: fiyatına göre içi boş. 1!,tr,4673,272,124,99,0.1,0.0,-6.74
"Ekipmanın sana yetişiyor mu? Merhaba de: Galaxy S24 Ultra. vazgeçmeyi reddeden insanlar için tasarlandı. sadece bugüne özel, kampanya bu gec",tr,4240,154,70,56,0.0,0.0,-17.47
"Ekipmanın sana yetişiyor mu? Regarding the Luma Glass 4: fiyatına göre içi boş. kaçırma, 48 saatlik fırsat 🏆 🚀 #Teknoloji #Stil",tr,3169,803,365,292,1.0,0.0,9.65
Hâlâ eski modelde misin? Aurora Pro X sunar. vazgeçmeyi reddeden insanlar için t,tr,17358,1757,799,639,0.0,0.0,2.86
Regarding the Luma Glass 4: günlük kullanımda bitmemiş hissi veriyor. sadece bugüne özel KAÇIRMA,tr,4190,304,138,110,0.0,0.0,-15.61
Yeterince gördün mü? Her gününü kolaylaştıran tek cihaz: en yoğun sabahlarına yetişecek şekilde üretildi. #İndirim,tr,39179,1505,684,547,0.0,0.0,-12.01
"Regarding the Aurora Pro X: fiyatına göre içi boş. sadece bugün, kampanya bu gece bitiyor sadece 4.999 TL Şimdi keşfet",tr,23127,3286,1493,1195,0.0,0.0,11.0
Regarding the Takt Mesh Chair: fiyatına göre içi boş. kaçırma %40 indirimle 🔥 🔥 #YeniÇıkan,tr,13931,1944,884,707,0.0,0.0,31.68
Regarding the Galaxy S24 Ultra: vadesi geç bir vaat. 48 saatlik fırsat SINIRLI 3.999 TL ile başlıyor #YeniÇıkan akıllı ve kusursuz bir tasarım vazgeçmeyi reddedenler için tasarlandı,tr,38775,5976,2716,2173,0.5,0.0,-35.18
"Daha büyük bir hamle için beklemekten bıktın mı? Her gününü kolaylaştıran tek cihaz: kusursuz, akıllı ve zahmetsiz bir deneyim. ilk gelenlere özel, ilk gelenlere özel, kampanya bu gece bitiyor SON ŞANS 3.999 TL ile başlıyor Bugün sipariş ve",tr,21420,1205,548,438,1.0,0.0,15.71
Merhaba de: Nimbus 7 Runner. en yoğun sabahlarına yetişecek şekilde üretildi. Hemen incele #ŞartDeğilAma,tr,11723,1418,644,516,0.0,0.0,15.21
"Takt Mesh Chair ürününü keşfet. kusursuz, akıllı ve zahmetsiz bir deneyim. sadece bugün 1.499 TL altı ⭐",tr,36940,5590,2541,2033,1.0,0.0,12.51
"Hâlâ eski modelde misin? Galaxy S24 Ultra ile tanış. en yoğun sabahlarına yetişecek şekilde üretildi. gece yarısı fiyat artıyor, stoklar tük!",tr,29437,2155,980,784,0.1,0.0,-11.76
"Hâlâ eski modelde misin? Regarding the Takt Mesh Chair: beklediğimizden çok uzak. kaçırma, stoklar tükeniyor, gece yarısı fiyat artıyor ⚡ #T",tr,8776,1007,458,366,0.0,0.0,10.99
VoltBuds 2 ürününü keşfet. en yoğun sabahlarına yetişecek şekilde üretildi. bu f!,tr,34491,1585,720,576,0.1,0.0,2.46
"Skyline S13 ile tanış. kusursuz, akıllı ve zahmetsiz bir deneyim. 48 saatlik fır!",tr,5009,592,269,215,1.0,0.0,50.49
Regarding the TrailBlazer GT: günlük kullanımda bitmemiş hissi veriyor. @TeknoGü,tr,22013,870,395,316,0.0,0.0,-19.43
"Merhaba de: Aurora Pro X. kusursuz, akıllı ve zahmetsiz bir deneyim. #Teknoloji",tr,8651,1022,465,372,1.0,0.0,8.83
"VoltBuds 2 sunar. her şeyi düşünülmüş bir tasarımla geldi. HEMEN Hemen satın al akıllı ve kusursuz bir tasarım tek cihaz, sınırsız olasılık gerçek sabahlar için üretildi",tr,27377,5227,2376,1901,1.0,0.0,-18.25
Galaxy S24 Ultra sunar. vazgeçmeyi reddeden insanlar için tasarlandı. ilk gelenl!,tr,23554,1418,645,516,0.1,0.0,-17.68
"Her gününü kolaylaştıran tek cihaz: en yoğun sabahlarına yetişecek şekilde üretildi. kampanya bu gece bitiyor, 48 saatlik fırsat Hemen al vazgeçmeyi reddedenler için tasarlandı",tr,7324,1265,575,460,1.0,0.0,27.75
"Regarding the VoltBuds 2: fiyatına göre içi boş. kampanya bu gece bitiyor, 48 sa",tr,21287,1602,728,583,0.0,0.0,21.48
"Cascade Air Pump sunar. kusursuz, akıllı ve zahmetsiz bir deneyim. 48 saatlik fı",tr,12588,1521,691,553,1.0,0.0,11.93
Her gününü kolaylaştıran tek cihaz: en yoğun sabahlarına yetişecek şekilde üreti!,tr,9288,428,195,156,0.1,0.0,18.01
Neden daha azıyla yetinesin? Yeni EchoFit Band burada. harika görünmek ve daha akıllıca hareket etmek için tasarlandı. %40 indirimle Fırsatı kaçırmayın #AkıllıYaşam,tr,15062,1208,549,439,1.0,0.0,23.19
"Neden daha azıyla yetinesin? Her gününü kolaylaştıran tek cihaz: kusursuz, akıll",tr,6111,235,107,85,1.0,0.0,-0.92
Yeterince gördün mü? Her gününü kolaylaştıran tek cihaz: her şeyi düşünülmüş bir,tr,8008,377,171,137,0.0,0.0,-27.17
Ekipmanın sana yetişiyor mu? Regarding the VoltBuds 2: vadesi geç bir vaat. HEMEN 💥 💥 #AkıllıYaşam,tr,2316,96,44,35,-1.0,0.0,-18.08
"Regarding the Nimbus 7 Runner: vadesi geç bir vaat. gece yarısı fiyat artıyor Hemen başla tek cihaz, sınırsız olasılık akıllı ve kusursuz bir tasarım tek cihaz, sınırsız olasılık",tr,7036,503,229,183,0.3333333333333333,0.0,28.44
"Yeni Luma Glass 4 burada. kusursuz, akıllı ve zahmetsiz bir deneyim. bu fiyata sınırlı stok KAÇIRMA ⚡ #İndirim",tr,15724,5189,2359,1887,1.0,0.0,25.76
Regarding the Nimbus 7 Runner: günlük kullanımda bitmemiş hissi veriyor. bu fiya,tr,56860,2838,1290,1032,0.0,0.0,-12.77
Regarding the Luma Glass 4: günlük kullanımda bitmemiş hissi veriyor. gerçek sabahlar için üretildi,tr,10889,382,173,139,0.0,0.0,-3.03
Aurora Pro X ürününü keşfet. en yoğun sabahlarına yetişecek şekilde üretildi. st,tr,19186,455,207,166,0.0,0.0,-1.42
Regarding the TrailBlazer GT: beklediğimizden çok uzak. sadece bugün,tr,420128,44135,20061,16049,0.0,0.0,-22.62
Değişime hazır mısın? Yeni Takt Mesh Chair burada. her şeyi düşünülmüş bir tasarımla geldi. bu fiyata sınırlı stok HEMEN Hemen başla ⭐ #Teknoloji #YeniÇıkan gerçek sabahlar için üretildi,tr,6613,1301,591,473,0.0,0.0,-19.98
Hâlâ eski modelde misin? Yeni Takt Mesh Chair burada. vazgeçmeyi reddeden insanlar için tasarlandı.,tr,7399,225,102,82,0.0,0.0,16.26
Her gününü kolaylaştıran tek cihaz: harika görünmek ve daha akıllıca hareket etmek için tasarlandı. kampanya bu gece bitiyor KAÇIRMA #YeniNe,tr,12242,1601,728,582,1.0,0.0,7.36
VoltBuds 2 sunar. en yoğun sabahlarına yetişecek şekilde üretildi. HEMEN Hemen b!,tr,64965,13603,6183,4947,0.1,0.0,11.87
Her gününü kolaylaştıran tek cihaz: her şeyi düşünülmüş bir tasarımla geldi. @TeknoGünlük 3.999 TL ile başlıyor,tr,9082,463,210,168,0.0,0.0,-13.06
"VoltBuds 2 ile tanış. kusursuz, akıllı ve zahmetsiz bir deneyim. KAÇIRMA Hemen satın al 🚀 🏆 #Sınırlı",tr,13193,4354,1979,1583,1.0,0.0,-23.97
Nimbus 7 Runner sunar. her şeyi düşünülmüş bir tasarımla geldi. sadece 4.999 TL gerçek sabahlar için üretildi,tr,8254,246,112,89,0.0,0.0,12.64
Değişime hazır mısın? Her gününü kolaylaştıran tek cihaz: vazgeçmeyi reddeden in!,tr,16746,1149,522,418,0.1,0.0,22.95
"Yeterince gördün mü? Her gününü kolaylaştıran tek cihaz: kusursuz, akıllı ve zahmetsiz bir deneyim. KAÇIRMA",tr,14101,1054,479,383,1.0,0.0,24.9
Regarding the TrailBlazer GT: günlük kullanımda bitmemiş hissi veriyor. ilk gelenlere özel sadece 4.999 TL Bugün sipariş ver 🔥 #LansmanGünü,tr,29189,2910,1323,1058,0.0,0.0,-10.29
"Daha büyük bir hamle için beklemekten bıktın mı? Regarding the Aurora Pro X: beklediğimizden çok uzak. ilk gelenlere özel, ilk gelenlere öze!",tr,9325,528,240,192,0.1,0.0,6.61
Her gününü kolaylaştıran tek cihaz: harika görünmek ve daha akıllıca hareket etmek için tasarlandı. Hemen incele #YeniÇıkan,tr,26199,6564,2984,2387,1.0,0.0,-2.74
Regarding the TrailBlazer GT: günlük kullanımda bitmemiş hissi veriyor. ilk gele,tr,20479,969,440,352,0.0,0.0,28.57
Regarding the Aurora Pro X: beklediğimizden çok uzak. HEMEN sadece 4.999 TL Hemen satın al 🔥,tr,2522,832,378,303,0.0,0.0,27.17
"Regarding the Takt Mesh Chair: vadesi geç bir vaat. 48 saatlik fırsat, stoklar t!",tr,19135,2116,962,769,0.1,0.0,-10.59
"Takt Mesh Chair sunar. kusursuz, akıllı ve zahmetsiz bir deneyim. 48 saatlik fır!",tr,8399,892,405,324,1.0,0.0,-9.72
"Yeni VoltBuds 2 burada. en yoğun sabahlarına yetişecek şekilde üretildi. @TeknoGünlük %40 indirimle Hemen başla #Stil vazgeçmeyi reddedenler için tasarlandı tek cihaz, sınırsız olasılık",tr,8697,288,131,105,0.0,0.0,14.16
"Merhaba de: Aurora Pro X. kusursuz, akıllı ve zahmetsiz bir deneyim. 48 saatlik!",tr,7941,1052,478,383,1.0,0.0,13.38
"Her gününü kolaylaştıran tek cihaz: harika görünmek ve daha akıllıca hareket etmek için tasarlandı. SINIRLI gerçek sabahlar için üretildi tek cihaz, sınırsız olasılık",tr,8320,730,332,265,1.0,0.0,-10.61
Cascade Air Pump ürününü keşfet. en yoğun sabahlarına yetişecek şekilde üretildi. SON ŞANS,tr,19716,1127,512,410,0.0,0.0,9.35
"Regarding the Skyline S13: vadesi geç bir vaat. 48 saatlik fırsat, kaçırma @TeknoGünlük sadece 4.999 TL #Sınırlı #Stil tek cihaz, sınırsız olasılık akıllı ve kusursuz bir tasarım",tr,6984,1078,490,392,0.5,0.0,22.55
Her gününü kolaylaştıran tek cihaz: her şeyi düşünülmüş bir tasarımla geldi. sadece 4.999 TL,tr,15404,728,331,265,0.0,0.0,-12.72
Luma Glass 4 sunar. vazgeçmeyi reddeden insanlar için tasarlandı. sadece bugün HEMEN Hemen incele #İndirim #Fırsat,tr,15833,5225,2375,1900,1.0,0.0,2.6
Yeni TrailBlazer GT burada. her şeyi düşünülmüş bir tasarımla geldi. gece yarısı!,tr,19433,1249,568,454,0.1,0.0,31.49
"Daha büyük bir hamle için beklemekten bıktın mı? Takt Mesh Chair ile tanış. her şeyi düşünülmüş bir tasarımla geldi. bu fiyata sınırlı stok,",tr,12390,555,252,202,0.0,0.0,18.03
Regarding the Luma Glass 4: günlük kullanımda bitmemiş hissi veriyor. SINIRLI %40 indirimle Hemen satın al #Teknoloji,tr,6808,1429,650,520,0.0,0.0,-32.21
Regarding the Cascade Air Pump: vadesi geç bir vaat. stoklar tükeniyor SON ŞANS sadece 4.999 TL Hemen incele #Stil,tr,11775,1970,896,717,-1.0,0.0,49.59
Her gününü kolaylaştıran tek cihaz: her şeyi düşünülmüş bir tasarımla geldi. stoklar tükeniyor Şimdi keşfet 🚀,tr,22709,5119,2327,1862,0.0,0.0,22.76
Regarding the Nimbus 7 Runner: günlük kullanımda bitmemiş hissi veriyor. stoklar,tr,23675,1112,506,404,0.0,0.0,34.67
"Daha büyük bir hamle için beklemekten bıktın mı? Yeni TrailBlazer GT burada. kusursuz, akıllı ve zahmetsiz bir deneyim. sadece bugün @TeknoG",tr,8680,390,177,142,1.0,0.0,10.12
Hâlâ eski modelde misin? Luma Glass 4 ile tanış. vazgeçmeyi reddeden insanlar iç,tr,11316,188,85,68,0.0,0.0,25.91
Regarding the Takt Mesh Chair: günlük kullanımda bitmemiş hissi veriyor. gece yarısı fiyat artıyor 3.999 TL ile başlıyor 💥 #Teknoloji,tr,6625,750,341,273,0.0,0.0,-21.12
"Merhaba de: Nimbus 7 Runner. her şeyi düşünülmüş bir tasarımla geldi. kampanya bu gece bitiyor, 48 saatlik fırsat, kaçırma SON ŞANS ⭐ ⚡ vazgeçmeyi reddedenler için tasarlandı",tr,25535,8427,3830,3064,1.0,0.0,-5.38
Daha büyük bir hamle için beklemekten bıktın mı? Merhaba de: EchoFit Band. en yoğun sabahlarına yetişecek şekilde üretildi. kaçırma @TeknoGü!,tr,25566,1119,509,407,0.1,0.0,-8.09
Merhaba de: Cascade Air Pump. en yoğun sabahlarına yetişecek şekilde üretildi. 3,tr,3794,236,107,86,0.0,0.0,8.31
"Merhaba de: Cascade Air Pump. en yoğun sabahlarına yetişecek şekilde üretildi. sadece bugüne özel, sadece bugüne özel @TeknoGünlük 🎯 💥",tr,15070,788,358,287,0.0,0.0,-2.71
Neden daha azıyla yetinesin? Merhaba de: Galaxy S24 Ultra. harika görünmek ve da!,tr,23378,1555,707,566,1.0,0.0,-13.43
Regarding the Luma Glass 4: günlük kullanımda bitmemiş hissi veriyor. bu fiyata!,tr,51799,5516,2507,2006,0.1,0.0,-4.3
"Yeni TrailBlazer GT burada. kusursuz, akıllı ve zahmetsiz bir deneyim. stoklar tükeniyor, bu fiyata sınırlı stok Şimdi keşfet 🔥 🎯 tek cihaz, sınırsız olasılık akıllı ve kusursuz bir tasarım",tr,4994,1648,749,599,1.0,0.0,-9.86
Regarding the VoltBuds 2: vadesi geç bir vaat. 💥 #Stil #YeniÇıkan gerçek sabahlar için üretildi,tr,16703,658,299,239,-1.0,0.0,-10.29
Daha büyük bir hamle için beklemekten bıktın mı? Merhaba de: Cascade Air Pump. harika görünmek ve daha akıllıca hareket etmek için tasarland!,tr,38847,2350,1068,855,1.0,0.0,11.53
TrailBlazer GT ürününü keşfet. her şeyi düşünülmüş bir tasarımla geldi. 48 saatl!,tr,26453,1266,575,460,0.1,0.0,-10.22
Neden daha azıyla yetinesin? Regarding the Luma Glass 4: günlük kullanımda bitme,tr,4233,119,54,43,0.0,0.0,44.65
Cascade Air Pump sunar. her şeyi düşünülmüş bir tasarımla geldi. 48 saatlik fırsat Hemen başla 🎯 ⚡ #Sınırlı,tr,4167,1375,625,500,1.0,0.0,-22.6
"Nimbus 7 Runner ürününü keşfet. vazgeçmeyi reddeden insanlar için tasarlandı. 48 saatlik fırsat, ilk gelenlere özel, 48 saatlik fırsat Hemen al vazgeçmeyi reddedenler için tasarlandı",tr,9627,3177,1444,1155,1.0,0.0,4.93
EchoFit Band ile tanış. en yoğun sabahlarına yetişecek şekilde üretildi. ilk gel!,tr,18309,1218,554,443,0.1,0.0,-2.73
"Regarding the VoltBuds 2: fiyatına göre içi boş. stoklar tükeniyor, 48 saatlik fırsat, kampanya bu gece bitiyor @TeknoGünlük 💥 #AkıllıYaşam #Sınırlı gerçek sabahlar için üretildi",tr,3474,1146,521,417,1.0,0.0,19.18
"Her gününü kolaylaştıran tek cihaz: kusursuz, akıllı ve zahmetsiz bir deneyim. 4",tr,43498,7859,3572,2858,1.0,0.0,-11.0
"Regarding the Takt Mesh Chair: fiyatına göre içi boş. kampanya bu gece bitiyor, ilk gelenlere özel, sadece bugüne özel @TeknoGünlük #Teknolo",tr,19671,655,298,238,0.0,0.0,-16.81
"TrailBlazer GT sunar. her şeyi düşünülmüş bir tasarımla geldi. stoklar tükeniyor, 48 saatlik fırsat, stoklar tükeniyor %40 indirimle gerçek sabahlar için üretildi",tr,11100,1927,876,701,1.0,0.0,12.25
Cascade Air Pump sunar. en yoğun sabahlarına yetişecek şekilde üretildi. kaçırma ŞİMDİ #LansmanGünü,tr,7225,1381,628,502,0.0,0.0,-44.84
Regarding the Aurora Pro X: vadesi geç bir vaat. bu fiyata sınırlı stok 3.999 TL,tr,11374,542,247,197,-1.0,0.0,0.33
Regarding the Galaxy S24 Ultra: beklediğimizden çok uzak. ilk gelenlere özel HEMEN #AkıllıYaşam #ŞartDeğilAma,tr,7539,724,329,263,0.0,0.0,-12.24
"Galaxy S24 Ultra ürününü keşfet. en yoğun sabahlarına yetişecek şekilde üretildi. stoklar tükeniyor, kampanya bu gece bitiyor ⭐ gerçek sabahlar için üretildi gerçek sabahlar için üretildi",tr,13934,1011,460,368,0.0,0.0,24.37
